NOMS HUMAINS,SECOND NOM,TROISIEME NOM,NOMS DRAGONS,COULEUR DRAGON,H/F/O,Id unique,Mort,Unnamed: 8,Unnamed: 9,Unnamed: 10,Unnamed: 11,Unnamed: 12,Unnamed: 13,Unnamed: 14,Unnamed: 15,book_1,book_2,book_3,book_4,book_5,book_6,book_7,book_8,book_9,book_10,book_11,book_12,book_13,book_14,book_15,total_occurrences
Thella,,,,,FEMME,1036.0,True,,,,,,,,,0,2,0,0,0,315,1,0,0,0,0,0,0,0,0,318
Varney,,,,,HOMME,914.0,True,,,F,269.0,F. mortes,23.0,% F. mortes,8.55018587360595,0,0,0,2,0,0,0,0,0,0,0,0,0,0,0,2
Vander,,,,,HOMME,913.0,True,,,H,671.0,H. morts,40.0,% H. morts,5.96125186289121,0,0,0,29,0,0,0,0,0,0,0,0,0,0,0,29
Trume,,,,,HOMME,898.0,True,,,,96.0,NA morts,0.0,% NA morts,0.0,0,0,0,2,0,0,0,0,0,0,0,0,0,0,0,2
Ted ,Tubberman,Tubbermann,,,HOMME,864.0,True,,,total,1036.0,,63.0,,14.5114377364972,112,0,5,0,0,0,0,0,0,0,0,0,0,0,3,120
Tarathel,,,,,HOMME,859.0,True,,,,,,,,,0,0,0,0,0,6,37,0,0,0,0,0,0,0,0,43
Talpan,,,,,HOMME,857.0,True,,,,,,,,,0,0,0,32,0,0,0,0,0,0,0,0,0,0,0,32
T’ron,,,,,HOMME,850.0,True,,,,,,,,,0,0,0,0,0,4,0,46,197,0,0,17,20,2,0,286
T’kul,,,Salth,bronze,HOMME,840.0,True,,,,,,,,,0,0,0,0,0,19,0,0,62,0,0,4,59,0,0,144
Stev,Kimmer,,,,HOMME,829.0,True,,,,,,,,,77,0,0,0,0,0,0,0,0,0,0,0,0,0,13,90
S’loner,,,Chendith,,HOMME,787.0,True,,,,,,,,,0,0,0,0,0,0,59,0,0,0,0,0,0,0,0,59
Runel,,,,,HOMME,779.0,True,,,,,,,,,0,0,0,19,1,0,0,0,0,0,0,0,0,0,0,20
Robinton,Rob,Robie,Zair,lézard bronze,HOMME,772.0,True,,,,,,,,,0,47,0,0,0,212,1756,54,206,34,155,101,457,472,33,3527
Petiron,,,,,HOMME,738.0,True,,,,,,,,,0,3,0,0,0,0,299,0,0,75,66,0,0,0,0,443
Norman,,,,,HOMME,701.0,True,,,,,,,,,0,0,0,27,1,0,0,0,0,0,0,0,0,0,0,28
Meron,,,,,HOMME,671.0,True,,,,,,,,,0,0,0,0,0,7,0,28,141,0,1,108,8,1,0,294
Matsen,,,,,HOMME,663.0,True,,,,,,,,,0,0,0,0,0,0,11,0,0,0,0,0,0,0,0,11
Marco,Galliani,,Duluth,brun,HOMME,660.0,True,,,,,,,,,28,0,0,0,0,0,0,0,0,0,0,0,0,0,0,28
Maidir,,,,,HOMME,653.0,True,,,,,,,,,0,0,0,0,0,0,46,0,0,0,0,0,0,0,0,46
M’odon,,,Nigarth,brun,HOMME,641.0,True,,,,,,,,,0,0,0,0,0,0,4,0,0,0,0,0,0,0,0,4
L’mal,,,Clinnith,bronze,HOMME,608.0,True,,,,,,,,,0,0,0,20,0,0,0,0,0,0,0,0,0,0,0,20
Kale,,,,,HOMME,589.0,True,,,,,,,,,0,0,0,0,0,4,25,0,0,0,0,0,0,0,0,29
K’dall,,,Teelarth,bleu,HOMME,580.0,True,,,,,,,,,0,0,0,1,0,0,0,0,0,0,0,0,0,0,0,1
Jim,Tillek,James,,,HOMME,573.0,True,,,,,,,,,108,78,13,21,5,7,60,7,28,1,3,2,8,35,13,389
Grogellan,,,,,HOMME,531.0,True,,,,,,,,,0,0,0,0,0,0,33,0,0,0,0,0,0,0,0,33
Gennell,,,,,HOMME,521.0,True,,,,,,,,,0,0,0,0,0,0,194,0,0,0,0,0,0,0,0,194
G’lanar,,,Lamoth,,HOMME,497.0,True,,,,,,,,,0,0,0,0,0,0,0,0,0,0,0,0,0,34,0,34
Fax,,,,,HOMME,468.0,True,,,,,,,,,11,3,0,0,0,28,252,251,4,0,0,1,6,4,3,563
Faroguy,,,,,HOMME,467.0,True,,,,,,,,,0,0,0,0,0,0,41,0,0,0,0,0,0,0,0,41
Farevene,,,,,HOMME,464.0,True,,,,,,,,,0,0,0,0,0,0,16,0,0,0,0,0,0,0,0,16
F’lon,Falloner,,Falarth,brun,HOMME,455.0,True,,,,,,,,,0,0,0,0,0,0,437,7,0,0,0,0,0,0,0,444
F’lon,,,Simanith,,HOMME,455.0,True,,,,,,,,,0,0,0,0,0,0,305,7,0,0,0,0,0,0,0,312
Esselin,,,,,HOMME,447.0,True,,,,,,,,,0,0,0,0,0,29,0,0,0,0,0,0,0,44,32,105
Ch’mon,,,Helith,bronze,HOMME,379.0,True,,,,,,,,,0,0,0,3,0,0,0,0,0,0,0,0,0,0,0,3
Caesar,Galliani,,,,HOMME,370.0,True,,,,,,,,,14,0,0,0,0,0,0,0,0,0,0,0,0,0,0,14
C’gan,,,Tagath,bleu,HOMME,363.0,True,,,,,,,,,0,0,0,0,0,0,50,17,2,0,0,0,0,0,0,69
Brare,,,,,HOMME,345.0,True,,,,,,,,,0,0,0,0,0,24,0,0,0,0,0,0,0,0,0,24
Berchar,Berch,,,,HOMME,322.0,True,,,,,,,,,0,0,0,40,0,0,0,0,0,0,0,0,0,0,0,40
Barly,,,,,HOMME,307.0,True,,,,,,,,,0,0,0,2,0,0,0,0,0,0,0,0,0,0,0,2
B’ner,,,Miginth,,HOMME,295.0,True,,,,,,,,,0,0,10,0,0,0,0,0,0,0,0,0,0,0,0,10
Armald,,,,,HOMME,283.0,True,,,,,,,,,0,0,0,0,0,25,0,0,0,0,0,0,0,0,0,25
Suriana,,,,,FEMME,243.0,True,,,,,,,,,0,0,0,4,29,0,0,0,0,0,0,0,0,0,0,33
Silma,,,,,FEMME,230.0,True,,,,,,,,,0,0,0,0,2,0,0,0,0,0,0,0,0,0,0,2
Sallah ,Telgar-Andiyar,,,,FEMME,217.0,True,,,,,,,,,294,0,0,0,0,1,0,0,0,0,0,0,0,22,0,317
Pendra,,,,,FEMME,201.0,True,,,,,,,,,0,0,0,16,5,0,0,0,0,0,0,0,0,0,0,21
Moreta,Moretta,,Orlith,reine,FEMME,179.0,True,,,,,,,,,0,0,0,1118,41,0,3,7,1,0,8,0,0,0,3,1181
Milla,,,,,FEMME,175.0,True,,,,,,,,,0,0,2,0,0,0,1,0,0,0,0,0,0,0,0,3
Merin,,,,,FEMME,172.0,True,,,,,,,,,0,0,0,0,2,0,0,0,0,0,0,0,0,0,0,2
Merelan,,,,,FEMME,170.0,True,,,,,,,,,0,0,0,0,0,0,337,0,0,0,2,0,0,0,0,339
Mercia,,,,,FEMME,169.0,True,,,,,,,,,0,0,0,0,1,0,0,0,0,0,0,0,0,0,0,1
Lucy,Tubberman,,,,FEMME,151.0,True,,,,,,,,,88,0,4,0,0,0,0,0,0,0,0,0,0,0,3,95
Larna,Lama,,,,FEMME,134.0,True,,,,,,,,,0,0,0,0,0,0,14,0,0,0,0,0,0,0,0,14
Kista,,,,,FEMME,124.0,True,,,,,,,,,0,0,0,0,2,0,0,0,0,0,0,0,0,0,0,2
Kasia,,,,,FEMME,119.0,True,,,,,,,,,0,0,0,0,0,0,198,0,0,0,0,0,0,0,0,198
Jora,,,Nemorth,reine,FEMME,111.0,True,,,,,,,,,0,0,0,0,0,0,33,24,0,0,0,0,0,0,0,57
Gledia,,,,,FEMME,93.0,True,,,,,,,,,0,0,0,0,0,4,0,0,0,0,0,0,0,0,0,4
Gemma,,,,,FEMME,90.0,True,,,,,,,,,0,0,0,0,0,1,15,56,2,0,0,0,2,0,0,76
Fanna,,,Mirath,reine,FEMME,79.0,True,,,,,,,,,0,0,0,0,0,1,0,0,5,0,0,0,8,0,0,14
Dowell,,,,,FEMME,64.0,True,,,,,,,,,0,0,0,0,0,53,0,0,0,0,0,0,0,2,0,55
Catherine,Radelin,Doyle,,dorée,FEMME,44.0,True,,,,,,,,,21,1,0,0,0,0,0,0,0,0,0,0,0,13,10,45
Carola,,,Feyrith,reine,FEMME,43.0,True,,,,,,,,,0,0,0,0,0,0,19,0,0,0,0,0,0,0,0,19
Betrice,,,,,FEMME,31.0,True,,,,,,,,,0,0,0,0,0,0,73,0,0,0,0,0,0,0,0,73
Adessa,,,,,FEMME,4.0,True,,,,,,,,,0,0,0,0,0,0,4,0,0,0,0,0,0,0,0,4
Kenjo,Fusaiyuki,,,,Cyborg,1.0,True,,,,,,,,,175,0,0,0,0,0,0,0,0,0,0,0,0,2,11,188
Dorai,,,,,HOMME,1037.0,,,,,,,,,,0,0,0,0,0,0,0,0,0,0,0,0,0,0,0,0
Z’gal,,,Tracath,bleu,,1035.0,,,,,,,,,,0,0,6,0,0,0,0,0,0,0,0,0,0,0,0,6
Yvonne,Yves,,,,,1034.0,,,,,,,,,,4,0,0,0,0,0,0,0,0,0,0,0,0,0,0,4
Winnia,,,,,,1033.0,,,,,,,,,,0,0,0,1,0,0,0,0,0,0,0,0,0,0,0,1
W’ven,,,Balgeth,vert,,1032.0,,,,,,,,,,0,0,0,0,0,0,0,0,0,0,0,0,0,0,0,0
W’ter,,,Taventh,bronze,,1031.0,,,,,,,,,,0,0,0,1,0,0,0,0,0,0,0,0,0,0,0,1
Usuai,,,,,,1030.0,,,,,,,,,,1,0,0,0,0,0,0,0,0,0,0,0,0,0,0,1
Twenone,,,,,,1029.0,,,,,,,,,,0,0,0,0,0,0,1,0,0,0,0,0,0,0,0,1
Tuck,,,,,,1028.0,,,,,,,,,,0,0,0,0,0,0,0,0,0,0,0,0,0,0,1,1
Tracey,Train,,,,,1027.0,,,,,,,,,,21,12,25,19,10,27,13,21,32,6,9,13,16,16,13,253
Tomol,,,,,,1026.0,,,,,,,,,,0,1,0,0,0,0,0,0,0,0,0,0,0,0,0,1
Tomlinson,,,,,,1025.0,,,,,,,,,,0,0,3,0,0,0,0,0,0,0,0,0,0,0,0,3
Tilsit,,,,,,1024.0,,,,,,,,,,0,0,0,0,0,0,0,0,0,1,0,0,0,0,0,1
Tashkovich,,,,,,1023.0,,,,,,,,,,1,0,0,0,0,0,0,0,0,0,0,0,0,0,0,1
T’ran,,,Redreth,bronze,,1022.0,,,,,,,,,,0,0,0,0,0,0,0,0,0,0,0,0,1,0,0,1
T’ledon,,,Serith,bleu,,1021.0,,,,,,,,,,0,0,0,0,0,0,0,0,0,0,1,0,0,0,0,1
T’gor,,,Relth,bleu,,1020.0,,,,,,,,,,0,0,0,0,0,0,0,0,2,0,0,0,0,0,0,2
T’bot,,,,,,1019.0,,,,,,,,,,0,0,0,0,0,1,0,0,0,0,0,0,0,0,0,1
Silon,,,,,,1018.0,,,,,,,,,,0,0,0,0,0,0,0,0,1,0,0,0,0,0,0,1
Sigomel,,,,,,1017.0,,,,,,,,,,0,0,0,0,0,0,0,0,0,0,0,0,1,0,0,1
Shih,Lao,,Firth,bronze,,1016.0,,,,,,,,,,3,0,2,0,0,0,0,0,0,0,0,0,0,0,0,5
Shanna,,,,,,1015.0,,,,,,,,,,0,0,4,0,0,0,0,0,0,0,0,0,0,0,0,4
Severeid,,,,,,1014.0,,,,,,,,,,0,0,0,0,0,0,1,0,0,0,0,0,0,0,0,1
S’gar,,,,,,1013.0,,,,,,,,,,0,0,0,0,0,0,0,0,0,0,0,0,0,1,0,1
S’dra,,,,,,1012.0,,,,,,,,,,0,0,0,0,0,0,0,0,0,0,0,0,0,0,2,2
Randy,,,,,,1011.0,,,,,,,,,,0,0,0,0,0,0,0,0,0,0,1,0,0,0,0,1
R’nor,,,Virianth,brun,,1010.0,,,,,,,,,,0,0,0,0,0,0,0,0,1,0,0,0,0,0,0,1
R’miel,R’mel,,Sorenth,,,1009.0,,,,,,,,,,0,0,0,0,0,0,0,0,1,0,0,0,0,0,0,1
R’len,,,Ponteth,bronze,,1008.0,,,,,,,,,,0,0,0,0,0,0,0,0,0,0,0,0,0,0,0,0
Peth,,,,,,1007.0,,,,,,,,,,0,0,0,0,2,0,0,0,0,0,0,0,0,0,0,2
P’leen,,,Aaith,bronze,,1006.0,,,,,,,,,,0,0,0,3,0,0,0,0,0,0,0,0,0,0,0,3
Naylor,,,,,,1005.0,,,,,,,,,,0,0,0,0,0,0,1,0,0,0,0,0,0,0,0,1
N’bil,,,,,,1004.0,,,,,,,,,,0,0,0,0,0,0,0,0,0,0,0,0,0,0,2,2
Murolin,,,,,,1003.0,,,,,,,,,,0,0,0,0,0,0,0,0,0,0,0,0,0,0,1,1
Miskin,,,,,,1002.0,,,,,,,,,,0,0,0,0,0,0,0,0,0,0,0,0,0,4,0,4
Mibbut,,,,,,1001.0,,,,,,,,,,0,0,0,1,0,0,0,0,0,0,0,0,0,0,0,1
Marshal,,,,,,1000.0,,,,,,,,,,0,0,0,0,0,0,0,0,0,0,1,0,0,0,0,1
Marchane,,,,,,999.0,,,,,,,,,,0,0,2,0,0,0,0,0,0,0,0,0,0,0,0,2
Mairian,,,,,,998.0,,,,,,,,,,0,0,1,0,0,0,0,0,0,0,0,0,0,0,0,1
M’ling,,,,,,997.0,,,,,,,,,,0,0,0,0,0,0,0,0,0,0,0,0,0,0,1,1
M’hall,,,,,,996.0,,,,,,,,,,0,0,1,0,0,0,0,0,0,0,0,0,0,0,0,1
M’dani,,,,,,995.0,,,,,,,,,,0,0,1,0,0,0,0,0,0,0,0,0,0,0,0,1
Lesselam,,,,,,994.0,,,,,,,,,,0,1,0,0,0,0,0,0,0,0,0,0,0,0,0,1
Lechi,,,,,,993.0,,,,,,,,,,0,0,0,0,0,0,0,0,0,0,0,0,0,0,2,2
Layrence,,,,,,992.0,,,,,,,,,,0,0,1,0,0,0,0,0,0,0,0,0,0,0,0,1
L’zal,,,,vert,,991.0,,,,,,,,,,0,0,0,0,0,0,0,0,0,0,0,0,0,1,0,1
L’vin,,,Jith,bronze,,990.0,,,,,,,,,,0,0,0,1,0,0,0,0,0,0,0,0,0,0,0,1
Kurt,,,,,,989.0,,,,,,,,,,2,0,0,0,0,0,0,0,0,0,0,0,0,0,0,2
Kung,,,,,,988.0,,,,,,,,,,1,0,0,0,0,0,0,0,0,0,0,0,0,0,0,1
Ker,,,,,,987.0,,,,,,,,,,0,0,0,0,0,0,0,0,0,0,0,0,0,4,0,4
Kayla,,,,,,986.0,,,,,,,,,,0,0,0,0,0,0,0,0,0,0,1,0,0,0,0,1
K’dor,,,,,,985.0,,,,,,,,,,0,0,0,0,0,0,0,0,1,0,0,0,0,0,0,1
Jonno,,,,,,984.0,,,,,,,,,,0,0,0,0,0,0,1,0,0,0,0,0,0,0,0,1
Johnny ,Greene,,,,,983.0,,,,,,,,,,1,0,0,0,0,0,0,0,0,0,0,0,0,0,0,1
Joe,Millan,,,,,982.0,,,,,,,,,,1,0,0,0,0,0,0,0,0,0,0,0,0,0,0,1
Jessuan,,,,,,981.0,,,,,,,,,,0,0,0,0,0,0,0,0,0,0,1,0,0,0,0,1
Jess,,,,,,980.0,,,,,,,,,,1,0,0,0,4,0,0,0,0,0,0,0,0,0,0,5
J’lono,,,,,,979.0,,,,,,,,,,0,0,0,0,0,0,0,0,0,0,0,0,0,1,0,1
Irtine,,,,,,978.0,,,,,,,,,,0,0,0,0,0,1,0,0,0,0,0,0,0,0,0,1
Heinrich,,,,,,977.0,,,,,,,,,,1,0,0,0,0,0,0,0,0,0,0,0,0,0,0,1
Hedelman,,,,,,976.0,,,,,,,,,,0,0,0,0,0,1,0,0,0,0,0,0,0,0,0,1
H’redan,,,,,,975.0,,,,,,,,,,0,0,0,0,0,0,0,0,0,0,0,0,0,0,1,1
H’grave,,,Hallath,vert,,974.0,,,,,,,,,,0,0,0,1,0,0,0,0,0,0,0,0,0,0,0,1
H’ages,,,Kerth,bronze,,973.0,,,,,,,,,,0,0,0,0,0,0,0,0,2,0,0,0,0,0,0,2
Greg,Keating,,,,,972.0,,,,,,,,,,1,0,0,0,0,0,0,0,0,0,0,0,0,0,0,1
Grasella,,,,,,971.0,,,,,,,,,,0,0,2,0,0,0,0,0,0,0,0,0,0,0,0,2
Gorta,,,,,,970.0,,,,,,,,,,0,0,0,3,0,0,0,0,0,0,0,0,0,0,0,3
Glay,,,,,,969.0,,,,,,,,,,0,0,0,0,0,1,0,0,0,0,0,0,0,0,0,1
Glammie,,,,,,968.0,,,,,,,,,,0,0,0,0,0,1,0,0,0,0,0,0,0,0,0,1
Galter,,,,,,967.0,,,,,,,,,,0,0,0,0,0,0,0,0,0,0,0,0,0,0,1,1
Galnich,Galnish,,,,,966.0,,,,,,,,,,0,0,0,1,0,0,0,0,0,0,0,0,0,0,0,1
Gallen,,,,,,965.0,,,,,,,,,,0,0,0,0,4,0,0,0,0,0,0,0,0,0,0,4
G’rannat,,,,vert,,964.0,,,,,,,,,,0,0,0,0,0,0,0,0,0,0,0,0,0,2,0,2
G’bear,,,,,,963.0,,,,,,,,,,0,0,0,0,0,0,0,0,0,0,0,0,0,0,4,4
Forris,,,,,,962.0,,,,,,,,,,0,0,0,0,0,1,0,0,0,0,0,0,0,0,0,1
Farelly,,,,,,961.0,,,,,,,,,,0,0,0,1,0,0,0,0,0,0,0,0,0,0,0,1
Fabry,,,,,,960.0,,,,,,,,,,0,8,0,0,0,0,0,0,0,0,0,0,0,0,0,8
Effram,,,,,,959.0,,,,,,,,,,2,0,0,0,0,0,0,0,0,0,0,0,0,0,0,2
Durak,,,,,,958.0,,,,,,,,,,0,0,0,0,0,0,0,0,0,0,0,0,0,1,0,1
Dunegrine,,,,,,957.0,,,,,,,,,,0,0,0,0,1,0,0,0,0,0,0,0,0,0,0,1
Decker,,,,,,956.0,,,,,,,,,,0,0,0,0,0,0,0,0,0,0,0,0,0,2,0,2
Christee,,,,,,955.0,,,,,,,,,,0,0,1,0,0,0,0,0,0,0,0,0,0,0,0,1
Chris,MacArdle,Cooney,,,,954.0,,,,,,,,,,2,0,0,0,0,0,0,0,0,0,0,0,0,0,0,2
C’reel ,,,Galuth,brun,,953.0,,,,,,,,,,0,0,0,0,0,0,0,0,0,0,0,0,0,0,30,30
Brindel,,,,,,952.0,,,,,,,,,,0,0,0,0,0,1,0,0,0,0,0,0,0,0,0,1
Birto,,,,bronze,,951.0,,,,,,,,,,0,0,0,0,0,0,0,0,2,0,0,0,0,0,0,2
Betsy,,,,,,950.0,,,,,,,,,,1,0,0,0,0,0,0,0,0,0,0,0,0,0,0,1
Ben,,,,,,949.0,,,,,,,,,,4,1,1,0,0,0,0,0,0,0,1,0,0,0,0,7
Bandarek,,,,,,948.0,,,,,,,,,,0,0,0,0,0,0,0,0,0,0,0,0,0,1,0,1
B’refli,,,Joruth,brun,,947.0,,,,,,,,,,0,0,0,0,0,0,1,0,0,0,0,0,0,0,0,1
B’greal,,,,,,946.0,,,,,,,,,,0,0,0,3,0,0,0,0,0,0,0,0,0,0,0,3
B’fol,,,Gereth,vert,,945.0,,,,,,,,,,0,0,0,0,0,0,0,2,0,0,0,0,0,0,0,2
Anta,,,,,,944.0,,,,,,,,,,0,0,0,0,0,0,3,0,0,0,0,0,0,0,0,3
Ander,,,,,,943.0,,,,,,,,,,0,0,0,0,0,1,0,0,0,0,0,0,0,0,0,1
Albuna,,,,,,942.0,,,,,,,,,,0,0,0,0,0,0,0,0,0,0,0,1,0,0,0,1
Aisling,Hempenstahl,,,,,941.0,,,,,,,,,,2,0,0,0,0,0,0,0,0,0,0,0,0,0,0,2
A. C.,Sopers,,,,,940.0,,,,,,,,,,1,0,0,0,0,0,0,0,0,0,0,0,0,0,0,1
Zurg,,,,,HOMME,939.0,,,,,,,,,,0,0,0,0,0,0,0,9,9,0,0,0,0,9,1,28
Zi,Ongola,,,,HOMME,938.0,,,,,,,,,,201,0,0,0,0,0,0,0,0,0,0,0,0,0,0,201
Zewe,,,,,HOMME,937.0,,,,,,,,,,0,0,0,0,0,0,0,0,0,0,0,0,0,0,3,3
Z’ran,,,,,HOMME,936.0,,,,,,,,,,0,0,2,0,0,0,0,0,0,0,0,0,0,0,0,2
Yorag,,,,,HOMME,935.0,,,,,,,,,,0,0,0,0,0,0,1,0,0,0,0,0,0,0,0,1
Yanus,,,,,HOMME,934.0,,,,,,,,,,0,7,0,0,0,0,0,0,0,107,11,0,0,0,0,125
Xi,Chi,Yuen,,,HOMME,933.0,,,,,,,,,,6,0,0,0,0,0,0,0,0,0,0,0,0,0,0,6
Wyzall,,,,,HOMME,932.0,,,,,,,,,,0,0,0,0,0,0,0,0,0,0,0,0,0,0,10,10
Wonegal,,,,,HOMME,931.0,,,,,,,,,,0,0,0,0,0,0,1,0,0,0,0,0,0,0,0,1
Washell,Wachell,Wash,,,HOMME,930.0,,,,,,,,,,0,0,0,0,0,0,55,0,0,0,0,0,0,0,0,55
Warlow,,,,,HOMME,929.0,,,,,,,,,,0,0,0,0,0,0,0,0,0,0,0,0,0,0,3,3
Warbret,,,,,HOMME,928.0,,,,,,,,,,0,1,0,0,0,0,0,0,4,0,0,0,11,24,1,41
Wansôr,,,,,HOMME,927.0,,,,,,,,,,0,0,0,0,0,0,0,0,0,0,1,0,0,0,0,1
Wansor,,,,,HOMME,926.0,,,,,,,,,,0,1,0,0,0,12,0,0,56,0,1,0,67,16,82,235
Wanson,,,,,HOMME,925.0,,,,,,,,,,0,0,0,0,0,1,0,0,2,0,0,0,1,0,0,4
Waine,,,,,HOMME,924.0,,,,,,,,,,0,0,10,0,0,0,0,0,0,0,0,0,0,0,0,10
Wade,Lorenzo,,,,HOMME,923.0,,,,,,,,,,7,0,0,0,0,0,0,0,0,0,0,0,0,0,0,7
Vormital,,,,,HOMME,922.0,,,,,,,,,,0,0,0,0,0,0,0,0,0,0,0,0,0,0,4,4
Viredian,,,,,HOMME,921.0,,,,,,,,,,0,0,0,0,0,0,0,0,0,0,1,0,0,0,0,1
Vincet,,,,,HOMME,920.0,,,,,,,,,,0,0,0,0,0,14,0,11,5,0,0,0,0,0,0,30
Vieil Oncle,,,,,HOMME,919.0,,,,,,,,,,0,0,0,0,0,0,0,0,0,23,2,0,0,0,0,25
Viderian,,,,,HOMME,918.0,,,,,,,,,,0,0,0,0,0,0,0,0,0,0,7,0,0,0,0,7
Vergerin,,,,,HOMME,917.0,,,,,,,,,,0,0,91,0,0,0,0,0,0,0,0,0,0,0,0,91
Vendross,,,,,HOMME,916.0,,,,,,,,,,0,0,0,0,0,0,10,0,0,0,0,0,0,0,0,10
Venabil,,,,,HOMME,915.0,,,,,,,,,,0,0,0,0,0,0,0,0,0,0,0,0,0,0,13,13
Vandentine,,,,,HOMME,912.0,,,,,,,,,,0,0,0,0,0,0,0,0,0,0,0,0,0,2,0,2
Valrol,,,,,HOMME,911.0,,,,,,,,,,0,0,0,0,0,0,5,0,0,0,0,0,0,0,0,5
Valden,,,,,HOMME,910.0,,,,,,,,,,0,0,0,0,0,0,2,0,0,0,0,0,0,0,0,2
V’mul,,,Tellath,brun,HOMME,909.0,,,,,,,,,,0,0,0,1,0,0,0,0,0,0,0,0,0,0,0,1
V’line,,,Clarinath,bronze,HOMME,908.0,,,,,,,,,,0,3,0,0,0,18,0,0,0,0,0,0,0,2,0,23
V’last,,,Collith,,HOMME,907.0,,,,,,,,,,0,0,5,0,0,0,0,0,0,0,0,0,0,0,0,5
Uvor,,,,,HOMME,906.0,,,,,,,,,,0,0,0,0,0,6,0,0,0,0,0,0,0,0,0,6
Ussie,,,,,HOMME,905.0,,,,,,,,,,0,0,14,0,0,0,0,0,0,0,0,0,0,0,0,14
Tuvor,,,,,HOMME,904.0,,,,,,,,,,0,0,0,0,0,0,0,0,0,0,0,0,0,0,1,1
Turvine,Turving,,,,HOMME,903.0,,,,,,,,,,0,0,0,3,0,0,0,0,0,0,0,0,0,0,0,3
Turlon,,,,,HOMME,902.0,,,,,,,,,,0,0,0,0,0,0,0,0,0,1,0,0,0,0,0,1
Tunge,,,,,HOMME,901.0,,,,,,,,,,0,0,0,0,0,0,0,0,0,0,0,0,0,0,11,11
Tuero,,,,,HOMME,900.0,,,,,,,,,,0,0,0,82,44,0,0,0,0,0,0,0,0,0,0,126
Tuero,,,,,HOMME,899.0,,,,,,,,,,0,0,0,82,44,0,0,0,0,0,0,0,0,0,0,126
Trelbin,,,,,HOMME,897.0,,,,,,,,,,0,0,0,0,1,0,0,0,0,0,0,0,0,0,0,1
Tranilty,,,,,HOMME,896.0,,,,,,,,,,0,0,0,0,0,0,0,0,0,1,0,0,0,0,0,1
Traller,,,,,HOMME,895.0,,,,,,,,,,0,0,0,0,0,0,7,0,0,0,0,0,0,0,0,7
Tragger,,,,,HOMME,894.0,,,,,,,,,,0,0,0,0,0,5,0,0,0,0,0,0,0,0,0,5
Tosikin,,,,,HOMME,893.0,,,,,,,,,,0,0,0,0,0,0,0,0,0,0,0,0,0,2,0,2
Tortole,,,,,HOMME,892.0,,,,,,,,,,0,0,0,0,0,0,18,0,0,0,0,0,0,0,0,18
Torsten,,,,,HOMME,891.0,,,,,,,,,,0,0,0,0,0,2,0,0,0,0,0,0,0,0,0,2
Toronas,,,,,HOMME,890.0,,,,,,,,,,0,2,0,0,0,0,0,0,0,0,0,0,0,14,10,26
Torlo,,,,,HOMME,889.0,,,,,,,,,,0,0,0,0,0,0,0,0,0,0,0,0,0,0,47,47
Torlin,,,,,HOMME,888.0,,,,,,,,,,0,0,0,0,0,0,2,0,0,0,0,0,0,0,0,2
Torjus,,,,,HOMME,887.0,,,,,,,,,,0,0,0,0,0,0,0,0,0,0,0,0,0,0,2,2
Toric,,,,reine,HOMME,886.0,,,,,,,,,,0,103,0,0,0,452,0,0,7,0,0,92,165,78,161,1058
Toric,,,,bronze,HOMME,886.0,,,,,,,,,,0,103,0,0,0,452,0,0,7,0,0,92,165,78,161,1058
Toric,,,,bronze,HOMME,886.0,,,,,,,,,,0,103,0,0,0,452,0,0,7,0,0,92,165,78,161,1058
Tordril,,,,,HOMME,885.0,,,,,,,,,,0,0,0,0,0,0,0,0,0,0,0,0,10,0,0,10
Tom,Patrick,,,,HOMME,884.0,,,,,,,,,,6,1,0,0,0,0,0,0,0,0,0,0,0,0,1,8
Tolocamp,,,,,HOMME,883.0,,,,,,,,,,0,0,0,124,46,0,0,0,0,0,0,0,0,0,0,170
Tirone,,,,,HOMME,882.0,,,,,,,,,,0,0,0,112,28,0,0,0,0,0,0,0,0,0,0,140
Tippel,,,,,HOMME,881.0,,,,,,,,,,0,0,0,0,0,0,0,0,0,0,0,0,0,0,3,3
Tino,,,,,HOMME,880.0,,,,,,,,,,0,0,0,0,0,10,0,0,0,0,0,0,0,0,0,10
Tinamon,,,,,HOMME,879.0,,,,,,,,,,0,0,0,0,0,0,2,0,0,0,0,0,0,0,0,2
Timiny,Tim,,,,HOMME,878.0,,,,,,,,,,0,0,0,0,0,0,0,0,0,0,13,13,0,0,0,26
Timareen,,,,,HOMME,877.0,,,,,,,,,,0,0,0,0,0,0,0,0,0,0,1,0,0,0,0,1
Tilgin,,,,,HOMME,876.0,,,,,,,,,,0,0,0,0,0,0,0,0,0,0,0,18,0,0,0,18
Tilarek,,,,,HOMME,875.0,,,,,,,,,,0,0,0,0,0,0,0,8,0,0,0,0,0,0,0,8
Tikini,,,,,HOMME,874.0,,,,,,,,,,0,2,0,0,0,0,0,0,0,0,0,0,0,0,0,2
Thomas,,,,,HOMME,873.0,,,,,,,,,,0,0,6,0,0,0,0,0,0,0,0,0,0,0,0,6
Theskin,,,,,HOMME,872.0,,,,,,,,,,0,0,0,0,14,0,0,0,0,0,0,0,0,0,0,14
Théo,Force,,,,HOMME,871.0,,,,,,,,,,19,16,31,24,6,29,29,42,20,15,11,24,26,27,28,347
Theng,,,,,HOMME,870.0,,,,,,,,,,0,0,0,7,12,0,0,0,0,0,0,0,0,0,0,19
Texur,,,,,HOMME,869.0,,,,,,,,,,0,1,0,0,0,0,0,0,0,0,0,0,0,0,0,1
Tesner,,,,,HOMME,868.0,,,,,,,,,,0,0,0,0,0,0,2,0,0,0,0,0,0,0,0,2
Terry,,,,,HOMME,867.0,,,,,,,,,,0,1,0,0,0,1,0,0,72,0,0,0,0,20,0,94
Terentel,,,,,HOMME,866.0,,,,,,,,,,0,0,0,0,0,0,0,0,0,0,0,0,0,20,0,20
Tegger,,,,,HOMME,865.0,,,,,,,,,,0,0,0,0,0,0,0,0,0,0,0,0,4,0,0,4
Tawkin,,,,,HOMME,863.0,,,,,,,,,,0,0,0,0,0,2,0,0,0,0,0,0,0,0,0,2
Tashvi,,,,,HOMME,862.0,,,,,,,,,,0,0,42,0,0,0,0,0,0,0,0,0,0,0,0,42
Tarvi,Andiyar,Andivar,,,HOMME,861.0,,,,,,,,,,80,0,1,0,0,1,0,0,0,0,0,0,0,5,0,87
Targus,,,,,HOMME,860.0,,,,,,,,,,0,0,0,0,0,0,18,0,0,0,0,0,0,0,0,18
Tanus,,,,,HOMME,858.0,,,,,,,,,,0,0,0,0,0,0,0,0,0,1,0,0,0,0,0,1
Talmor,,,,,HOMME,856.0,,,,,,,,,,0,13,0,0,0,0,0,0,6,0,59,2,0,0,0,80
Tagetarl,Tag,,,,HOMME,855.0,,,,,,,,,,0,1,0,0,0,0,0,0,6,0,0,1,0,17,200,225
T’ton,,,Fidranth,bronze,HOMME,854.0,,,,,,,,,,0,0,0,0,0,2,0,0,0,0,0,0,0,0,0,2
T’tel,T’lel,,Branuth,brun,HOMME,853.0,,,,,,,,,,0,0,8,0,0,0,0,0,0,0,0,0,0,0,0,8
T'sum,,,Munth,,HOMME,852.0,,,,,,,,,,0,0,0,0,0,0,0,0,0,0,0,0,0,0,0,0
T’sen,,,,,HOMME,851.0,,,,,,,,,,0,0,4,0,0,0,0,0,0,0,0,0,0,0,0,4
T’red,,,,,HOMME,849.0,,,,,,,,,,0,0,3,0,0,0,0,0,0,0,0,0,0,0,0,3
T’reb,,,Beth,vert,HOMME,848.0,,,,,,,,,,0,0,0,0,0,0,0,0,34,0,0,0,0,0,0,34
T’ral,,,Maneth,brun,HOMME,847.0,,,,,,,,,,0,0,0,7,0,0,0,0,0,0,0,0,0,0,0,7
T’ragel,,,Keranth,bleu,HOMME,846.0,,,,,,,,,,0,0,0,2,0,0,0,0,0,0,0,0,0,0,0,2
T’nure,,,Tapeth,vert,HOMME,845.0,,,,,,,,,,0,0,0,2,0,0,0,0,0,0,0,0,0,0,0,2
T’lonneg,,,Jalerth,bronze,HOMME,844.0,,,,,,,,,,0,0,0,2,0,0,0,0,0,0,0,0,0,0,0,2
T’lion,Gaddie,,Gadareth,bronze,HOMME,843.0,,,,,,,,,,0,476,0,0,0,0,0,0,0,0,0,0,0,0,20,496
T’lan,,,,brun,HOMME,842.0,,,,,,,,,,0,0,4,0,0,0,0,0,0,0,0,0,0,0,0,4
T’kull,,,,,HOMME,841.0,,,,,,,,,,0,0,0,0,0,0,0,0,0,0,0,0,1,0,0,1
T’kil,,,,,HOMME,839.0,,,,,,,,,,0,0,0,0,0,0,0,2,0,0,0,0,0,0,0,2
T’grel,,,Raylinth,bronze,HOMME,838.0,,,,,,,,,,0,0,0,11,0,0,0,0,0,0,0,0,0,0,0,11
T’gran,,,Branth,brun,HOMME,837.0,,,,,,,,,,0,0,0,0,0,0,0,0,0,10,0,0,0,0,0,10
T’gellan,,,Monarth,bronze,HOMME,836.0,,,,,,,,,,0,64,0,0,0,21,0,0,0,104,41,2,4,26,60,322
T’dam,,,,,HOMME,835.0,,,,,,,,,,0,0,34,0,0,0,0,0,0,0,0,0,0,0,0,34
Sufur,,,,,HOMME,834.0,,,,,,,,,,0,0,0,4,0,0,0,0,0,0,0,0,0,0,0,4
Sucho,,,,,HOMME,833.0,,,,,,,,,,0,0,0,0,0,0,18,0,0,0,0,0,0,0,0,18
Strud,,,,,HOMME,832.0,,,,,,,,,,0,0,0,0,0,0,0,0,0,0,1,3,0,0,0,4
Struan,,,,,HOMME,831.0,,,,,,,,,,0,0,0,0,0,0,1,0,0,0,0,0,0,0,0,1
Stinar,,,,,HOMME,830.0,,,,,,,,,,0,0,0,0,0,0,0,0,0,0,0,0,0,0,30,30
St’ven,,,Mealth,brun,HOMME,828.0,,,,,,,,,,0,0,0,0,0,0,0,0,0,0,0,0,0,0,20,20
Sparling,,,,,HOMME,827.0,,,,,,,,,,0,0,0,0,0,0,0,0,0,0,0,0,0,0,3,3
Sousmal,,,,,HOMME,826.0,,,,,,,,,,0,0,0,0,0,0,0,0,0,0,0,0,0,2,1,3
Soover,,,,,HOMME,825.0,,,,,,,,,,0,0,0,1,0,0,0,0,0,0,0,0,0,0,0,1
Sograny,,,,,HOMME,824.0,,,,,,,,,,0,0,0,0,0,0,0,0,19,0,0,0,1,0,0,20
Sneel,,,,,HOMME,823.0,,,,,,,,,,0,0,0,1,0,0,0,0,0,0,0,0,0,0,0,1
Sintary,,,,,HOMME,822.0,,,,,,,,,,0,0,0,0,0,0,0,0,0,0,0,0,0,0,23,23
Silton,,,,,HOMME,821.0,,,,,,,,,,0,0,0,0,0,0,0,0,0,0,0,0,0,2,0,2
Sigomal,,,,,HOMME,820.0,,,,,,,,,,0,0,0,0,0,0,0,0,0,0,0,0,0,52,0,52
Sifer,,,,,HOMME,819.0,,,,,,,,,,0,0,0,0,0,22,1,0,18,0,0,0,0,1,0,42
Shuvin,,,,lézard ,HOMME,818.0,,,,,,,,,,8,0,0,0,0,0,0,0,0,0,0,0,0,0,0,8
Shulse,,,,,HOMME,817.0,,,,,,,,,,0,0,4,0,0,0,0,0,0,0,0,0,0,0,0,4
Shonagor,,,,,HOMME,816.0,,,,,,,,,,0,0,0,0,0,0,0,0,0,0,1,0,0,0,0,1
Shonagar,,,,,HOMME,815.0,,,,,,,,,,0,0,0,0,0,1,34,0,0,0,60,35,0,1,0,131
Sheve,,,,,HOMME,814.0,,,,,,,,,,0,0,0,0,0,0,4,0,0,0,0,0,0,0,0,4
Sherris,,,,,HOMME,813.0,,,,,,,,,,0,0,0,0,0,0,0,0,0,0,0,5,0,0,0,5
Sheledon,Shel,,,,HOMME,812.0,,,,,,,,,,0,0,61,0,0,0,0,0,0,0,0,0,0,0,0,61
Shawan,,,,,HOMME,811.0,,,,,,,,,,0,0,0,0,0,0,0,0,0,0,0,0,0,5,0,5
Shankolin,Glasstol de Crom,,,,HOMME,810.0,,,,,,,,,,0,0,0,0,0,0,0,0,0,0,0,0,0,0,29,29
Shadder,,,,,HOMME,809.0,,,,,,,,,,0,0,0,10,0,0,0,0,0,0,0,0,0,0,0,10
Sh’gall,,,Kadith,bronze,HOMME,808.0,,,,,,,,,,0,0,0,211,7,0,0,0,0,0,0,0,0,0,0,218
Sev,Ritecamp,,,,HOMME,807.0,,,,,,,,,,0,0,0,0,0,0,16,0,0,0,0,0,0,0,1,17
Serubil,,,,,HOMME,806.0,,,,,,,,,,0,0,0,0,0,0,0,0,0,0,0,0,0,0,7,7
Semment,,,,,HOMME,805.0,,,,,,,,,,0,0,0,1,0,0,0,0,0,0,0,0,0,0,0,1
Sellel,,,,,HOMME,804.0,,,,,,,,,,0,0,0,0,0,0,4,0,0,0,0,0,0,0,0,4
Sefran,,,,,HOMME,803.0,,,,,,,,,,0,0,0,0,0,0,0,0,0,0,1,0,0,0,0,1
Sefal,,,,,HOMME,802.0,,,,,,,,,,0,0,0,0,0,0,0,0,0,0,0,0,0,4,0,4
Sebell,Sebel,Sevell,Kimi,reine lézard,HOMME,801.0,,,,,,,,,,0,45,0,0,0,42,49,0,7,1,209,326,58,161,149,1047
Sean,Connell,O’Connell,Criket,lézard ,HOMME,800.0,,,,,,,,,,545,0,6,0,0,0,0,0,0,0,0,0,0,3,0,554
Sean,Connell,O’Connell,Carenath,bronze,HOMME,800.0,,,,,,,,,,545,0,6,0,0,0,0,0,0,0,0,0,0,3,0,554
Sch’gall,,,,,HOMME,799.0,,,,,,,,,,0,0,0,1,0,0,0,0,0,0,0,0,0,0,0,1
Scand,,,,,HOMME,798.0,,,,,,,,,,0,0,0,11,0,0,0,0,0,0,0,0,0,0,0,11
Scallak,,,,,HOMME,797.0,,,,,,,,,,0,0,0,0,0,4,0,0,0,0,0,0,0,0,0,4
Sangel,,,,,HOMME,796.0,,,,,,,,,,0,2,0,0,0,4,3,0,39,0,4,0,23,20,13,108
Saneter,,,,,HOMME,795.0,,,,,,,,,,0,0,0,0,0,89,0,0,0,0,0,12,0,0,0,101
Samvel,,,,,HOMME,794.0,,,,,,,,,,0,18,0,0,0,0,0,0,0,0,0,0,0,0,3,21
Saltor,,,,,HOMME,793.0,,,,,,,,,,0,0,0,0,0,0,4,0,0,0,0,0,0,0,0,4
Sal,,,,,HOMME,792.0,,,,,,,,,,4,0,0,0,11,0,0,0,0,0,0,0,0,0,0,15
S’rond,,,,,HOMME,791.0,,,,,,,,,,0,0,0,0,0,0,0,0,0,0,0,0,0,1,0,1
S’peren,,,Clioth,bronze,HOMME,790.0,,,,,,,,,,0,0,0,48,2,0,0,0,0,0,0,0,0,0,0,50
S’nan,,,,,HOMME,789.0,,,,,,,,,,0,0,88,0,0,0,0,0,0,0,0,0,0,0,0,88
S’mon,Thomas,,Tiabeth,,HOMME,788.0,,,,,,,,,,0,0,13,0,0,0,0,0,0,0,0,0,0,0,0,13
S’ligar,,,Gianarth,bronze,HOMME,786.0,,,,,,,,,,0,0,0,41,0,0,0,0,0,0,0,0,0,0,0,41
S’len,,,Bigath,vert,HOMME,785.0,,,,,,,,,,0,0,0,0,0,0,0,0,0,0,0,0,0,30,0,30
S’lel,,,Tuenth,bronze,HOMME,784.0,,,,,,,,,,0,0,0,0,0,0,9,32,1,0,0,0,0,0,0,42
S’lan,Selessan,Sellie,Binth,bronze,HOMME,783.0,,,,,,,,,,0,0,0,0,0,0,0,7,0,0,0,0,0,0,14,21
S’goral,,,Betunth,vert,HOMME,782.0,,,,,,,,,,0,0,0,0,0,0,0,0,5,0,0,0,0,0,0,5
S’gor,,,Malth,vert,HOMME,781.0,,,,,,,,,,0,0,0,31,0,0,0,0,0,0,0,0,0,0,0,31
S’bran,,,Kilminth,,HOMME,780.0,,,,,,,,,,0,0,0,0,0,0,8,0,0,0,0,0,0,0,0,8
Rulyar,,,Garanath,brun,HOMME,778.0,,,,,,,,,,0,0,0,0,0,0,6,0,0,0,0,0,0,0,0,6
Rudi,Shwartz,Rudolph,,,HOMME,777.0,,,,,,,,,,13,0,0,0,0,0,0,0,0,0,0,0,0,0,0,13
Ronchin,,,,,HOMME,776.0,,,,,,,,,,0,0,0,0,0,0,0,0,0,0,0,0,0,0,3,3
Rokayas,,,,,HOMME,775.0,,,,,,,,,,0,0,0,0,0,0,0,0,0,0,0,24,0,0,0,24
Robse,,,,,HOMME,774.0,,,,,,,,,,0,10,0,0,0,1,0,0,0,0,0,0,0,2,3,16
Roblyn,,,,,HOMME,773.0,,,,,,,,,,0,0,0,0,0,0,1,0,0,0,0,0,0,0,0,1
Riller,,,,,HOMME,771.0,,,,,,,,,,0,0,0,0,0,0,0,0,0,0,0,0,0,0,3,3
Richud,,,,,HOMME,770.0,,,,,,,,,,0,0,17,0,0,0,0,0,0,0,0,0,0,0,0,17
Ricardy,,,,,HOMME,769.0,,,,,,,,,,0,0,0,0,0,0,1,0,0,0,0,0,0,0,0,1
René,Mallibeau,,,,HOMME,768.0,,,,,,,,,,2,0,0,0,0,0,0,0,0,0,0,0,0,0,0,2
Rency,,,,,HOMME,767.0,,,,,,,,,,0,0,0,0,0,0,0,0,0,0,0,0,0,0,11,11
Red,Hanrahan,,,,HOMME,766.0,,,,,,,,,,73,0,5,0,0,0,0,0,0,0,0,0,0,2,0,80
Readis,,,,,HOMME,765.0,,,,,,,,,,0,498,0,0,0,117,0,0,0,0,0,0,0,21,4,640
Ratoshigan,Ratoshinga,,,,HOMME,764.0,,,,,,,,,,0,0,0,46,4,0,0,0,0,0,0,0,0,0,0,50
Rasa,,,,,HOMME,763.0,,,,,,,,,,0,0,0,0,0,0,3,0,0,0,0,0,0,0,0,3
Rapal,,,,,HOMME,762.0,,,,,,,,,,0,0,0,1,0,0,0,0,0,0,0,0,0,0,0,1
Ranrel,,,,,HOMME,761.0,,,,,,,,,,0,0,0,0,0,0,0,0,0,0,0,0,0,52,8,60
Ranneth,,,,,HOMME,760.0,,,,,,,,,,0,0,0,0,0,0,0,0,0,0,0,0,0,0,4,4
Ranly,,,,,HOMME,759.0,,,,,,,,,,0,0,0,0,0,0,0,0,0,0,27,7,0,0,0,34
Rampesi,,,,,HOMME,758.0,,,,,,,,,,0,1,0,0,0,31,0,0,0,0,0,0,0,0,0,32
Rammany,,,,,HOMME,757.0,,,,,,,,,,0,0,0,0,0,0,0,0,0,0,1,0,0,0,0,1
Ram,Da,,,,HOMME,756.0,,,,,,,,,,2,12,0,0,0,51,0,11,106,0,0,0,136,127,51,496
Raïd,,,,,HOMME,755.0,,,,,,,,,,0,0,0,0,0,0,0,0,1,0,0,0,0,0,0,1
Raid,,,,,HOMME,754.0,,,,,,,,,,0,0,0,0,0,20,61,1,45,0,0,1,2,2,3,135
R’yar,,,,,HOMME,753.0,,,,,,,,,,0,0,0,0,0,0,2,0,0,0,0,0,0,0,0,2
R’mart,,,Branth,bronze,HOMME,752.0,,,,,,,,,,0,22,0,0,0,2,0,0,36,0,0,0,14,5,8,87
R’limeak,,,Gionth,bleu,HOMME,751.0,,,,,,,,,,0,0,0,4,0,0,0,0,0,0,0,0,0,0,0,4
R’gul,Rangul,,Hath,bronze,HOMME,750.0,,,,,,,,,,0,0,0,0,0,0,35,172,1,0,0,0,0,0,5,213
Quitrin,,,,,HOMME,749.0,,,,,,,,,,0,0,0,2,0,0,0,0,0,0,0,0,0,0,0,2
Pressen,,,,,HOMME,748.0,,,,,,,,,,0,0,0,39,0,0,0,0,0,0,0,0,0,0,0,39
Pragal,,,,,HOMME,747.0,,,,,,,,,,0,0,0,0,0,0,3,0,0,0,0,0,0,0,0,3
Possil,,,,,HOMME,746.0,,,,,,,,,,0,0,0,0,0,0,0,0,0,0,0,0,0,0,2,2
Porrig,Connell,,,,HOMME,745.0,,,,,,,,,,39,0,3,0,0,0,0,0,0,0,0,0,0,3,0,45
Pol ,Nietro,,,,HOMME,744.0,,,,,,,,,,233,0,0,0,17,2,0,0,0,0,0,0,0,0,0,252
Pol,,,,,HOMME,743.0,,,,,,,,,,220,0,0,0,17,2,0,0,0,0,0,0,0,0,0,239
Pierre,de Courcis,,,,HOMME,742.0,,,,,,,,,,58,20,21,25,6,20,16,88,53,14,13,14,82,14,19,463
Piemur,,,,,HOMME,741.0,,,,,,,,,,0,5,0,0,0,568,0,0,0,0,286,751,184,379,10,2183
Piemur,,,Farli,reine,HOMME,740.0,,,,,,,,,,0,5,0,0,0,568,0,0,0,0,286,751,184,379,10,2183
Piemur,,,Farli,reine lézard,HOMME,740.0,,,,,,,,,,0,5,0,0,0,568,0,0,0,0,286,751,184,379,10,2183
Piemur,,,Stupide,Coureur,HOMME,740.0,,,,,,,,,,0,5,0,0,0,568,0,0,0,0,286,751,184,379,10,2183
Phas,Radamanth,,,,HOMME,739.0,,,,,,,,,,28,0,0,0,0,0,0,0,0,0,0,0,0,0,0,28
Petillo,,,,,HOMME,737.0,,,,,,,,,,0,0,0,0,0,0,0,0,0,0,1,0,0,0,0,1
Petey,Pete,,,,HOMME,736.0,,,,,,,,,,20,0,0,0,0,0,0,0,0,0,0,0,0,0,0,20
Peterpar,,,,,HOMME,735.0,,,,,,,,,,0,0,0,21,0,0,0,0,0,0,0,0,0,0,0,21
Peter,Semling,,Gilgath,bronze,HOMME,734.0,,,,,,,,,,40,0,0,0,0,0,0,0,0,0,0,0,0,0,0,40
Petan,,,,,HOMME,733.0,,,,,,,,,,0,0,0,0,0,0,0,0,0,0,0,0,0,0,3,3
Persellan,,,,,HOMME,732.0,,,,,,,,,,0,102,0,0,0,0,0,0,0,0,0,0,0,0,10,112
Perschar,Pershar,,,,HOMME,731.0,,,,,,,,,,0,1,0,0,0,42,0,0,0,0,0,0,0,7,0,50
Pergamol,,,,,HOMME,730.0,,,,,,,,,,0,0,0,0,0,0,0,0,0,0,15,0,0,0,0,15
Pellomar,,,,vert,HOMME,729.0,,,,,,,,,,0,0,0,0,0,0,0,0,2,0,0,0,0,0,0,2
Pell,,,,,HOMME,728.0,,,,,,,,,,0,0,0,0,0,1,0,0,0,0,0,0,0,7,0,8
Paulin,,,,,HOMME,727.0,,,,,,,,,,0,0,252,0,0,0,0,0,0,0,0,0,0,0,0,252
Paul,Logorides,,,,HOMME,726.0,,,,,,,,,,412,0,0,0,0,1,0,0,0,1,1,1,0,1,1,418
Paul,Benden,,,,HOMME,725.0,,,,,,,,,,445,32,101,54,8,147,122,50,227,33,36,44,155,76,125,1655
Patry,,,,,HOMME,724.0,,,,,,,,,,0,0,0,0,0,0,1,0,0,0,0,0,0,0,0,1
Patrice,de Broglie,,,,HOMME,723.0,,,,,,,,,,25,0,0,0,0,0,0,0,0,0,0,0,0,0,0,25
Pat,Hempenstall,,,,HOMME,722.0,,,,,,,,,,3,0,0,0,0,0,0,0,0,0,0,0,0,0,0,3
Parren,,,,,HOMME,721.0,,,,,,,,,,0,3,0,0,0,0,0,0,0,0,0,0,0,0,0,3
Pardure,,,,,HOMME,720.0,,,,,,,,,,0,7,0,0,0,0,0,0,0,0,0,0,0,0,0,7
Pardure,,,,,HOMME,719.0,,,,,,,,,,0,7,0,0,0,0,0,0,0,0,0,0,0,0,0,7
Palim,,,,,HOMME,718.0,,,,,,,,,,0,0,0,0,0,0,0,0,0,0,7,0,0,0,0,7
P’zar,,,,,HOMME,717.0,,,,,,,,,,0,0,0,0,0,0,0,0,10,0,0,0,0,0,0,10
P’tero,,,Ormonth,bleu,HOMME,716.0,,,,,,,,,,0,0,122,0,0,0,0,0,0,0,0,0,0,0,0,122
P’ratan,,,Poranth,vert,HOMME,715.0,,,,,,,,,,0,0,0,0,0,14,0,0,1,0,0,0,0,0,0,15
P’nine,,,Ixth,bronze,HOMME,714.0,,,,,,,,,,0,0,0,2,0,0,0,0,0,0,0,0,0,0,0,2
Ozzie,Munson,Oz,,,HOMME,713.0,,,,,,,,,,31,0,0,0,0,0,0,0,0,0,0,0,0,0,0,31
Otto,Hegelman,,,,HOMME,712.0,,,,,,,,,,22,0,0,0,0,0,0,0,0,0,0,0,0,0,0,22
Oterel,,,,,HOMME,711.0,,,,,,,,,,0,6,0,0,0,3,9,0,26,0,0,11,0,39,0,94
Osemore,,,,,HOMME,710.0,,,,,,,,,,0,0,0,0,0,3,0,0,0,0,0,0,0,0,0,3
Ongola,,,,,HOMME,709.0,,,,,,,,,,195,0,0,0,0,0,0,0,0,0,0,0,0,0,0,195
Olos,,,,,HOMME,708.0,,,,,,,,,,0,1,0,0,0,0,0,0,0,0,0,0,0,1,0,2
Olodkey,,,,,HOMME,707.0,,,,,,,,,,0,0,0,0,0,0,0,0,0,0,0,20,0,0,0,20
Oldive,,,,,HOMME,706.0,,,,,,,,,,0,39,0,0,0,9,14,0,0,0,28,50,37,108,68,353
Oharan,,,,,HOMME,705.0,,,,,,,,,,0,0,0,0,0,0,0,0,0,16,0,9,1,0,0,26
Ogolly,,,,,HOMME,704.0,,,,,,,,,,0,0,0,0,0,0,20,0,0,0,0,0,0,0,0,20
O’ney,,,Queth,bronze,HOMME,703.0,,,,,,,,,,0,0,5,0,0,0,0,0,0,0,0,0,0,0,0,5
Nurevin,,,,,HOMME,702.0,,,,,,,,,,0,0,0,0,0,0,0,0,0,0,0,0,0,17,0,17
Norist,,,,,HOMME,700.0,,,,,,,,,,0,0,0,0,0,0,0,0,0,0,0,0,0,47,9,56
Nip,,,,,HOMME,699.0,,,,,,,,,,0,0,0,0,0,0,0,0,0,0,0,0,0,0,2,2
Niness,,,,,HOMME,698.0,,,,,,,,,,0,0,0,0,0,0,0,0,0,0,0,0,0,0,1,1
Nielsen,,,,,HOMME,697.0,,,,,,,,,,3,0,0,0,0,0,0,0,0,0,0,0,0,0,0,3
Nicat,,,,,HOMME,696.0,,,,,,,,,,0,26,0,0,0,4,0,0,2,11,3,4,42,6,0,98
Nessel,,,,,HOMME,695.0,,,,,,,,,,0,1,0,0,0,0,0,4,19,0,0,2,1,17,0,44
Ned,Tubberman,,,,HOMME,694.0,,,,,,,,,,107,0,4,0,0,0,0,0,0,0,0,0,0,0,3,114
Nazer,,,,,HOMME,693.0,,,,,,,,,,0,9,0,0,0,38,0,0,0,0,0,0,0,0,0,47
Naton,,,,,HOMME,692.0,,,,,,,,,,0,0,0,0,0,0,0,2,0,0,0,0,0,0,0,2
Naprila,,,,,HOMME,691.0,,,,,,,,,,0,0,0,0,0,0,4,0,0,0,0,0,0,0,0,4
Nabhi,Nabol,,,,HOMME,690.0,,,,,,,,,,62,2,0,16,1,7,15,15,73,0,1,66,2,6,0,266
N’ton,,,Lioth,bronze,HOMME,689.0,,,,,,,,,,0,3,0,0,0,24,0,9,90,19,2,35,208,74,66,530
N’ton,,,Tris,lézard brun,HOMME,689.0,,,,,,,,,,0,3,0,0,0,24,0,9,90,19,2,35,208,74,66,530
N’ran,N’nan,,Galath,brun,HOMME,688.0,,,,,,,,,,0,0,2,0,0,0,0,0,0,0,0,0,0,0,0,2
N’mool,,,Bidorth,bronze,HOMME,687.0,,,,,,,,,,0,0,0,1,0,0,0,0,0,0,0,0,0,0,0,1
N’men,,,Jelth,bleu,HOMME,686.0,,,,,,,,,,0,0,0,1,0,0,0,0,0,0,0,0,0,0,0,1
N’gent,,,,,HOMME,685.0,,,,,,,,,,0,0,0,1,0,0,0,0,0,0,0,0,0,0,0,1
Murfytwen,,,,,HOMME,684.0,,,,,,,,,,0,0,0,0,0,0,2,0,0,0,0,0,0,0,0,2
Munchaun,,,,,HOMME,683.0,,,,,,,,,,0,0,0,0,14,0,0,0,0,0,0,0,0,0,0,14
Mumolon,,,,,HOMME,682.0,,,,,,,,,,0,0,0,0,0,0,11,0,0,0,0,0,0,0,0,11
Mostar,,,,,HOMME,681.0,,,,,,,,,,0,0,0,1,7,0,0,0,0,0,0,0,0,0,0,8
Mosser,,,,,HOMME,680.0,,,,,,,,,,0,0,0,0,0,0,4,0,0,0,0,0,0,0,0,4
Morshal,Morshall,,,,HOMME,679.0,,,,,,,,,,0,0,0,0,0,0,0,0,0,0,42,0,0,0,0,42
Morin,,,,,HOMME,678.0,,,,,,,,,,0,0,3,0,0,0,0,0,0,0,0,0,0,0,0,3
Morilton,,,,,HOMME,677.0,,,,,,,,,,0,0,0,0,0,0,0,0,0,0,0,0,0,26,15,41
Morif,,,,,HOMME,676.0,,,,,,,,,,0,0,0,0,0,0,1,0,0,0,0,0,0,0,0,1
Minnarden,,,,,HOMME,675.0,,,,,,,,,,0,0,0,0,0,0,35,0,0,0,0,0,0,0,0,35
Mickulin,,,,,HOMME,674.0,,,,,,,,,,0,0,0,0,0,0,0,0,0,0,0,0,0,0,4,4
Mick,,,,,HOMME,673.0,,,,,,,,,,3,0,0,0,0,0,0,0,0,0,0,0,0,0,0,3
Michael,,,,,HOMME,672.0,,,,,,,,,,1,0,0,0,0,0,0,0,0,0,0,0,0,0,0,1
Merdine,,,,,HOMME,670.0,,,,,,,,,,0,0,0,0,0,0,5,0,0,0,0,0,0,0,0,5
Melongel,,,,,HOMME,669.0,,,,,,,,,,0,0,0,0,0,0,97,0,0,0,0,0,0,0,0,97
Mekelroy,Pinch,,,,HOMME,668.0,,,,,,,,,,0,0,0,0,0,0,0,0,0,0,0,0,0,0,178,178
Medaman,,,,,HOMME,667.0,,,,,,,,,,0,0,0,0,0,2,0,0,0,0,0,0,0,0,0,2
Maylone,,,,,HOMME,666.0,,,,,,,,,,0,0,0,7,0,0,0,0,0,0,0,0,0,0,0,7
Maxilant,,,,,HOMME,665.0,,,,,,,,,,0,0,0,0,0,0,8,0,0,0,0,0,0,0,0,8
Mattew,Matt,,,,HOMME,664.0,,,,,,,,,,0,0,5,0,0,0,0,0,0,0,0,0,0,0,0,5
Marlifin,,,,,HOMME,662.0,,,,,,,,,,0,0,0,0,0,0,3,0,0,0,0,0,0,0,0,3
Marley,,,,,HOMME,661.0,,,,,,,,,,0,0,0,0,0,0,0,0,0,0,0,0,0,0,4,4
Marcator,,,,,HOMME,659.0,,,,,,,,,,0,0,4,0,0,0,0,0,0,0,0,0,0,0,0,4
Maranis,,,,,HOMME,658.0,,,,,,,,,,0,0,16,0,0,0,0,0,0,0,0,0,0,0,0,16
Mar,Dook,,,,HOMME,657.0,,,,,,,,,,26,1,0,0,0,0,0,0,0,0,0,0,0,0,0,27
Manotti,,,,,HOMME,656.0,,,,,,,,,,0,0,0,0,0,0,0,0,0,0,0,0,0,10,0,10
Mallan,,,,,HOMME,655.0,,,,,,,,,,0,0,0,0,0,0,27,0,0,0,0,0,0,0,0,27
Makfar,,,,,HOMME,654.0,,,,,,,,,,0,0,0,5,0,0,0,0,0,0,0,0,0,0,0,5
Macy,,,,,HOMME,652.0,,,,,,,,,,0,0,0,0,0,0,0,0,0,0,0,0,0,0,4,4
Macester,,,,,HOMME,651.0,,,,,,,,,,0,0,0,0,0,0,6,0,0,0,0,0,0,0,0,6
Macabir,,,,,HOMME,650.0,,,,,,,,,,0,0,0,0,7,0,0,0,0,0,0,0,0,0,0,7
M’tani,,,Hogarth,bronze,HOMME,649.0,,,,,,,,,,0,0,0,39,1,0,0,0,0,0,0,0,0,0,0,40
M’sur,,,,brun,HOMME,648.0,,,,,,,,,,0,2,0,0,0,0,0,0,0,0,0,0,0,0,0,2
M’shall,,,Craigath,,HOMME,647.0,,,,,,,,,,0,0,143,0,0,0,0,0,0,0,0,0,0,0,0,143
M’ridin,,,Cortath,,HOMME,646.0,,,,,,,,,,0,0,0,0,0,0,10,0,0,0,0,0,0,0,0,10
M’rek,,,Zigith,bronze,HOMME,645.0,,,,,,,,,,0,0,0,0,0,0,0,0,6,0,0,0,0,0,0,6
M’ray,,,Quoarth,brun,HOMME,644.0,,,,,,,,,,0,0,0,7,0,0,0,0,0,0,0,0,0,0,0,7
M’rand,,,,,HOMME,643.0,,,,,,,,,,0,0,0,0,0,0,0,0,0,0,0,0,0,3,36,39
M’rak,,,Caneth,bronze,HOMME,642.0,,,,,,,,,,0,0,5,0,0,0,0,0,0,0,0,0,0,0,0,5
M’leng,,,Sith,vert,HOMME,640.0,,,,,,,,,,0,0,70,0,0,0,0,0,0,0,0,0,0,0,0,70
M’gent,,,Ith,bronze,HOMME,639.0,,,,,,,,,,0,0,0,5,0,0,0,0,0,0,0,0,0,0,0,5
M’barak,,,Arith,bleu,HOMME,638.0,,,,,,,,,,0,0,0,56,17,0,0,0,0,0,0,0,0,0,0,73
Lur,,,,,HOMME,637.0,,,,,,,,,,0,2,0,0,0,0,0,0,0,0,0,0,0,0,0,2
Lozell,,,,,HOMME,636.0,,,,,,,,,,0,0,7,0,0,0,0,0,0,0,0,0,0,0,0,7
Losacot,,,,,HOMME,635.0,,,,,,,,,,0,0,0,0,0,0,0,0,0,0,0,0,0,2,0,2
Londik,,,,,HOMME,634.0,,,,,,,,,,0,0,0,0,0,0,10,0,0,0,0,0,0,0,0,10
Lobirn,,,,,HOMME,633.0,,,,,,,,,,0,0,0,0,0,0,74,0,0,0,0,0,0,0,0,74
Ligand,,,,,HOMME,632.0,,,,,,,,,,0,0,0,0,0,0,0,0,0,0,4,0,0,1,0,5
Lias,,,,,HOMME,631.0,,,,,,,,,,0,0,0,0,0,0,0,0,0,0,0,0,0,0,9,9
Lexey,,,,,HOMME,630.0,,,,,,,,,,0,0,0,0,0,0,26,0,0,0,0,0,0,0,0,26
Lesselden,,,,,HOMME,629.0,,,,,,,,,,0,0,0,0,0,0,3,0,0,0,0,0,0,0,0,3
Lesnour,,,,,HOMME,628.0,,,,,,,,,,0,0,3,0,0,0,0,0,0,0,0,0,0,0,0,3
Léo,Léopol,,,,HOMME,627.0,,,,,,,,,,0,0,82,0,0,0,0,0,0,0,0,0,0,0,0,82
Lensdale,,,,,HOMME,626.0,,,,,,,,,,1,0,0,0,0,0,0,0,0,0,0,0,0,0,0,1
Leef,Leff,,,,HOMME,625.0,,,,,,,,,,0,0,0,31,2,0,0,0,0,0,0,0,0,0,0,33
Lear,,,,,HOMME,624.0,,,,,,,,,,0,0,0,0,0,0,2,0,0,0,0,0,0,0,0,2
Lavel,,,,,HOMME,623.0,,,,,,,,,,0,0,10,0,0,0,0,0,0,0,0,0,0,0,0,10
Lauley,,,,,HOMME,622.0,,,,,,,,,,0,0,0,0,0,0,0,0,0,0,0,1,0,0,0,1
Laudey,,,,,HOMME,621.0,,,,,,,,,,0,5,0,0,0,18,0,0,4,0,0,3,1,12,2,45
Laradian,,,,,HOMME,620.0,,,,,,,,,,0,0,0,0,0,0,0,0,0,0,0,0,0,2,1,3
Laradian,,,,,HOMME,619.0,,,,,,,,,,0,0,0,0,0,0,0,0,0,0,0,0,0,2,1,3
Larad,,,,vert,HOMME,618.0,,,,,,,,,,0,13,0,0,0,103,23,29,68,0,0,0,2,75,14,327
Langrell,,,,,HOMME,617.0,,,,,,,,,,0,0,0,0,0,0,0,0,0,0,0,0,0,0,6,6
Landon,,,,,HOMME,616.0,,,,,,,,,,0,0,0,0,0,0,7,0,0,0,0,0,0,0,0,7
Laland,,,,,HOMME,615.0,,,,,,,,,,0,0,1,0,0,0,0,0,0,0,0,0,0,0,0,1
L’zan,,,,,HOMME,614.0,,,,,,,,,,0,0,0,0,0,0,0,0,0,0,0,0,0,3,0,3
L’trel,,,Falgrenth,bleu,HOMME,613.0,,,,,,,,,,0,0,0,0,0,0,0,0,1,0,0,0,0,0,0,1
L’tol,Lytol,Lytonal,Larth,brun,HOMME,612.0,,,,,,,,,,0,3,0,0,0,18,11,79,141,0,3,0,236,243,73,807
L’sur,,,,,HOMME,611.0,,,,,,,,,,0,0,4,0,0,0,0,0,0,0,0,0,0,0,0,4
L’rayl,,,Sorth,brun,HOMME,610.0,,,,,,,,,,0,0,0,4,0,0,0,0,0,0,0,0,0,0,0,4
L’rad,,,,,HOMME,609.0,,,,,,,,,,0,0,0,0,0,0,0,1,0,0,0,0,0,0,0,1
L’bol,,,Timenth,bronze,HOMME,607.0,,,,,,,,,,0,0,0,25,0,0,0,0,0,0,0,0,0,0,0,25
Kylos,,,,,HOMME,606.0,,,,,,,,,,0,0,0,1,0,0,0,0,0,0,0,0,0,0,0,1
Kwan ,Marceau,,,,HOMME,605.0,,,,,,,,,,15,0,0,0,0,0,0,0,0,0,0,0,0,0,0,15
Kulan,,,,,HOMME,604.0,,,,,,,,,,0,0,0,7,0,0,0,0,0,0,0,0,0,0,0,7
Kizan,,,,,HOMME,603.0,,,,,,,,,,0,0,4,0,0,0,0,0,0,0,0,0,0,0,0,4
Kirnety,,,Fidirth,bronze,HOMME,602.0,,,,,,,,,,0,0,0,0,0,0,0,0,0,0,0,0,1,0,0,1
Kinver,,,,,HOMME,601.0,,,,,,,,,,0,0,1,0,0,0,0,0,0,0,0,0,0,0,0,1
Kinsale,,,,,HOMME,600.0,,,,,,,,,,0,0,0,0,0,0,2,0,0,0,0,0,0,0,0,2
Kevelon,,,,,HOMME,599.0,,,,,,,,,,0,0,0,0,0,7,0,0,0,0,0,0,0,0,0,7
Ketrin,,,,,HOMME,598.0,,,,,,,,,,0,0,0,0,0,12,0,0,0,0,0,0,0,0,0,12
Kern,,,,,HOMME,597.0,,,,,,,,,,0,1,0,0,0,0,0,0,0,0,0,0,1,0,0,2
Kepiru,,,,,HOMME,596.0,,,,,,,,,,0,0,0,0,0,0,4,0,0,0,0,0,0,0,0,4
Kashman,,,,,HOMME,595.0,,,,,,,,,,0,0,0,0,0,0,0,0,0,0,0,0,0,0,29,29
Karenchok,,,,,HOMME,594.0,,,,,,,,,,0,0,0,0,0,0,17,0,0,0,0,0,0,0,0,17
Kanadin,K’din,,Bulith,brun,HOMME,593.0,,,,,,,,,,0,18,0,0,0,0,0,0,0,0,0,0,0,0,0,18
Kalvi,,,,,HOMME,592.0,,,,,,,,,,0,0,55,0,0,0,0,0,0,0,0,0,0,0,0,55
Kaljan,,,,,HOMME,591.0,,,,,,,,,,0,0,0,0,0,0,0,0,0,0,0,3,0,0,0,3
Kalem,,,,,HOMME,590.0,,,,,,,,,,0,0,0,0,0,0,1,0,0,0,0,0,0,0,0,1
Kailey,,,,,HOMME,588.0,,,,,,,,,,0,0,0,0,0,0,5,0,0,0,0,0,0,0,0,5
K’vin,Kev,,Charanth,,HOMME,587.0,,,,,,,,,,0,0,298,0,0,0,0,0,0,0,0,0,0,0,0,298
K’van,,,Heth,bronze,HOMME,586.0,,,,,,,,,,0,31,0,0,0,49,0,0,0,0,0,0,1,29,34,144
K’net,,,Pianth,bronze,HOMME,585.0,,,,,,,,,,0,0,0,0,0,0,4,40,0,0,0,0,0,0,0,44
K’nebel,,,Firth,bronze,HOMME,584.0,,,,,,,,,,0,0,0,0,0,0,0,0,0,0,0,0,8,0,0,8
K’lon ,,,Rogeth,bleu,HOMME,583.0,,,,,,,,,,0,0,0,174,1,0,0,0,0,0,0,0,0,0,0,175
K’drin,,,Buleth,brun,HOMME,582.0,,,,,,,,,,0,0,0,0,0,0,0,0,0,0,0,0,0,0,1,1
K’dren,,,Kuzuth,bronze,HOMME,581.0,,,,,,,,,,0,0,0,40,0,0,0,0,0,0,0,0,0,0,0,40
Jubb,,,,,HOMME,579.0,,,,,,,,,,0,0,0,0,0,0,0,0,0,0,0,0,0,0,9,9
Jol,,,,,HOMME,578.0,,,,,,,,,,0,0,22,0,0,0,0,0,0,0,0,0,0,0,0,22
Joël,Lilienkamp,Joel / Lili,,,HOMME,577.0,,,,,,,,,,90,0,0,0,0,0,0,0,0,0,0,0,0,3,0,93
Joanson,,,,,HOMME,576.0,,,,,,,,,,0,0,4,0,0,0,0,0,0,0,0,0,0,0,0,4
Jivan,,,,,HOMME,575.0,,,,,,,,,,3,0,0,0,0,0,0,0,0,0,0,0,0,0,0,3
Jiro,Akamoto,,,,HOMME,574.0,,,,,,,,,,13,0,0,0,0,0,0,0,0,0,0,0,0,0,0,13
Jez,,,,,HOMME,572.0,,,,,,,,,,0,0,0,0,0,0,3,0,0,0,0,0,0,0,0,3
Jesken,,,,,HOMME,571.0,,,,,,,,,,0,0,0,0,0,0,8,0,0,0,0,0,0,0,0,8
Jerry,Mercer,,Manooth,,HOMME,570.0,,,,,,,,,,15,0,0,0,0,0,0,0,0,0,0,0,0,0,0,15
Jerrint,,,,,HOMME,569.0,,,,,,,,,,0,0,0,0,0,0,0,0,0,0,0,1,0,0,0,1
Jerint,,,,,HOMME,568.0,,,,,,,,,,0,0,0,0,0,0,7,0,0,0,51,2,0,0,0,60
Jerin,,,,,HOMME,567.0,,,,,,,,,,0,0,0,0,0,0,0,0,0,0,1,0,0,0,0,1
Jepson,,,,,HOMME,566.0,,,,,,,,,,7,0,0,0,0,0,0,0,0,0,0,0,0,0,0,7
Jemmy,,,,,HOMME,565.0,,,,,,,,,,0,0,51,0,0,0,0,0,0,0,0,0,0,0,0,51
Jayge,Lilcamp,,,,HOMME,564.0,,,,,,,,,,0,153,0,0,0,636,0,0,0,0,0,0,0,27,7,823
Jaxom,,,,,HOMME,563.0,,,,,,,,,,0,41,0,0,0,126,0,2,231,6,5,4,1368,1174,114,3071
Jaxom,Jax,,Ruth,blanc,HOMME,562.0,,,,,,,,,,0,41,0,0,0,126,0,2,232,6,5,4,1368,1179,114,3077
Jarrol,,,,,HOMME,561.0,,,,,,,,,,0,1,0,0,0,1,0,0,0,0,0,0,0,19,0,21
Jamson,,,,,HOMME,560.0,,,,,,,,,,0,0,85,0,0,0,0,0,0,0,0,0,0,0,0,85
Jake,Chernoff,,,,HOMME,559.0,,,,,,,,,,29,0,0,0,0,0,0,0,0,0,0,0,0,0,0,29
Jacob,Chernoff,,,,HOMME,558.0,,,,,,,,,,23,0,0,0,0,0,0,0,0,0,0,0,0,0,0,23
J’ralt,Jeralte,,Palanth,,HOMME,557.0,,,,,,,,,,0,0,0,0,0,0,0,0,4,0,0,0,0,0,0,4
J’fery,,,Willerth,bronze,HOMME,556.0,,,,,,,,,,0,0,0,0,0,0,0,0,0,0,0,0,0,0,13,13
J’dar,,,,,HOMME,555.0,,,,,,,,,,0,0,5,0,0,0,0,0,0,0,0,0,0,0,0,5
Ivan,le Terrible,,,,HOMME,554.0,,,,,,,,,,1,0,0,0,0,0,0,0,1,1,0,0,0,0,1,4
Issony,,,,,HOMME,553.0,,,,,,,,,,0,0,32,0,0,0,0,0,0,0,0,0,0,0,0,32
Ifor,,,,,HOMME,552.0,,,,,,,,,,0,0,0,0,0,0,11,0,0,0,0,0,0,0,0,11
Idoralan,,,,,HOMME,551.0,,,,,,,,,,0,0,0,0,0,0,0,0,0,0,0,0,2,0,0,2
Idarolan,Iddie,,,,HOMME,550.0,,,,,,,,,,0,80,0,0,0,10,6,0,1,0,0,0,26,37,58,218
Iantine,Ian,,,,HOMME,549.0,,,,,,,,,,0,0,377,0,0,0,0,0,0,0,0,0,0,0,0,377
Hosbon,,,,,HOMME,548.0,,,,,,,,,,0,0,0,0,0,0,0,0,0,0,0,0,0,0,15,15
Horon,,,,,HOMME,547.0,,,,,,,,,,0,1,0,0,0,0,0,0,0,0,0,0,1,0,19,21
Hobson,,,,,HOMME,546.0,,,,,,,,,,0,11,0,0,0,0,0,0,0,0,0,0,0,0,0,11
Hittet,,,,,HOMME,545.0,,,,,,,,,,0,0,0,0,0,0,0,0,0,0,0,11,0,0,0,11
Hillegel,,,,,HOMME,544.0,,,,,,,,,,0,0,0,0,0,0,0,0,0,0,0,0,0,0,1,1
Helly,,,,,HOMME,543.0,,,,,,,,,,0,0,0,15,0,0,0,0,0,0,0,0,0,0,0,15
Hegmon,,,,,HOMME,542.0,,,,,,,,,,0,0,20,0,0,0,0,0,0,0,0,0,0,0,0,20
Hayon,,,,,HOMME,541.0,,,,,,,,,,1,0,0,0,0,0,26,0,0,0,0,1,0,0,0,28
Hamian,,,,,HOMME,540.0,,,,,,,,,,0,5,0,0,0,51,0,0,0,0,0,0,0,43,3,102
Haligon,,,,,HOMME,539.0,,,,,,,,,,0,0,0,0,0,0,0,0,0,0,0,0,0,0,83,83
Halibran,,,,,HOMME,538.0,,,,,,,,,,0,0,0,0,0,0,16,0,0,0,0,0,0,0,0,16
Halefor,,,,,HOMME,537.0,,,,,,,,,,0,0,0,0,0,0,0,0,0,0,0,0,0,2,0,2
H’nor,,,,brun,HOMME,536.0,,,,,,,,,,0,0,0,0,0,0,0,0,0,0,0,0,0,0,5,5
H’nalt,,,,,HOMME,535.0,,,,,,,,,,0,0,0,0,0,0,0,0,0,0,0,0,0,2,0,2
H’mar,,,,,HOMME,534.0,,,,,,,,,,0,1,0,0,0,0,0,0,0,0,0,0,0,0,0,1
Gyorgy,,,,,HOMME,533.0,,,,,,,,,,1,0,0,0,0,0,0,0,0,0,0,0,0,0,0,1
Groghe,,,,,HOMME,532.0,,,,,,,,,,0,15,0,0,0,3,58,0,68,0,76,10,58,78,93,459
Groghe,,,Merga,reine,HOMME,532.0,,,,,,,,,,0,15,0,0,0,3,58,0,68,0,76,10,58,78,93,459
Grodon,,,,,HOMME,530.0,,,,,,,,,,0,0,0,0,0,0,4,0,0,0,0,0,0,0,0,4
Grevil,,,,,HOMME,529.0,,,,,,,,,,0,0,0,0,0,0,0,0,0,0,0,0,0,2,0,2
Gram,,,,,HOMME,528.0,,,,,,,,,,0,0,0,1,0,0,0,0,0,1,0,0,0,0,0,2
Gostol,,,,,HOMME,527.0,,,,,,,,,,0,0,0,0,0,0,21,0,0,0,0,0,0,0,0,21
Gorby,,,,,HOMME,526.0,,,,,,,,,,0,0,0,2,0,0,0,0,0,0,0,0,0,0,0,2
Gorazde,,,,,HOMME,525.0,,,,,,,,,,0,0,0,0,0,0,2,0,0,0,0,0,0,0,0,2
Gomalsi,,,,,HOMME,524.0,,,,,,,,,,0,0,0,0,0,0,0,0,0,0,0,0,0,7,0,7
Gifflen,,,,,HOMME,523.0,,,,,,,,,,0,0,0,0,0,0,4,0,0,0,0,0,0,0,0,4
Germathen,,,,,HOMME,522.0,,,,,,,,,,0,0,0,0,0,0,4,0,0,0,0,0,0,0,0,4
Genjon,,,,,HOMME,520.0,,,,,,,,,,0,0,0,2,0,0,0,0,0,0,0,0,0,0,0,2
Gellim,,,,,HOMME,519.0,,,,,,,,,,0,0,0,0,0,0,0,0,0,0,0,0,0,0,1,1
Geger,,,,,HOMME,518.0,,,,,,,,,,0,0,0,0,0,0,0,0,0,0,0,0,0,0,8,8
Gedenase,,,,,HOMME,517.0,,,,,,,,,,0,0,0,0,0,5,0,0,0,0,0,0,0,0,0,5
Gayton,,,,,HOMME,516.0,,,,,,,,,,0,0,0,0,0,0,0,0,0,0,0,0,0,2,0,2
Garrel,,,,,HOMME,515.0,,,,,,,,,,0,0,0,0,0,0,0,0,0,0,0,0,0,0,1,1
Garrel,,,,,HOMME,514.0,,,,,,,,,,0,0,0,0,0,0,0,0,0,0,0,0,0,0,1,1
Garm,,,,,HOMME,513.0,,,,,,,,,,0,0,0,0,0,24,0,0,0,0,0,0,0,0,0,24
Gardrow,,,,,HOMME,512.0,,,,,,,,,,0,0,0,0,0,3,0,0,0,0,0,0,0,0,0,3
Gardner,,,,,HOMME,511.0,,,,,,,,,,0,0,7,0,0,0,0,0,0,0,0,0,0,0,0,7
Gardillon,,,,,HOMME,510.0,,,,,,,,,,0,0,0,0,0,2,0,0,0,0,0,0,0,0,0,2
Garben,,,,,HOMME,509.0,,,,,,,,,,16,1,1,0,3,2,0,0,0,0,0,0,0,0,0,23
Ganmar,,,,,HOMME,508.0,,,,,,,,,,0,0,13,0,0,0,0,0,0,0,0,0,0,0,0,13
Gandidan,Gandiran,,,,HOMME,507.0,,,,,,,,,,0,0,0,0,0,0,0,0,6,0,0,0,0,0,0,6
Gallian,Galli,,,,HOMME,506.0,,,,,,,,,,0,0,39,0,0,0,0,0,0,0,0,0,0,0,0,39
Gaby,,,,,HOMME,505.0,,,,,,,,,,0,0,0,0,2,0,0,0,0,0,0,0,0,0,0,2
Gabred,,,,,HOMME,504.0,,,,,,,,,,0,0,0,0,0,2,0,0,0,0,0,0,0,0,0,2
Gabin,,,,,HOMME,503.0,,,,,,,,,,0,0,0,0,3,0,0,0,0,0,0,0,0,0,0,3
G’sel,,,Roth,vert,HOMME,502.0,,,,,,,,,,0,0,0,0,0,0,0,0,9,9,0,0,0,0,0,18
G’sel,,,Rill,lézard bronze,HOMME,502.0,,,,,,,,,,0,0,0,0,0,0,0,0,9,9,0,0,0,0,0,18
G’sel ,,,,bronze,HOMME,502.0,,,,,,,,,,0,0,0,0,0,0,0,0,9,9,0,0,0,0,0,18
G’ron,Giron,,,bleu,HOMME,501.0,,,,,,,,,,0,0,1,0,1,100,0,0,0,0,1,0,0,0,2,105
G’ranad,,,,,HOMME,500.0,,,,,,,,,,0,0,0,0,0,0,1,0,0,0,0,0,0,0,0,1
G’narish,,,Gyamath,bronze,HOMME,499.0,,,,,,,,,,0,1,0,0,0,0,0,0,69,0,0,2,5,1,11,89
G’nag,,,Nelanth,bleu,HOMME,498.0,,,,,,,,,,0,0,0,0,0,0,0,0,3,0,0,0,0,0,0,3
G’drel,,,Dirianth,bronze,HOMME,496.0,,,,,,,,,,0,0,0,0,3,0,0,0,0,0,0,0,0,0,0,3
G’don,,,,,HOMME,495.0,,,,,,,,,,0,0,22,0,0,0,0,0,0,0,0,0,0,0,0,22
G’dened,G’neded,,Baranth,bronze,HOMME,494.0,,,,,,,,,,0,8,0,0,0,0,0,0,0,0,0,0,12,2,60,82
G’bol,,,Mirreth,,HOMME,493.0,,,,,,,,,,0,0,0,0,0,0,0,0,0,0,0,0,0,0,5,5
Furlo,,,,,HOMME,492.0,,,,,,,,,,0,0,0,0,0,0,4,0,0,0,0,0,0,0,0,4
Furet,,,,,HOMME,491.0,,,,,,,,,,0,0,0,0,0,0,24,0,0,0,0,0,0,0,0,24
Fulmar,Stone,,,,HOMME,490.0,,,,,,,,,,42,0,2,0,0,0,0,0,0,0,0,0,0,0,0,44
Fromelin,,,,,HOMME,489.0,,,,,,,,,,0,0,0,0,0,0,0,0,0,0,0,0,0,0,1,1
Frenkal,,,,,HOMME,488.0,,,,,,,,,,0,0,2,0,0,0,0,0,0,0,0,0,0,0,0,2
Franco,,,,,HOMME,487.0,,,,,,,,,,0,0,13,0,0,0,0,0,0,0,0,0,0,0,0,13
Fosdak,,,,,HOMME,486.0,,,,,,,,,,0,0,0,0,0,0,0,0,0,0,0,0,0,6,0,6
Fortine,,,,,HOMME,485.0,,,,,,,,,,0,0,0,37,6,0,0,0,0,0,0,0,0,0,2,45
Fondarel,,,,,HOMME,484.0,,,,,,,,,,0,0,0,0,0,0,0,0,0,0,0,0,0,1,0,1
Follen,,,,,HOMME,483.0,,,,,,,,,,0,0,0,29,5,0,0,0,0,0,0,0,0,0,0,34
Florist,,,,,HOMME,482.0,,,,,,,,,,0,0,0,0,0,0,1,0,0,0,0,0,0,0,0,1
Fitatric,,,,,HOMME,481.0,,,,,,,,,,0,0,0,2,0,0,0,0,0,0,0,0,0,0,0,2
Finder,,,,,HOMME,480.0,,,,,,,,,,0,0,0,0,0,0,0,0,0,0,0,0,14,0,0,14
Filatric,,,,,HOMME,479.0,,,,,,,,,,0,0,0,1,0,0,0,0,0,0,0,0,0,0,0,1
Fidello,,,,,HOMME,478.0,,,,,,,,,,0,0,0,0,0,0,0,0,0,0,0,0,17,0,0,17
Fesnal,,,,,HOMME,477.0,,,,,,,,,,0,0,0,0,0,0,0,0,0,0,1,0,0,0,0,1
Fergal,,,,,HOMME,476.0,,,,,,,,,,0,0,0,15,28,0,0,0,0,0,0,0,0,0,0,43
Ferfar,,,,,HOMME,475.0,,,,,,,,,,0,0,0,0,0,3,0,0,0,0,0,0,0,0,0,3
Fender,,,,,HOMME,474.0,,,,,,,,,,0,0,1,0,0,0,0,0,0,0,0,0,4,0,0,5
Fellek,,,,,HOMME,473.0,,,,,,,,,,0,0,0,0,0,0,0,0,0,0,0,0,0,0,0,0
Felim,,,,,HOMME,472.0,,,,,,,,,,0,0,0,0,15,0,0,0,0,0,0,0,0,0,0,15
Felessan,Fesselan,,,,HOMME,471.0,,,,,,,,,,0,0,0,0,0,0,0,0,106,0,1,10,7,0,0,124
Feldon,,,,,HOMME,470.0,,,,,,,,,,0,0,0,0,0,0,0,0,0,0,2,0,0,0,0,2
Federen,,,,,HOMME,469.0,,,,,,,,,,0,0,0,0,0,0,0,0,0,0,0,0,0,1,0,1
Farnol,,,,,HOMME,466.0,,,,,,,,,,0,0,0,0,0,0,0,0,0,0,1,0,0,0,0,1
Farley,,,,,HOMME,465.0,,,,,,,,,,0,0,3,0,0,0,0,0,0,0,0,0,0,0,0,3
Fandarel,,,,,HOMME,463.0,,,,,,,,,,0,39,0,0,0,66,1,35,101,0,1,1,95,211,11,561
Famanoran,,,,,HOMME,462.0,,,,,,,,,,0,0,0,0,0,0,6,0,0,0,0,0,0,0,0,6
Falawny,,,,,HOMME,461.0,,,,,,,,,,0,0,0,0,0,0,3,0,0,0,0,0,0,0,0,3
Facenden,,,,,HOMME,460.0,,,,,,,,,,0,0,0,0,0,0,0,0,0,0,1,0,0,2,0,3
F’tol,,,,,HOMME,459.0,,,,,,,,,,0,0,3,0,0,0,0,0,0,0,0,0,0,0,0,3
F’rad,,,Telorth,vert,HOMME,458.0,,,,,,,,,,0,0,0,0,0,0,0,0,6,0,0,0,0,0,0,6
F’nor,F’lor,,Grall,doré,HOMME,457.0,,,,,,,,,,0,0,0,0,0,13,23,245,545,13,16,9,146,32,40,1082
F’nor,,,Canth,brun,HOMME,457.0,,,,,,,,,,0,0,0,0,0,13,23,245,545,12,16,9,146,32,40,1081
F’neldril,,,Mnanth,brun,HOMME,456.0,,,,,,,,,,0,0,0,19,1,0,0,0,0,0,0,0,0,0,0,20
F’lessan,,,Golanth,bronze,HOMME,454.0,,,,,,,,,,0,23,0,0,0,0,0,0,0,0,0,0,30,77,729,859
F’lar,Falla,Fallarnon,Mnementh,bronze,HOMME,453.0,,,,,,,,,,0,76,0,0,0,66,80,846,854,16,1,13,406,371,209,2938
F’gal,,,Sanalth,bronze,HOMME,452.0,,,,,,,,,,0,0,0,15,0,0,0,0,0,0,0,0,0,0,0,15
F’duril,,,Dilenth,bleu,HOMME,451.0,,,,,,,,,,0,0,0,21,0,0,0,0,0,0,0,0,0,0,0,21
Ezra,Keroon,,,,HOMME,450.0,,,,,,,,,,123,2,13,82,16,36,10,25,18,2,0,2,11,13,36,389
Evenek,,,,,HOMME,449.0,,,,,,,,,,0,0,0,0,0,0,17,0,0,0,0,0,0,0,0,17
Evarel,,,,,HOMME,448.0,,,,,,,,,,0,0,0,0,0,0,18,0,0,0,0,0,0,0,0,18
Erragon,,,,,HOMME,446.0,,,,,,,,,,0,0,0,0,0,0,0,0,0,0,0,0,0,0,137,137
Erkin,,,,,HOMME,445.0,,,,,,,,,,0,0,0,0,0,0,4,0,0,0,0,0,0,0,0,4
Eric,Hegelman,,,,HOMME,444.0,,,,,,,,,,8,0,0,0,0,0,0,0,0,0,0,0,0,0,0,8
Emsor,,,,,HOMME,443.0,,,,,,,,,,0,0,0,0,0,0,2,0,0,0,0,0,0,0,0,2
Emilin,,,,,HOMME,442.0,,,,,,,,,,0,0,1,0,0,0,0,0,0,0,0,0,0,0,0,1
Elgion,,,,,HOMME,441.0,,,,,,,,,,0,0,0,0,0,0,0,0,0,154,8,0,0,0,0,162
Eddik,,,,,HOMME,440.0,,,,,,,,,,0,0,0,0,0,2,0,0,0,0,0,0,0,0,0,2
Dushik,,,,,HOMME,439.0,,,,,,,,,,0,0,0,0,0,65,0,0,0,0,0,0,0,0,0,65
Dugall,,,,,HOMME,438.0,,,,,,,,,,0,0,0,0,0,0,1,0,0,0,0,0,0,0,0,1
Drake,Bonneau,,,,HOMME,437.0,,,,,,,,,,83,1,0,0,0,1,0,0,0,0,0,0,0,1,0,86
Dorse,,,,,HOMME,436.0,,,,,,,,,,0,0,0,0,0,11,0,0,0,0,0,0,25,0,20,56
Doral,,,,,HOMME,435.0,,,,,,,,,,0,0,0,0,7,0,0,0,0,0,0,0,0,0,0,7
Domick,,,,,HOMME,434.0,,,,,,,,,,0,0,0,0,0,1,2,0,0,0,172,32,0,8,0,215
Domaize,,,,,HOMME,433.0,,,,,,,,,,0,0,34,0,0,0,0,0,0,0,0,0,0,0,0,34
Dirzan,,,,,HOMME,432.0,,,,,,,,,,0,0,0,0,0,0,0,0,0,0,0,88,0,0,0,88
Dieter,Clissmann,,,,HOMME,431.0,,,,,,,,,,23,0,0,0,0,0,0,0,0,0,0,0,0,0,0,23
Diatis,,,,,HOMME,430.0,,,,,,,,,,0,0,0,4,0,0,0,0,0,0,0,0,0,0,0,4
Desi,Arthied,,,,HOMME,429.0,,,,,,,,,,21,0,0,0,0,0,0,0,0,0,0,0,0,0,0,21
Dermently,,,,,HOMME,428.0,,,,,,,,,,0,0,0,0,0,0,0,0,0,0,5,0,1,0,0,6
Denol,,,,,HOMME,427.0,,,,,,,,,,0,4,0,0,0,17,0,0,0,0,0,0,0,14,1,36
Deegan,,,,,HOMME,426.0,,,,,,,,,,0,0,0,0,0,0,0,0,0,0,0,0,0,3,0,3
Deefer,,,,,HOMME,425.0,,,,,,,,,,0,0,0,6,6,0,0,0,0,0,0,0,0,0,0,12
Deece,,,,,HOMME,424.0,,,,,,,,,,0,0,0,0,0,0,0,0,0,0,1,4,0,0,0,5
Declan,,,,,HOMME,423.0,,,,,,,,,,0,0,0,10,0,0,0,0,0,0,0,0,0,0,0,10
Deckter,,,,,HOMME,422.0,,,,,,,,,,0,1,0,0,0,0,0,0,0,0,0,20,0,7,3,31
David,Catarel,Dave,,,HOMME,421.0,,,,,,,,,,53,0,0,0,0,0,0,0,0,0,0,0,0,0,0,53
Dannell,,,,,HOMME,420.0,,,,,,,,,,0,0,0,2,0,0,0,0,0,0,0,0,0,0,0,2
Dangel,,,,,HOMME,419.0,,,,,,,,,,0,0,0,2,0,0,0,0,0,0,0,0,0,0,0,2
Dag,,,,,HOMME,418.0,,,,,,,,,,0,0,0,73,25,0,0,0,0,0,0,0,0,0,0,98
D’wer,,,Trebeth,bleu,HOMME,417.0,,,,,,,,,,0,0,0,0,0,0,0,0,10,0,0,0,0,0,0,10
D’say,,,Kritith,bronze,HOMME,416.0,,,,,,,,,,0,0,0,19,0,0,0,0,0,0,0,0,0,0,0,19
D’ram,,,Tiroth,bronze,HOMME,415.0,,,,,,,,,,0,12,0,0,0,51,0,11,106,0,0,0,136,127,51,494
D’nol,,,Valenth,bronze,HOMME,414.0,,,,,,,,,,0,0,0,0,0,0,0,21,0,0,0,0,0,0,0,21
D’nek,,,Zagenth,bronze,HOMME,413.0,,,,,,,,,,0,0,0,0,0,0,0,0,1,0,0,0,0,0,0,1
D’namal,,,,,HOMME,412.0,,,,,,,,,,0,0,0,0,0,0,0,0,0,1,0,0,0,0,0,1
D’miel,,,,,HOMME,411.0,,,,,,,,,,0,0,7,0,0,0,0,0,0,0,0,0,0,0,0,7
D’fio,,,Drenth,brun,HOMME,410.0,,,,,,,,,,0,0,0,0,0,0,0,0,0,0,0,0,5,0,0,5
D’clan,,,Pranith,,HOMME,409.0,,,,,,,,,,0,0,0,0,0,0,0,0,0,0,0,0,0,5,0,5
Curran,,,,,HOMME,408.0,,,,,,,,,,0,28,0,0,0,0,0,0,0,0,0,0,0,0,5,33
Curmir,,,,,HOMME,407.0,,,,,,,,,,0,0,0,13,0,0,0,0,0,0,0,0,0,0,0,13
Crivelan,Crivellan-aux-doigts-agiles,,,,HOMME,406.0,,,,,,,,,,0,0,0,0,0,0,0,0,0,0,0,0,0,0,1,1
Crenden,Cren,,,,HOMME,405.0,,,,,,,,,,0,0,0,0,0,75,0,0,0,0,0,0,0,0,0,75
Creline,,,,,HOMME,404.0,,,,,,,,,,0,0,0,0,0,0,3,0,0,0,0,0,0,0,0,3
Cr’not,,,Caith,bronze,HOMME,403.0,,,,,,,,,,0,0,0,9,0,0,0,0,0,0,0,0,0,0,0,9
Corman,,,,,HOMME,402.0,,,,,,,,,,0,1,0,0,0,12,0,2,18,0,0,0,5,58,2,98
Cording,,,,,HOMME,401.0,,,,,,,,,,0,0,0,0,0,0,4,0,0,0,0,0,0,0,0,4
Conwy,,,,,HOMME,400.0,,,,,,,,,,0,0,0,0,0,17,0,0,0,0,0,0,0,0,0,17
Colmin,,,,,HOMME,399.0,,,,,,,,,,0,0,0,0,0,0,0,0,0,0,0,0,0,0,1,1
Cogneur,,,,,HOMME,398.0,,,,,,,,,,0,0,0,0,0,48,0,0,0,0,0,0,0,0,0,48
Cobber,Alhinwa,,,,HOMME,397.0,,,,,,,,,,26,0,0,0,0,0,0,0,0,0,0,0,0,0,0,26
Clostan,,,,,HOMME,396.0,,,,,,,,,,0,0,0,0,0,0,41,0,0,0,0,0,0,0,0,41
Clisser,Cliss,,,,HOMME,395.0,,,,,,,,,,0,0,165,0,0,0,0,0,0,0,0,0,0,0,0,165
Clim,,,,bronze,HOMME,394.0,,,,,,,,,,0,0,1,0,0,0,0,0,0,0,0,0,0,0,0,1
Clell,,,,,HOMME,393.0,,,,,,,,,,0,0,0,0,0,0,0,0,0,0,0,25,0,0,0,25
Clagesh,,,,,HOMME,392.0,,,,,,,,,,0,0,0,3,0,0,0,0,0,0,0,0,0,0,0,3
Ciparis,,,,,HOMME,391.0,,,,,,,,,,0,0,0,0,0,0,0,0,0,0,0,0,0,2,3,5
Chung,,,,,HOMME,390.0,,,,,,,,,,8,0,0,0,0,0,0,0,0,0,0,0,0,0,0,8
Chuck,Kimmage,,,,HOMME,389.0,,,,,,,,,,12,0,0,0,0,20,0,0,0,0,0,0,0,0,0,32
Chuck,Havers,,,,HOMME,388.0,,,,,,,,,,14,0,0,0,0,0,0,0,0,0,0,0,0,0,0,14
Chomas,,,,,HOMME,387.0,,,,,,,,,,0,0,4,0,0,0,0,0,0,0,0,0,0,0,0,4
Chochol,,,,,HOMME,386.0,,,,,,,,,,0,0,0,0,0,0,15,0,0,0,0,0,0,0,0,15
Childon,,,,,HOMME,385.0,,,,,,,,,,0,0,0,0,0,12,0,0,0,0,0,0,0,0,0,12
Chichis-Fusi,,,,,HOMME,384.0,,,,,,,,,,3,0,0,0,0,0,0,0,0,0,0,0,0,0,0,3
Chesmic,,,,,HOMME,383.0,,,,,,,,,,0,0,0,0,0,0,0,0,0,0,0,0,0,0,17,17
Chalkin,,,,,HOMME,382.0,,,,,,,,,,0,0,303,0,0,0,0,0,0,0,0,0,0,0,0,303
Chaldon,,,,,HOMME,381.0,,,,,,,,,,0,0,7,0,0,0,0,0,0,0,0,0,0,0,0,7
Chad,,,,,HOMME,380.0,,,,,,,,,,0,0,0,0,0,0,0,0,7,0,0,0,0,0,0,7
Caselon,,,,,HOMME,378.0,,,,,,,,,,0,0,0,0,0,0,0,0,0,0,0,0,0,31,0,31
Capiam,,,,,HOMME,377.0,,,,,,,,,,0,0,0,447,60,0,0,0,0,0,3,0,0,0,0,510
Canell,,,,,HOMME,376.0,,,,,,,,,,0,0,3,0,0,0,0,0,0,0,0,0,0,0,0,3
Candler ,,,,,HOMME,375.0,,,,,,,,,,0,0,0,0,0,0,0,0,0,0,0,19,0,0,0,19
Campen,,,,,HOMME,374.0,,,,,,,,,,0,0,0,4,41,0,0,0,0,0,0,0,0,0,0,45
Camo,,,,,HOMME,373.0,,,,,,,,,,0,12,0,0,0,0,11,0,0,0,140,6,0,0,0,169
Camo,,,,,HOMME,372.0,,,,,,,,,,0,12,0,0,0,0,11,0,0,0,140,6,0,0,0,169
Calewis,,,,,HOMME,371.0,,,,,,,,,,0,0,0,0,0,0,0,0,0,0,0,0,0,2,0,2
Cabot,Francis,Carter,,,HOMME,369.0,,,,,,,,,,39,0,0,0,0,0,0,0,0,0,0,0,0,0,0,39
C’vrel,,,,,HOMME,368.0,,,,,,,,,,0,0,0,0,0,0,14,0,0,0,0,0,0,0,0,14
C’vert,,,,,HOMME,367.0,,,,,,,,,,0,0,0,2,0,0,0,0,0,0,0,0,0,0,0,2
C’ver,,,Hogarth,brun,HOMME,366.0,,,,,,,,,,0,0,0,6,0,0,0,0,0,0,0,0,0,0,0,6
C’tarel,,,,,HOMME,365.0,,,,,,,,,,0,0,0,0,0,0,0,0,0,2,0,0,0,0,0,2
C’rob,,,Spakinth,,HOMME,364.0,,,,,,,,,,0,0,0,0,0,0,30,0,0,0,0,0,0,0,0,30
Burdion,,,,,HOMME,362.0,,,,,,,,,,0,0,0,5,0,0,0,0,0,0,0,0,0,0,0,5
Brudegan,Bruddie,,,,HOMME,361.0,,,,,,,,,,0,0,0,0,0,0,0,0,14,0,41,0,0,0,0,55
Brosil,,,,,HOMME,360.0,,,,,,,,,,0,0,0,0,0,0,1,0,0,0,0,0,0,0,0,1
Brookie,,,,,HOMME,359.0,,,,,,,,,,0,0,3,0,0,0,0,0,0,0,0,0,0,0,0,3
Brolly,,,,,HOMME,358.0,,,,,,,,,,0,0,0,0,0,0,0,0,0,0,12,8,0,0,0,20
Brodo,,,,,HOMME,357.0,,,,,,,,,,0,0,0,0,0,0,3,0,0,0,0,0,0,0,0,3
Bristol,,,,,HOMME,356.0,,,,,,,,,,0,0,0,0,0,0,3,0,0,0,0,0,0,0,0,3
Briskin,,,,,HOMME,355.0,,,,,,,,,,0,0,2,0,0,0,0,0,0,0,0,0,0,0,0,2
Brinaret,,,,,HOMME,354.0,,,,,,,,,,0,0,0,0,0,0,0,0,0,0,0,1,0,0,0,1
Bridgely,,,,,HOMME,353.0,,,,,,,,,,0,0,85,0,0,0,0,0,0,0,0,0,0,0,0,85
Briaret,,,,,HOMME,352.0,,,,,,,,,,0,0,0,0,0,6,0,0,0,0,0,1,1,2,0,10
Brian,,,,,HOMME,351.0,,,,,,,,,,27,0,0,0,0,0,0,0,0,0,0,0,0,0,0,27
Brever,,,,,HOMME,350.0,,,,,,,,,,0,0,0,0,0,2,0,0,0,0,0,0,0,0,0,2
Brestolli,,,,,HOMME,349.0,,,,,,,,,,0,0,0,0,0,0,0,0,0,0,0,0,0,11,0,11
Brenton,,,,,HOMME,348.0,,,,,,,,,,0,0,1,0,0,0,0,0,0,0,0,0,0,0,0,1
Breide,,,,,HOMME,347.0,,,,,,,,,,0,0,0,0,0,43,0,0,0,0,0,0,0,12,0,55
Bravonner,,,,,HOMME,346.0,,,,,,,,,,0,0,0,0,0,0,5,0,0,0,0,0,0,0,0,5
Brand,,,,bleu,HOMME,344.0,,,,,,,,,,0,0,0,0,0,3,0,1,0,0,0,0,34,47,7,92
Brand,,,,lézard bleu,HOMME,344.0,,,,,,,,,,0,0,0,0,0,3,0,1,0,0,0,0,34,47,7,92
Brahil,,,,,HOMME,343.0,,,,,,,,,,0,0,0,0,0,0,2,0,0,0,0,0,0,0,0,2
Brace,,,,,HOMME,342.0,,,,,,,,,,0,0,0,0,4,0,0,0,0,0,0,0,0,0,0,4
Bourdon,,,,,HOMME,341.0,,,,,,,,,,0,0,0,0,0,0,18,0,1,0,0,0,0,0,0,19
Bosler,,,,,HOMME,340.0,,,,,,,,,,0,0,0,0,0,0,15,0,0,0,0,0,0,0,0,15
Boskoney,,,,,HOMME,339.0,,,,,,,,,,0,41,0,0,0,0,0,0,0,0,0,0,0,0,0,41
Boris,Pahlevi,,,,HOMME,338.0,,,,,,,,,,22,0,14,0,0,0,0,0,0,0,0,0,0,0,0,36
Borgald,Amhold,,,,HOMME,337.0,,,,,,,,,,0,0,0,0,0,46,0,0,0,0,0,0,0,0,0,46
Borel,,,,,HOMME,336.0,,,,,,,,,,0,0,0,0,0,6,0,0,0,0,0,0,0,0,0,6
Bonz,,,,,HOMME,335.0,,,,,,,,,,0,0,0,0,0,0,0,0,0,0,2,11,0,0,0,13
Bob,Jepson,,,,HOMME,334.0,,,,,,,,,,8,0,0,0,0,0,0,0,0,0,0,0,0,0,0,8
Bob,Jorgensen,,,,HOMME,333.0,,,,,,,,,,2,0,0,0,0,0,0,0,0,0,0,0,0,0,0,2
Bloors,,,,,HOMME,332.0,,,,,,,,,,0,0,0,0,0,9,0,0,0,0,0,0,0,0,0,9
Blesserel,,,,,HOMME,331.0,,,,,,,,,,0,0,0,0,0,0,0,0,0,0,0,0,0,30,0,30
Birsan,,,,,HOMME,330.0,,,,,,,,,,0,0,0,0,0,2,0,0,0,0,0,0,0,0,0,2
Binness,,,,,HOMME,329.0,,,,,,,,,,0,0,0,0,0,0,0,0,0,0,0,0,0,0,44,44
Bill,Duff,,,,HOMME,328.0,,,,,,,,,,24,0,0,0,0,0,0,0,0,0,0,0,0,0,0,24
Bestrum,,,,,HOMME,327.0,,,,,,,,,,0,0,0,0,14,0,0,0,0,0,0,0,0,0,0,14
Bessel,,,,,HOMME,326.0,,,,,,,,,,0,0,0,1,0,0,0,0,0,0,0,0,0,0,0,1
Besic,,,,,HOMME,325.0,,,,,,,,,,0,0,0,0,0,0,0,0,0,0,0,0,0,0,14,14
Besel,,,,,HOMME,324.0,,,,,,,,,,0,0,0,0,0,0,0,0,0,0,0,15,0,0,0,15
Berdine,,,,,HOMME,323.0,,,,,,,,,,0,0,0,0,0,0,0,0,0,0,0,12,0,0,0,12
Benis,,,,,HOMME,321.0,,,,,,,,,,0,0,0,0,0,0,0,0,0,0,35,0,0,0,0,35
Benini,,,,,HOMME,320.0,,,,,,,,,,0,0,0,0,0,0,0,0,0,0,0,0,0,0,11,11
Benelek,,,,,HOMME,319.0,,,,,,,,,,0,6,0,0,0,1,0,0,0,0,2,0,18,38,6,71
Bendarek,,,,,HOMME,318.0,,,,,,,,,,0,1,0,0,0,2,0,0,16,0,1,0,7,37,1,65
Belterac,,,,,HOMME,317.0,,,,,,,,,,0,0,0,0,0,0,0,0,0,0,0,0,0,14,0,14
Belesdan,Belesden,,,,HOMME,316.0,,,,,,,,,,0,0,0,0,0,1,0,0,5,0,0,0,0,0,0,6
Begamon,,,,,HOMME,315.0,,,,,,,,,,0,1,0,0,0,0,0,0,0,0,0,0,5,26,0,32
Becky,Nielsen,,,,HOMME,314.0,,,,,,,,,,3,0,0,0,0,0,0,0,0,0,0,0,0,0,0,3
Batunon,,,,,HOMME,313.0,,,,,,,,,,0,0,0,0,0,0,0,0,0,0,0,0,2,0,0,2
Batim,,,,,HOMME,312.0,,,,,,,,,,0,0,0,0,0,0,0,0,0,0,0,0,0,0,18,18
Bastom,,,,,HOMME,311.0,,,,,,,,,,0,0,21,0,0,0,0,0,0,0,0,0,0,0,0,21
Basil,,,,,HOMME,310.0,,,,,,,,,,1,0,0,0,0,0,0,0,0,0,0,0,0,0,0,1
Bart,Lemos,,,,HOMME,309.0,,,,,,,,,,43,1,0,6,2,31,2,4,54,0,1,0,1,13,3,161
Barndy,,,,,HOMME,308.0,,,,,,,,,,0,0,0,0,4,0,0,0,0,0,0,0,0,0,0,4
Bargen,,,,,HOMME,306.0,,,,,,,,,,0,1,0,0,0,0,14,1,2,0,0,3,0,13,16,50
Bantur,,,,,HOMME,305.0,,,,,,,,,,0,0,0,0,0,0,0,0,0,0,1,8,0,0,0,9
Banger,,,,,HOMME,304.0,,,,,,,,,,0,0,0,0,0,0,0,2,0,0,0,0,0,0,0,2
Banak,,,,,HOMME,303.0,,,,,,,,,,0,0,0,0,0,0,0,0,0,0,0,11,0,0,0,11
Balfor,,,,,HOMME,302.0,,,,,,,,,,0,0,0,10,2,0,0,0,0,0,0,0,0,0,0,12
Baldor,,,,,HOMME,301.0,,,,,,,,,,0,0,0,0,0,0,0,0,0,0,0,0,8,0,0,8
Baid,,,,,HOMME,300.0,,,,,,,,,,0,0,0,1,0,0,0,0,0,0,0,0,0,0,0,1
Bahka,,,,,HOMME,299.0,,,,,,,,,,2,0,0,0,0,0,0,0,0,0,0,0,0,0,0,2
B’zon,,,Ranilth,bronze,HOMME,298.0,,,,,,,,,,0,0,0,0,0,5,0,0,0,0,0,0,9,0,0,14
B’rant,,,Fanth,brun,HOMME,297.0,,,,,,,,,,0,0,0,0,0,0,1,5,0,0,0,0,0,0,0,6
B’nurrin,,,,,HOMME,296.0,,,,,,,,,,0,0,32,0,0,0,0,0,0,0,0,0,0,0,0,32
B’naj,,,Seventh,brun,HOMME,294.0,,,,,,,,,,0,0,0,0,0,0,0,0,13,0,0,0,0,0,0,13
B’lerion,,,Nadeth,bronze,HOMME,293.0,,,,,,,,,,0,0,0,115,23,0,0,0,0,0,0,0,0,0,0,138
B’dor,,,,,HOMME,292.0,,,,,,,,,,0,0,0,0,0,0,0,0,6,0,0,0,0,0,0,6
Azury,,,,,HOMME,291.0,,,,,,,,,,0,0,39,0,0,0,0,0,0,0,0,0,0,0,0,39
Athpathis,,,,,HOMME,290.0,,,,,,,,,,2,0,0,0,0,0,0,0,0,0,0,0,0,0,0,2
Ashmichel,,,,,HOMME,289.0,,,,,,,,,,0,0,0,0,0,0,5,0,0,0,0,0,0,0,0,5
Asgenar,,,Rial,brun,HOMME,288.0,,,,,,,,,,0,6,0,0,0,123,0,0,89,0,1,0,4,45,2,270
Arthied,Desi,,,,HOMME,287.0,,,,,,,,,,24,0,0,0,0,0,0,0,0,0,0,0,0,0,0,24
Arnor,,,,,HOMME,286.0,,,,,,,,,,0,0,0,0,0,3,0,0,0,0,12,3,2,7,0,27
Armor,,,,,HOMME,285.0,,,,,,,,,,0,0,0,0,0,1,0,0,0,0,0,0,0,0,0,1
Arminet,,,,,HOMME,284.0,,,,,,,,,,0,0,0,0,0,0,0,0,0,0,0,0,0,0,15,15
Anskono,,,,,HOMME,282.0,,,,,,,,,,0,2,0,0,0,0,0,0,0,0,0,0,0,0,0,2
Anguille,,,,,HOMME,281.0,,,,,,,,,,2,0,0,0,0,0,133,0,0,0,0,0,0,0,0,135
Andremon,,,,,HOMME,280.0,,,,,,,,,,0,1,0,0,0,0,0,0,0,0,0,0,0,0,0,1
Andemon,,,,,HOMME,279.0,,,,,,,,,,0,1,0,0,0,0,0,0,50,0,0,0,3,0,0,54
Anchoran,,,,,HOMME,278.0,,,,,,,,,,0,0,0,0,0,1,0,0,0,0,0,0,0,0,0,1
Ampris,,,,,HOMME,277.0,,,,,,,,,,0,0,0,0,0,0,0,0,0,0,0,0,0,1,0,1
Alessan,,,,,HOMME,276.0,,,,,,,,,,0,0,0,595,150,0,0,0,0,0,0,0,0,0,0,745
Alemi,Onclemi,Lemi,,,HOMME,275.0,,,,,,,,,,0,465,0,0,0,12,0,0,0,97,2,0,0,21,0,597
Alemi,,,,,HOMME,274.0,,,,,,,,,,0,435,0,0,0,12,0,0,0,97,2,0,0,21,0,567
Aleki,,,,,HOMME,273.0,,,,,,,,,,0,3,0,0,0,0,0,0,0,0,0,0,0,0,0,3
Afnor,,,,,HOMME,272.0,,,,,,,,,,0,0,0,0,0,0,0,0,0,0,0,0,0,3,1,4
A’murry,,,Granth,vert,HOMME,271.0,,,,,,,,,,0,0,0,21,0,0,0,0,0,0,0,0,0,0,0,21
A’dan,,,Tigrath,vert,HOMME,270.0,,,,,,,,,,0,0,0,28,0,0,0,0,0,0,0,0,0,0,0,28
Zulaya,,,Meranath,reine,FEMME,269.0,,,,,,,,,,0,0,178,0,0,0,0,0,0,0,0,0,0,0,0,178
Zalla,,,,,FEMME,268.0,,,,,,,,,,0,0,0,0,0,0,0,0,0,0,0,0,0,0,2,2
Winalla,,,,,FEMME,267.0,,,,,,,,,,0,0,0,0,0,0,7,0,0,0,0,0,0,0,0,7
Wimmia,,,Torenth,reine,FEMME,266.0,,,,,,,,,,0,0,0,5,0,0,0,0,0,0,0,0,0,0,0,5
Wil,,,,,FEMME,265.0,,,,,,,,,,0,0,0,0,0,0,0,0,0,0,0,0,0,0,1,1
Virginia,,,,,FEMME,264.0,,,,,,,,,,0,0,0,0,0,0,0,1,0,0,0,0,0,0,0,1
Vessa,,,,,FEMME,263.0,,,,,,,,,,0,0,0,0,0,0,0,0,0,0,0,0,0,0,1,1
Vesna,,,,,FEMME,262.0,,,,,,,,,,0,0,0,0,0,0,6,0,0,0,0,0,0,0,0,6
Varena,Vanira,Nanira,Ralenth,reine,FEMME,261.0,,,,,,,,,,0,0,0,0,0,0,0,0,6,0,0,0,0,0,0,6
Valli,Lieb,,,,FEMME,260.0,,,,,,,,,,8,0,0,0,0,0,0,0,0,0,0,0,0,0,0,8
Tumara,,,,,FEMME,259.0,,,,,,,,,,0,0,0,0,0,0,0,0,0,0,0,0,0,6,0,6
Triana,,,,,FEMME,258.0,,,,,,,,,,0,0,0,0,0,0,5,0,0,0,0,0,0,0,0,5
Torene,,,,,FEMME,257.0,,,,,,,,,,0,0,0,0,0,0,0,3,0,0,0,0,0,0,0,3
Tisha,,,,,FEMME,256.0,,,,,,,,,,0,0,87,0,0,0,0,0,0,0,0,0,0,0,0,87
Thea,,,,,FEMME,255.0,,,,,,,,,,0,0,24,0,0,0,0,0,0,0,0,0,0,0,0,24
Tenna,,,,,FEMME,254.0,,,,,,,,,,0,0,0,0,0,0,0,0,0,0,0,0,0,0,18,18
Temma,,,,,FEMME,253.0,,,,,,,,,,0,36,0,0,0,62,0,0,0,0,0,0,0,0,0,98
Tellani,,,,,FEMME,252.0,,,,,,,,,,0,0,0,8,0,0,0,0,0,0,0,0,0,0,0,8
Tela,,,,,FEMME,251.0,,,,,,,,,,0,0,0,0,0,0,2,6,0,0,0,0,0,0,0,8
Tarrie,Chernoff,,,,FEMME,250.0,,,,,,,,,,43,0,0,0,0,0,0,0,0,0,0,0,0,0,0,43
Talina,,,Arwith,,FEMME,249.0,,,,,,,,,,0,0,0,0,0,0,0,0,15,0,1,0,0,0,12,28
Tai,,,Zaranth,vert,FEMME,248.0,,,,,,,,,,0,0,0,0,0,0,0,0,0,0,0,0,0,0,478,478
T’bor,,,Orth,bronze,FEMME,247.0,,,,,,,,,,0,7,0,0,0,2,0,25,180,1,0,7,3,2,0,227
Sydra,,,,,FEMME,246.0,,,,,,,,,,0,0,20,0,0,0,0,0,0,0,0,0,0,0,0,20
Svenda,Olubushtu,,,,FEMME,245.0,,,,,,,,,,11,0,0,0,0,0,0,0,0,0,0,0,0,0,0,11
Suze,,,,,FEMME,244.0,,,,,,,,,,0,0,5,0,0,0,0,0,0,0,0,0,0,0,0,5
Sue,Havers,,,,FEMME,242.0,,,,,,,,,,11,16,0,0,0,0,0,0,0,0,0,0,0,0,0,27
Stolla,,,,,FEMME,241.0,,,,,,,,,,0,0,0,0,0,0,2,0,0,0,0,0,0,0,0,2
Stella,,,,,FEMME,240.0,,,,,,,,,,0,0,0,0,0,0,0,0,0,1,0,0,0,0,0,1
Sorka,,,Duke,lézard ,FEMME,239.0,,,,,,,,,,435,0,2,0,0,0,0,0,0,0,0,0,0,2,0,439
Sorka,,,Faranth,,FEMME,239.0,,,,,,,,,,435,0,2,0,0,0,0,0,0,0,0,0,0,2,0,439
Soreel,,,,,FEMME,238.0,,,,,,,,,,0,0,0,0,0,0,0,0,0,6,0,0,0,0,0,6
Solth,,,,,FEMME,237.0,,,,,,,,,,0,0,0,0,0,0,0,0,1,0,0,0,0,1,1,3
Sitta,,,,,FEMME,236.0,,,,,,,,,,0,0,0,0,0,0,11,0,0,0,0,0,0,0,0,11
Sirrie,,,,,FEMME,235.0,,,,,,,,,,0,0,0,0,0,0,5,0,0,0,0,0,0,0,0,5
Sira,,,,,FEMME,234.0,,,,,,,,,,1,0,0,0,3,0,0,0,0,0,0,0,0,0,0,4
Sim,,,,,FEMME,233.0,,,,,,,,,,0,0,0,2,26,0,0,0,0,0,0,0,0,0,0,28
Silvina,,,,,FEMME,232.0,,,,,,,,,,0,0,0,0,0,1,44,0,0,0,220,74,5,0,0,344
Silvana,,,,,FEMME,231.0,,,,,,,,,,0,0,0,0,0,0,4,0,0,0,1,0,4,0,0,9
Silga,,,Brixth,reine,FEMME,229.0,,,,,,,,,,0,0,0,1,0,0,0,0,0,0,0,0,0,3,0,4
Sicca,,,,,FEMME,228.0,,,,,,,,,,0,0,0,0,0,0,0,0,0,0,0,0,0,0,1,1
Shavva,Fahroud,,,,FEMME,227.0,,,,,,,,,,7,0,0,0,0,0,0,0,0,0,0,0,0,0,0,7
Sharra,Sharrie,,,,FEMME,226.0,,,,,,,,,,0,3,0,0,0,150,0,0,0,0,0,34,234,279,86,786
Sharra,,,Meer,lézard bronze,FEMME,225.0,,,,,,,,,,0,3,0,0,0,149,0,0,0,0,0,34,234,279,86,785
Sharra,,,Talla,lézard brun,FEMME,225.0,,,,,,,,,,0,3,0,0,0,149,0,0,0,0,0,34,234,279,86,785
Sella,,,,,FEMME,224.0,,,,,,,,,,0,0,0,1,0,1,1,0,0,47,1,0,0,0,0,51
Segoina,,,,,FEMME,223.0,,,,,,,,,,0,0,0,0,0,0,10,0,0,0,0,0,0,0,0,10
Sarra,,,,,FEMME,222.0,,,,,,,,,,0,0,17,0,0,0,0,0,0,0,0,0,0,0,0,17
Sarai,,,,,FEMME,221.0,,,,,,,,,,0,0,6,0,0,0,0,0,0,0,0,0,0,0,0,6
Sarah,,,,,FEMME,220.0,,,,,,,,,,1,0,0,0,0,0,0,0,0,0,0,0,0,0,0,1
Sanra,,,,,FEMME,219.0,,,,,,,,,,0,0,0,0,0,0,0,0,0,22,0,0,0,0,0,22
Sallisha,,,,,FEMME,218.0,,,,,,,,,,0,0,27,0,0,0,0,0,0,0,0,0,0,0,0,27
Sallah,,,,,FEMME,216.0,,,,,,,,,,294,0,0,0,0,1,0,0,0,0,0,0,0,22,0,317
Salda,,,,,FEMME,215.0,,,,,,,,,,0,0,26,0,0,0,0,0,0,0,0,0,0,0,0,26
Sagassy,,,,,FEMME,214.0,,,,,,,,,,0,0,0,0,0,0,0,0,0,0,0,0,0,0,21,21
Saday,,,,,FEMME,213.0,,,,,,,,,,0,0,0,0,0,0,8,0,0,0,0,0,0,0,0,8
Sabra,Ongola,Stein,Fancy,lézard ,FEMME,212.0,,,,,,,,,,213,0,0,0,0,0,0,0,0,0,0,0,0,0,0,213
Rosheen,,,Ola,reine,FEMME,211.0,,,,,,,,,,0,0,0,0,0,0,0,0,0,0,0,0,0,0,46,46
Robina,,,,,FEMME,210.0,,,,,,,,,,0,3,0,0,0,0,0,0,0,0,0,0,0,0,0,3
Rill,Nerilka,,,,FEMME,209.0,,,,,,,,,,0,0,0,38,89,0,0,0,0,11,0,0,0,0,0,138
Relna,,,,,FEMME,208.0,,,,,,,,,,0,0,0,0,0,0,3,0,0,0,0,0,0,0,0,3
Rannelly,Rannely,,,,FEMME,207.0,,,,,,,,,,0,0,0,0,0,0,0,0,14,0,0,0,0,0,0,14
Ramala,,,,,FEMME,206.0,,,,,,,,,,0,1,0,0,0,31,0,0,0,0,0,0,0,1,9,42
Prilla,,,Selianth,reine,FEMME,205.0,,,,,,,,,,0,0,0,0,0,0,0,0,0,0,0,0,2,0,3,5
Pona,,,,,FEMME,204.0,,,,,,,,,,0,0,0,0,0,0,0,0,0,0,78,0,0,0,0,78
Pilgra,,,Selgrith,reine,FEMME,203.0,,,,,,,,,,0,0,0,0,0,0,0,0,10,0,0,0,0,0,32,42
Pessia,,,,,FEMME,202.0,,,,,,,,,,0,0,0,0,0,0,8,0,0,0,0,0,0,0,0,8
Pendora,,,,,FEMME,200.0,,,,,,,,,,0,0,0,0,0,0,0,0,0,0,0,0,0,0,0,0
Patsy,Swann,,,,FEMME,199.0,,,,,,,,,,1,0,0,0,0,0,0,0,0,0,0,0,0,0,0,1
Palla,,,Talmanth,reine,FEMME,198.0,,,,,,,,,,0,0,0,0,0,0,0,0,0,0,0,0,0,0,16,16
Orna,,,,,FEMME,197.0,,,,,,,,,,0,0,0,18,0,0,0,0,0,0,0,0,0,0,0,18
Oma,,,,,FEMME,196.0,,,,,,,,,,0,0,0,6,0,0,0,0,0,0,0,0,0,0,0,6
Oklina,,,Hannath,reine,FEMME,195.0,,,,,,,,,,0,0,0,100,72,0,0,0,0,0,0,0,0,0,0,172
Nyassa,Clissmann,,,,FEMME,194.0,,,,,,,,,,12,0,0,0,0,0,0,0,0,0,0,0,0,0,0,12
Nora,Sejby,,Tenneth,or,FEMME,193.0,,,,,,,,,,12,0,0,0,0,0,0,0,0,0,0,0,0,0,0,12
Nika,,,,,FEMME,192.0,,,,,,,,,,0,1,0,0,0,0,0,0,0,0,0,0,0,0,0,1
Nia,,,,,FEMME,191.0,,,,,,,,,,0,0,0,0,6,0,0,0,0,0,0,0,1,1,0,8
Nesso,,,,,FEMME,190.0,,,,,,,,,,0,0,0,86,0,0,0,0,0,0,0,0,0,0,0,86
Nera,,,,,FEMME,189.0,,,,,,,,,,0,0,0,1,0,0,0,0,0,0,0,0,0,1,0,2
Neldama,,,Yasith,,FEMME,188.0,,,,,,,,,,0,0,0,0,0,0,0,0,0,0,0,0,0,0,6,6
Neilla,,,,,FEMME,187.0,,,,,,,,,,0,0,0,0,0,0,1,0,0,0,0,0,0,0,0,1
Nattai,,,,,FEMME,186.0,,,,,,,,,,0,0,0,1,0,0,0,0,0,0,0,0,0,0,0,1
Nataly,,,,,FEMME,185.0,,,,,,,,,,0,0,0,0,0,0,0,0,0,0,0,0,0,6,0,6
Namurra,,,Jillith,reine,FEMME,184.0,,,,,,,,,,0,0,0,1,0,0,0,0,0,0,0,0,0,0,0,1
Nalka,,,,,FEMME,183.0,,,,,,,,,,0,0,0,0,9,0,0,0,0,0,0,0,0,0,0,9
Nadona,,,,,FEMME,182.0,,,,,,,,,,0,0,18,0,0,0,0,0,0,0,0,0,0,0,0,18
Nadira,,,,reine,FEMME,181.0,,,,,,,,,,0,0,0,0,0,0,0,0,4,0,0,0,0,0,2,6
Murda,,,,,FEMME,180.0,,,,,,,,,,0,0,0,0,0,7,0,0,0,0,0,0,0,0,0,7
Mislue,,,,,FEMME,178.0,,,,,,,,,,0,1,0,0,0,0,0,0,0,0,0,0,0,0,0,1
Mirrim,,,Path,vert,FEMME,177.0,,,,,,,,,,0,50,0,0,0,2,0,0,56,108,4,39,79,84,89,511
Mirrim,,,Reppa,lézard vert,FEMME,177.0,,,,,,,,,,0,50,0,0,0,2,0,0,56,108,4,39,79,84,89,511
Mirrim,,,Lok,lézard vert,FEMME,177.0,,,,,,,,,,0,50,0,0,0,2,0,0,56,108,4,39,79,84,89,511
Mirrim,,,Tolly,lézard brun,FEMME,177.0,,,,,,,,,,0,50,0,0,0,2,0,0,56,108,4,39,79,84,89,511
Miridan,,,Sutanith,reine,FEMME,176.0,,,,,,,,,,0,0,0,2,0,0,0,0,0,0,0,0,0,0,0,2
Miata,,,,,FEMME,174.0,,,,,,,,,,0,0,0,0,0,0,1,0,0,0,0,0,0,0,0,1
Mesla,,,,,FEMME,173.0,,,,,,,,,,0,0,5,0,0,0,0,0,0,0,0,0,0,0,0,5
Merika,,,,reine,FEMME,171.0,,,,,,,,,,0,0,0,0,0,0,0,0,6,0,0,0,2,0,0,8
Menolly,Nolly,Monolly,Beauté,reine,FEMME,168.0,,,,,,,,,,0,146,0,0,0,30,0,0,0,610,995,303,323,121,26,2554
Menolly,,,Rocky,bronze,FEMME,168.0,,,,,,,,,,0,133,0,0,0,30,0,0,0,610,995,302,323,121,26,2540
Menolly,,,Diver,bronze,FEMME,168.0,,,,,,,,,,0,133,0,0,0,30,0,0,0,610,995,302,323,121,26,2540
Menolly,,,Poll,bronze,FEMME,168.0,,,,,,,,,,0,133,0,0,0,30,0,0,0,610,995,302,323,121,26,2540
Menolly,,,Paresseux,brun,FEMME,168.0,,,,,,,,,,0,133,0,0,0,30,0,0,0,610,995,302,323,121,26,2540
Menolly,,,Minic,brun,FEMME,168.0,,,,,,,,,,0,133,0,0,0,30,0,0,0,610,995,302,323,121,26,2540
Menolly,,,Brownie,brun,FEMME,168.0,,,,,,,,,,0,133,0,0,0,30,0,0,0,610,995,302,323,121,26,2540
Menolly,,,Tantine 1,vert,FEMME,168.0,,,,,,,,,,0,133,0,0,0,30,0,0,0,610,995,302,323,121,26,2540
Menolly,,,Tantine 2,vert,FEMME,168.0,,,,,,,,,,0,133,0,0,0,30,0,0,0,610,995,302,323,121,26,2540
Menolly,,,Oncle,bleu,FEMME,168.0,,,,,,,,,,0,133,0,0,0,30,0,0,0,610,995,302,323,121,26,2540
Mellora,,,Dalgeth,reine,FEMME,167.0,,,,,,,,,,0,0,0,0,0,0,0,0,0,0,0,0,0,0,0,0
Medda,,,,,FEMME,166.0,,,,,,,,,,0,0,0,0,0,0,0,0,0,0,0,0,0,0,16,16
Mechalla,,,,,FEMME,165.0,,,,,,,,,,0,0,0,0,0,1,0,0,0,0,0,0,0,0,0,1
Mavi,,,,,FEMME,164.0,,,,,,,,,,0,1,0,0,0,0,0,0,0,84,1,0,0,0,0,86
Mary,Tubberman,,,,FEMME,163.0,,,,,,,,,,108,0,4,0,0,0,0,0,0,0,0,0,0,0,3,115
Mari,,,,,FEMME,162.0,,,,,,,,,,4,2,13,1,5,12,19,0,0,0,1,0,0,5,1,63
Margatta,,,Ludeth,reine,FEMME,161.0,,,,,,,,,,0,0,0,0,0,0,0,0,0,0,0,0,2,0,3,5
Margatta,,,Luduth,,FEMME,161.0,,,,,,,,,,0,0,0,0,0,0,0,0,0,0,0,0,2,0,3,5
Marella,,,,,FEMME,160.0,,,,,,,,,,0,0,0,0,0,12,0,0,0,0,0,0,0,0,3,15
Mardy,,,,,FEMME,159.0,,,,,,,,,,0,0,0,0,0,0,3,0,0,0,0,0,0,0,0,3
Mardra,,,Loranth,reine,FEMME,158.0,,,,,,,,,,0,0,0,0,0,18,0,25,46,0,0,5,4,2,0,100
Marcine,,,,,FEMME,157.0,,,,,,,,,,0,0,0,0,0,0,7,0,0,0,0,0,0,0,0,7
Mara,,,,,FEMME,156.0,,,,,,,,,,0,0,0,0,3,0,0,0,0,0,0,0,0,0,0,3
Manora,,,,,FEMME,155.0,,,,,,,,,,0,0,0,0,0,0,9,60,72,50,6,2,5,4,34,242
Maizella,,,,,FEMME,154.0,,,,,,,,,,0,0,0,0,0,0,57,0,0,0,0,0,0,0,0,57
Mairi,,,,,FEMME,153.0,,,,,,,,,,30,0,0,0,0,0,0,0,0,0,0,0,0,0,0,30
Magalia,,,,,FEMME,152.0,,,,,,,,,,0,0,0,0,0,0,0,0,0,0,0,0,0,0,1,1
Lucil,,,,,FEMME,150.0,,,,,,,,,,0,0,0,0,1,0,0,0,0,0,0,0,0,0,0,1
Luccha,,,,,FEMME,149.0,,,,,,,,,,0,0,5,0,0,0,0,0,0,0,0,0,0,0,0,5
Lotricia,,,,,FEMME,148.0,,,,,,,,,,0,0,0,0,0,0,15,0,0,0,0,0,0,0,0,15
Lotricia,,,,,FEMME,147.0,,,,,,,,,,0,0,0,0,0,0,15,0,0,0,0,0,0,0,0,15
Lorra,,,,,FEMME,146.0,,,,,,,,,,0,0,0,0,0,0,48,0,0,0,0,0,0,0,0,48
Loreana,,,,,FEMME,145.0,,,,,,,,,,0,0,0,1,0,0,0,0,0,0,0,0,0,0,0,1
Lonada,,,,,FEMME,144.0,,,,,,,,,,0,0,2,0,0,0,0,0,0,0,0,0,0,0,0,2
Lissala,,,,,FEMME,143.0,,,,,,,,,,0,0,0,0,0,0,3,0,0,0,0,0,0,0,0,3
Lilla,,,,,FEMME,142.0,,,,,,,,,,0,0,0,0,6,0,0,0,0,0,0,0,0,0,0,6
Lidora,,,Ilith,reine,FEMME,141.0,,,,,,,,,,0,0,0,14,1,0,0,0,0,0,0,0,0,0,0,15
Libby,,,,,FEMME,140.0,,,,,,,,,,0,0,0,0,0,0,13,0,0,0,0,0,0,0,0,13
Levalla,,,Oribeth,reine,FEMME,139.0,,,,,,,,,,0,0,0,24,0,0,0,0,0,0,0,0,0,0,0,24
Lessa,,,Ramoth,reine,FEMME,138.0,,,,,,,,,,0,82,0,0,0,120,14,674,440,45,3,20,309,353,292,2352
Leri,,,Holth,reine,FEMME,137.0,,,,,,,,,,0,0,0,306,13,0,0,0,0,0,0,0,0,0,0,319
Lemsia,,,,,FEMME,136.0,,,,,,,,,,0,0,0,0,0,0,0,0,0,0,0,0,0,1,0,1
Laura,,,,,FEMME,135.0,,,,,,,,,,0,0,6,0,0,0,0,0,0,0,0,0,0,0,0,6
Lally,Moorhouse,,,,FEMME,133.0,,,,,,,,,,1,0,0,0,0,0,0,0,0,0,0,0,0,0,0,1
Laela,,,,,FEMME,132.0,,,,,,,,,,0,0,0,0,0,0,5,0,0,0,0,0,0,0,0,5
Kylara,,,Pridith,or,FEMME,131.0,,,,,,,,,,0,0,0,0,0,4,0,38,230,5,0,3,6,0,0,286
Kylara,,,Prideth,reine,FEMME,131.0,,,,,,,,,,0,0,0,0,0,4,0,38,230,5,0,3,6,0,0,286
Kulla,,,,,FEMME,130.0,,,,,,,,,,0,0,0,0,0,0,9,0,0,0,0,0,0,0,0,9
Kubisa,,,,,FEMME,129.0,,,,,,,,,,0,0,0,0,0,0,24,0,0,0,0,0,0,0,0,24
Klada,,,,,FEMME,128.0,,,,,,,,,,0,0,0,0,0,0,4,0,0,0,0,0,0,0,0,4
Kitrin,,,,,FEMME,127.0,,,,,,,,,,0,26,0,0,0,0,0,0,0,0,0,0,0,0,0,26
Kitral,,,,,FEMME,126.0,,,,,,,,,,0,1,0,0,0,0,0,0,0,0,0,0,0,0,0,1
Kit,Ping,Kitti,,,FEMME,125.0,,,,,,,,,,113,0,0,0,0,0,0,0,0,0,0,0,0,2,0,115
Kenelas,,,,,FEMME,123.0,,,,,,,,,,0,0,0,0,0,0,0,0,0,0,0,0,0,0,0,0
Kenalas,,,,,FEMME,122.0,,,,,,,,,,0,0,0,0,0,0,0,0,1,0,0,0,0,0,0,1
Keita,,,,,FEMME,121.0,,,,,,,,,,0,0,0,0,0,4,0,0,0,0,0,0,0,0,39,43
Kathy,Duff,,,or,FEMME,120.0,,,,,,,,,,28,0,0,0,0,0,0,0,0,0,0,0,0,0,0,28
Kamina,,,,,FEMME,118.0,,,,,,,,,,0,0,0,2,0,0,0,0,0,0,0,0,0,0,0,2
Kamiana,,,Pelianth,reine,FEMME,117.0,,,,,,,,,,0,0,0,21,3,0,0,0,0,0,0,0,0,0,0,24
Kami,,,,,FEMME,116.0,,,,,,,,,,0,31,0,0,0,0,0,0,0,0,0,0,0,0,0,31
Juvana,,,,,FEMME,115.0,,,,,,,,,,0,0,0,0,0,0,58,0,0,0,0,0,0,0,0,58
Jule,,,,,FEMME,114.0,,,,,,,,,,0,0,17,0,0,0,0,0,0,0,0,0,0,0,0,17
Ju,Adjai,Adjar,,,FEMME,113.0,,,,,,,,,,7,0,0,0,0,0,0,0,0,0,0,0,0,1,0,8
Josetta,,,,,FEMME,112.0,,,,,,,,,,0,0,0,0,0,0,0,0,0,0,0,0,0,0,1,1
Jissamy,,,,,FEMME,110.0,,,,,,,,,,0,0,0,0,0,0,0,0,0,0,0,0,0,5,0,5
Jenfa,,,,,FEMME,109.0,,,,,,,,,,0,0,0,0,0,1,0,0,0,0,0,0,0,0,0,1
Janissian,,,,,FEMME,108.0,,,,,,,,,,0,0,0,0,0,0,0,0,0,0,0,0,0,0,21,21
Jane,,,,,FEMME,107.0,,,,,,,,,,0,0,11,0,0,0,0,0,0,0,0,0,0,0,0,11
Jancis,,,,,FEMME,106.0,,,,,,,,,,0,2,0,0,0,138,0,0,0,0,0,0,0,176,10,326
Janara,,,,,FEMME,105.0,,,,,,,,,,0,0,0,0,0,2,0,0,0,0,0,0,0,0,0,2
Jallora,,,,,FEMME,104.0,,,,,,,,,,0,0,0,26,1,0,0,0,0,0,0,0,0,0,0,27
Ita,,,,,FEMME,103.0,,,,,,,,,,0,0,0,0,0,0,0,0,0,0,0,0,0,0,3,3
Isla,,,,,FEMME,102.0,,,,,,,,,,0,0,0,0,0,0,2,0,0,0,0,0,0,0,0,2
Irene,,,,,FEMME,101.0,,,,,,,,,,0,0,31,0,0,0,0,0,0,0,0,0,0,0,0,31
Holht,,,,,FEMME,100.0,,,,,,,,,,0,0,0,1,0,0,0,0,0,0,0,0,0,0,0,1
Hayara,,,,,FEMME,99.0,,,,,,,,,,0,0,0,0,0,0,46,0,0,0,0,0,0,0,0,46
Haura,,,Werth,reine,FEMME,98.0,,,,,,,,,,0,0,0,15,1,0,0,0,0,0,0,0,0,0,0,16
Hally,,,,,FEMME,97.0,,,,,,,,,,0,1,0,0,0,0,0,0,0,0,0,0,0,0,0,1
Halanna,,,,,FEMME,96.0,,,,,,,,,,0,0,0,0,0,0,54,0,0,0,0,0,0,0,0,54
Grisella,,,,,FEMME,95.0,,,,,,,,,,0,0,2,0,0,0,0,0,0,0,0,0,0,0,0,2
Greta,,,,,FEMME,94.0,,,,,,,,,,23,0,0,0,0,0,0,0,0,0,0,0,0,0,0,23
Gisa,,,,,FEMME,92.0,,,,,,,,,,0,0,7,0,0,0,0,0,0,0,0,0,0,0,0,7
Ginia,,,,,FEMME,91.0,,,,,,,,,,0,0,0,0,0,0,52,0,0,0,0,0,0,0,0,52
Gana,,,,,FEMME,89.0,,,,,,,,,,0,0,0,0,12,0,0,0,0,0,0,0,0,0,0,12
Gallardy,,,,,FEMME,88.0,,,,,,,,,,0,0,0,11,0,0,0,0,0,0,0,0,0,0,0,11
Fransman,,,,,FEMME,87.0,,,,,,,,,,0,0,0,0,0,0,0,0,0,0,1,0,0,0,0,1
Fleur,du Vent,,,,FEMME,86.0,,,,,,,,,,67,1,3,2,0,1,2,3,0,5,0,1,3,1,3,92
Fira,,,,,FEMME,85.0,,,,,,,,,,0,0,0,0,0,2,0,0,0,0,0,0,0,0,0,2
Ferina,,,,,FEMME,84.0,,,,,,,,,,0,0,5,0,0,0,0,0,0,0,0,0,0,0,0,5
Fenela,,,,,FEMME,83.0,,,,,,,,,,0,0,0,0,0,0,0,0,0,1,1,0,0,0,0,2
Felicia,,,,,FEMME,82.0,,,,,,,,,,4,0,0,0,0,0,0,0,0,0,0,0,0,0,0,4
Felena,,,,,FEMME,81.0,,,,,,,,,,0,0,0,0,0,0,0,0,0,25,3,0,0,0,0,28
Faselly,,,,,FEMME,80.0,,,,,,,,,,0,0,0,0,0,0,0,0,0,0,0,0,0,1,0,1
Famira,,,,vert,FEMME,78.0,,,,,,,,,,0,0,0,0,0,0,0,0,11,0,0,0,0,0,0,11
Falga,,,Tamianth,reine,FEMME,77.0,,,,,,,,,,0,0,0,50,1,0,0,0,0,0,0,0,0,0,0,51
Evelene,,,,,FEMME,76.0,,,,,,,,,,0,0,0,0,0,0,6,0,0,0,0,0,0,0,0,6
Evan,,,,,FEMME,75.0,,,,,,,,,,0,0,0,0,0,0,0,0,0,0,0,0,0,16,0,16
Esrella,,,,,FEMME,74.0,,,,,,,,,,0,0,0,0,0,0,0,0,0,0,0,0,0,1,0,1
Empie,,,Dulchenth,reine,FEMME,73.0,,,,,,,,,,0,0,0,2,0,0,0,0,0,0,0,0,0,0,0,2
Emily,Boll,Em,,,FEMME,72.0,,,,,,,,,,245,6,10,14,5,10,13,3,22,0,5,1,4,7,31,376
Elimona,,,,,FEMME,71.0,,,,,,,,,,0,0,0,0,0,0,0,0,0,0,0,0,0,2,0,2
Egara,,,,,FEMME,70.0,,,,,,,,,,0,0,0,0,0,0,0,0,0,0,0,0,0,0,1,1
Durras,,,,,FEMME,69.0,,,,,,,,,,0,3,0,0,0,0,0,0,0,0,0,0,0,0,0,3
Duras,,,,,FEMME,68.0,,,,,,,,,,0,0,0,0,0,0,0,0,0,0,0,0,0,0,0,0
Dunca,,,,,FEMME,67.0,,,,,,,,,,0,0,0,0,0,0,0,0,0,0,98,0,0,0,0,98
Dulsay,,,,,FEMME,66.0,,,,,,,,,,0,0,0,0,0,4,0,0,0,0,0,0,0,0,11,15
Dresda,,,,,FEMME,65.0,,,,,,,,,,0,0,0,1,0,0,0,0,0,0,0,0,0,0,0,1
Diona,,,Killanath,reine,FEMME,63.0,,,,,,,,,,0,0,0,18,0,0,0,0,0,0,0,0,0,0,0,18
Desdra,,,,,FEMME,62.0,,,,,,,,,,0,0,0,141,70,0,0,0,0,0,0,0,0,0,0,211
Delart,,,,,FEMME,61.0,,,,,,,,,,0,0,0,0,0,0,0,0,0,0,0,0,0,0,1,1
Deelan,,,,vert,FEMME,60.0,,,,,,,,,,0,0,0,0,0,0,0,0,0,0,0,0,18,0,0,18
Debera,Deb,,Morath,,FEMME,59.0,,,,,,,,,,0,0,172,0,0,0,0,0,0,0,0,0,0,0,0,172
Danja,,,,,FEMME,58.0,,,,,,,,,,0,0,19,0,0,0,0,0,0,0,0,0,0,0,0,19
Danegga,,,,,FEMME,57.0,,,,,,,,,,0,0,0,0,0,0,0,0,0,0,0,0,0,0,5,5
Dalova,,,Perforth,reine,FEMME,56.0,,,,,,,,,,0,0,0,11,0,0,0,0,0,0,0,0,0,0,0,11
Dalova,,,Allaneth,reine,FEMME,56.0,,,,,,,,,,0,0,0,11,0,0,0,0,0,0,0,0,0,0,0,11
Dalma,,,,,FEMME,55.0,,,,,,,,,,0,0,0,0,0,0,8,0,0,0,0,0,0,0,0,8
Curella,,,,,FEMME,54.0,,,,,,,,,,0,0,0,0,0,0,0,0,0,0,0,0,0,0,1,1
Cosira,,,Caylith,reine,FEMME,53.0,,,,,,,,,,0,0,0,0,0,0,0,0,0,0,0,0,4,0,8,12
Corana,,,,,FEMME,52.0,,,,,,,,,,0,0,0,0,0,0,0,0,0,0,0,0,43,0,0,43
Clargesh,,,,,FEMME,51.0,,,,,,,,,,0,0,0,1,0,0,0,0,0,0,0,0,0,0,0,1
Chio-Chio,,,,,FEMME,50.0,,,,,,,,,,2,0,0,0,0,0,0,0,0,0,0,0,0,0,0,2
Cherry,Duff,,,,FEMME,49.0,,,,,,,,,,38,0,6,0,0,0,0,0,0,0,0,0,0,0,0,44
Chenoa,,,,,FEMME,48.0,,,,,,,,,,0,0,0,0,0,0,0,0,0,0,0,0,0,0,2,2
Chaila,Zavior,Kimmage,,,FEMME,47.0,,,,,,,,,,7,0,0,0,0,20,0,0,0,0,0,0,0,0,0,27
Celina,,,Lamanth,reine,FEMME,46.0,,,,,,,,,,0,0,0,0,0,0,0,0,0,0,0,0,0,2,0,2
Cathy,,,,,FEMME,45.0,,,,,,,,,,4,0,0,0,0,0,0,0,0,0,0,0,0,0,0,4
Carol,Duff,Vassaloe,,,FEMME,42.0,,,,,,,,,,23,0,0,0,0,0,0,0,0,0,0,0,0,0,0,23
Cara,,,,,FEMME,41.0,,,,,,,,,,9,0,0,0,0,0,0,0,0,0,0,0,0,0,0,9
Campila,,,,,FEMME,40.0,,,,,,,,,,0,0,0,0,0,0,0,0,0,0,0,0,0,1,0,1
Brinna,,,,,FEMME,39.0,,,,,,,,,,0,0,0,0,0,0,0,0,0,0,0,0,0,1,0,1
Briala,,,,,FEMME,38.0,,,,,,,,,,0,0,0,0,0,0,0,0,0,0,24,0,0,0,0,24
Brekke,Brekker,,Berd,bronze,FEMME,37.0,,,,,,,,,,0,0,0,0,0,16,0,0,375,37,16,7,165,10,6,632
Brekke,,,Wirenth,reine,FEMME,37.0,,,,,,,,,,0,0,0,0,0,16,0,0,375,37,16,7,164,10,6,631
Brekke,,,Berd,lézard de feu bronze,FEMME,37.0,,,,,,,,,,0,0,0,0,0,16,0,0,375,37,16,7,164,10,6,631
Breda,,,,,FEMME,36.0,,,,,,,,,,0,0,0,0,0,0,0,0,0,0,0,0,0,11,0,11
Brashia,,,,,FEMME,35.0,,,,,,,,,,0,0,0,0,0,0,11,0,0,0,0,0,0,0,0,11
Boranda,,,,,FEMME,34.0,,,,,,,,,,0,0,0,1,0,0,0,0,0,0,0,0,0,0,0,1
Bonna,,,,,FEMME,33.0,,,,,,,,,,0,0,0,0,0,0,0,0,0,0,0,0,0,1,0,1
Betty,Musgrave,Blake,,,FEMME,32.0,,,,,,,,,,16,0,0,0,0,0,0,0,0,0,0,0,0,0,0,16
Bethany,,,,,FEMME,30.0,,,,,,,,,,0,0,44,0,0,0,0,0,0,0,0,0,0,0,0,44
Bessera,,,Odioth,reine,FEMME,29.0,,,,,,,,,,0,0,0,0,1,0,0,0,0,0,0,0,0,0,0,1
Benoria,,,,,FEMME,28.0,,,,,,,,,,0,0,0,0,0,0,3,0,0,0,0,0,0,0,0,3
Bedella,,,Solth,reine,FEMME,27.0,,,,,,,,,,0,0,0,0,0,1,0,0,8,0,0,0,0,0,3,12
Bedda,,,,,FEMME,26.0,,,,,,,,,,0,0,0,0,0,1,0,0,0,0,0,0,0,0,0,1
Bay,Harkenon,,Mariah,reine,FEMME,25.0,,,,,,,,,,206,0,0,0,0,0,0,0,0,0,0,0,0,0,0,206
Barr,Hamil,,,,FEMME,24.0,,,,,,,,,,29,0,0,0,0,0,0,0,0,0,0,0,0,0,0,29
Barla,,,,,FEMME,23.0,,,,,,,,,,0,0,0,0,0,28,0,0,0,0,0,0,0,2,0,30
Bardie,,,,,FEMME,22.0,,,,,,,,,,0,0,0,0,0,0,0,0,0,1,0,0,0,0,0,1
Barba,,,,,FEMME,21.0,,,,,,,,,,0,0,0,0,0,0,4,0,0,0,0,0,0,0,0,4
Bana,,,,,FEMME,20.0,,,,,,,,,,0,0,0,0,0,0,0,0,0,0,0,0,0,0,0,0
Ballora,,,,,FEMME,19.0,,,,,,,,,,0,0,0,0,0,0,0,0,0,0,0,0,0,0,14,14
Avril,Bitra,,,,FEMME,18.0,,,,,,,,,,194,0,145,4,1,19,2,6,8,0,1,1,0,22,7,410
Audiva,,,,,FEMME,17.0,,,,,,,,,,0,0,0,0,0,0,0,0,0,0,78,0,0,0,0,78
Aranya,,,,,FEMME,16.0,,,,,,,,,,0,12,0,0,0,0,0,0,0,0,0,0,0,1,0,13
Aramina,Mina,Ara,,,FEMME,15.0,,,,,,,,,,0,81,0,0,0,185,0,0,0,0,0,0,0,11,1,278
Anella,,,,,FEMME,14.0,,,,,,,,,,0,0,0,0,51,0,0,0,0,0,0,0,0,0,0,51
Anama,,,,,FEMME,13.0,,,,,,,,,,0,0,0,0,0,2,0,0,0,0,0,0,0,0,0,2
Amilla,,,,,FEMME,12.0,,,,,,,,,,0,0,0,0,3,0,0,0,0,0,0,0,0,0,0,3
Amiana,,,,,FEMME,11.0,,,,,,,,,,0,0,0,0,0,0,0,0,0,0,0,0,0,0,0,0
Almie,,,,,FEMME,10.0,,,,,,,,,,0,6,0,0,0,0,0,0,0,0,0,0,0,0,0,6
Aliena,Zuleita,,,,FEMME,9.0,,,,,,,,,,0,0,1,0,0,0,0,0,0,0,0,0,0,0,0,1
Alianne,Zulueta,,,,FEMME,8.0,,,,,,,,,,1,0,0,0,0,0,0,0,0,0,0,0,0,0,0,1
Alda,,,,,FEMME,7.0,,,,,,,,,,0,0,0,0,0,1,0,0,0,0,0,0,0,0,0,1
Aida,,,,,FEMME,6.0,,,,,,,,,,7,4,2,6,1,14,5,1,4,4,1,5,5,8,1,68
Adrea,Beljeth,,,,FEMME,5.0,,,,,,,,,,0,4,0,0,0,5,0,0,0,0,0,0,0,2,11,22
Abuna,,,,,FEMME,3.0,,,,,,,,,,0,0,0,0,0,0,0,0,0,0,20,3,0,0,0,23
Abula,,,,,FEMME,2.0,,,,,,,,,,0,0,0,0,0,0,0,0,0,0,1,0,0,0,0,1
,,,Lidith,,,,,,,,,,,,,0,0,0,0,0,0,0,0,0,0,0,0,0,0,0,0
