Id unique,NOMS HUMAINS,SECOND NOM,TROISIEME NOM,aliases
1036.0,Thella,,,Thella
914.0,Varney,,,Varney
913.0,Vander,,,Vander
898.0,Trume,,,Trume
864.0,Ted ,Tubberman,Tubbermann,Ted Tubberman Tubbermann | Tubberman Tubbermann | Ted Tubbermann | Ted Tubberman | Tubbermann | Tubberman | Ted
859.0,Tarathel,,,Tarathel
857.0,Talpan,,,Talpan
850.0,T’ron,,,T’ron
840.0,T’kul,,,T’kul
829.0,Stev,Kimmer,,Stev Kimmer | Kimmer | Stev
787.0,S’loner,,,S’loner
779.0,Runel,,,Runel
772.0,Robinton,Rob,Robie,Robinton Rob Robie | Robinton Robie | Robinton Rob | Rob Robie | Robinton | Robie | Rob
738.0,Petiron,,,Petiron
701.0,Norman,,,Norman
671.0,Meron,,,Meron
663.0,Matsen,,,Matsen
660.0,Marco,Galliani,,Marco Galliani | Galliani | Marco
653.0,Maidir,,,Maidir
641.0,M’odon,,,M’odon
608.0,L’mal,,,L’mal
589.0,Kale,,,Kale
580.0,K’dall,,,K’dall
573.0,Jim,Tillek,James,Jim Tillek James | Tillek James | Jim Tillek | Jim James | Tillek | James | Jim
531.0,Grogellan,,,Grogellan
521.0,Gennell,,,Gennell
497.0,G’lanar,,,G’lanar
468.0,Fax,,,Fax
467.0,Faroguy,,,Faroguy
464.0,Farevene,,,Farevene
455.0,F’lon,Falloner,,F’lon Falloner | Falloner | F’lon
455.0,F’lon,,,F’lon
447.0,Esselin,,,Esselin
379.0,Ch’mon,,,Ch’mon
370.0,Caesar,Galliani,,Caesar Galliani | Galliani | Caesar
363.0,C’gan,,,C’gan
345.0,Brare,,,Brare
322.0,Berchar,Berch,,Berchar Berch | Berchar | Berch
307.0,Barly,,,Barly
295.0,B’ner,,,B’ner
283.0,Armald,,,Armald
243.0,Suriana,,,Suriana
230.0,Silma,,,Silma
217.0,Sallah ,Telgar-Andiyar,,Sallah Telgar-Andiyar | Telgar-Andiyar | Sallah
201.0,Pendra,,,Pendra
179.0,Moreta,Moretta,,Moreta Moretta | Moretta | Moreta
175.0,Milla,,,Milla
172.0,Merin,,,Merin
170.0,Merelan,,,Merelan
169.0,Mercia,,,Mercia
151.0,Lucy,Tubberman,,Lucy Tubberman | Tubberman | Lucy
134.0,Larna,Lama,,Larna Lama | Larna | Lama
124.0,Kista,,,Kista
119.0,Kasia,,,Kasia
111.0,Jora,,,Jora
93.0,Gledia,,,Gledia
90.0,Gemma,,,Gemma
79.0,Fanna,,,Fanna
64.0,Dowell,,,Dowell
44.0,Catherine,Radelin,Doyle,Catherine Radelin Doyle | Catherine Radelin | Catherine Doyle | Radelin Doyle | Catherine | Radelin | Doyle
43.0,Carola,,,Carola
31.0,Betrice,,,Betrice
4.0,Adessa,,,Adessa
1.0,Kenjo,Fusaiyuki,,Kenjo Fusaiyuki | Fusaiyuki | Kenjo
1037.0,Dorai,,,Dorai
1035.0,Z’gal,,,Z’gal
1034.0,Yvonne,Yves,,Yvonne Yves | Yvonne | Yves
1033.0,Winnia,,,Winnia
1032.0,W’ven,,,W’ven
1031.0,W’ter,,,W’ter
1030.0,Usuai,,,Usuai
1029.0,Twenone,,,Twenone
1028.0,Tuck,,,Tuck
1027.0,Tracey,Train,,Tracey Train | Tracey | Train
1026.0,Tomol,,,Tomol
1025.0,Tomlinson,,,Tomlinson
1024.0,Tilsit,,,Tilsit
1023.0,Tashkovich,,,Tashkovich
1022.0,T’ran,,,T’ran
1021.0,T’ledon,,,T’ledon
1020.0,T’gor,,,T’gor
1019.0,T’bot,,,T’bot
1018.0,Silon,,,Silon
1017.0,Sigomel,,,Sigomel
1016.0,Shih,Lao,,Shih Lao | Shih | Lao
1015.0,Shanna,,,Shanna
1014.0,Severeid,,,Severeid
1013.0,S’gar,,,S’gar
1012.0,S’dra,,,S’dra
1011.0,Randy,,,Randy
1010.0,R’nor,,,R’nor
1009.0,R’miel,R’mel,,R’miel R’mel | R’miel | R’mel
1008.0,R’len,,,R’len
1007.0,Peth,,,Peth
1006.0,P’leen,,,P’leen
1005.0,Naylor,,,Naylor
1004.0,N’bil,,,N’bil
1003.0,Murolin,,,Murolin
1002.0,Miskin,,,Miskin
1001.0,Mibbut,,,Mibbut
1000.0,Marshal,,,Marshal
999.0,Marchane,,,Marchane
998.0,Mairian,,,Mairian
997.0,M’ling,,,M’ling
996.0,M’hall,,,M’hall
995.0,M’dani,,,M’dani
994.0,Lesselam,,,Lesselam
993.0,Lechi,,,Lechi
992.0,Layrence,,,Layrence
991.0,L’zal,,,L’zal
990.0,L’vin,,,L’vin
989.0,Kurt,,,Kurt
988.0,Kung,,,Kung
987.0,Ker,,,Ker
986.0,Kayla,,,Kayla
985.0,K’dor,,,K’dor
984.0,Jonno,,,Jonno
983.0,Johnny ,Greene,,Johnny Greene | Greene | Johnny
982.0,Joe,Millan,,Joe Millan | Millan | Joe
981.0,Jessuan,,,Jessuan
980.0,Jess,,,Jess
979.0,J’lono,,,J’lono
978.0,Irtine,,,Irtine
977.0,Heinrich,,,Heinrich
976.0,Hedelman,,,Hedelman
975.0,H’redan,,,H’redan
974.0,H’grave,,,H’grave
973.0,H’ages,,,H’ages
972.0,Greg,Keating,,Greg Keating | Keating | Greg
971.0,Grasella,,,Grasella
970.0,Gorta,,,Gorta
969.0,Glay,,,Glay
968.0,Glammie,,,Glammie
967.0,Galter,,,Galter
966.0,Galnich,Galnish,,Galnich Galnish | Galnich | Galnish
965.0,Gallen,,,Gallen
964.0,G’rannat,,,G’rannat
963.0,G’bear,,,G’bear
962.0,Forris,,,Forris
961.0,Farelly,,,Farelly
960.0,Fabry,,,Fabry
959.0,Effram,,,Effram
958.0,Durak,,,Durak
957.0,Dunegrine,,,Dunegrine
956.0,Decker,,,Decker
955.0,Christee,,,Christee
954.0,Chris,MacArdle,Cooney,Chris MacArdle Cooney | MacArdle Cooney | Chris MacArdle | Chris Cooney | MacArdle | Cooney | Chris
953.0,C’reel ,,,C’reel
952.0,Brindel,,,Brindel
951.0,Birto,,,Birto
950.0,Betsy,,,Betsy
949.0,Ben,,,Ben
948.0,Bandarek,,,Bandarek
947.0,B’refli,,,B’refli
946.0,B’greal,,,B’greal
945.0,B’fol,,,B’fol
944.0,Anta,,,Anta
943.0,Ander,,,Ander
942.0,Albuna,,,Albuna
941.0,Aisling,Hempenstahl,,Aisling Hempenstahl | Hempenstahl | Aisling
940.0,A. C.,Sopers,,A. C. Sopers | Sopers | A. C.
939.0,Zurg,,,Zurg
938.0,Zi,Ongola,,Zi Ongola | Ongola | Zi
937.0,Zewe,,,Zewe
936.0,Z’ran,,,Z’ran
935.0,Yorag,,,Yorag
934.0,Yanus,,,Yanus
933.0,Xi,Chi,Yuen,Xi Chi Yuen | Chi Yuen | Xi Yuen | Xi Chi | Yuen | Chi | Xi
932.0,Wyzall,,,Wyzall
931.0,Wonegal,,,Wonegal
930.0,Washell,Wachell,Wash,Washell Wachell Wash | Washell Wachell | Wachell Wash | Washell Wash | Wachell | Washell | Wash
929.0,Warlow,,,Warlow
928.0,Warbret,,,Warbret
927.0,Wansôr,,,Wansôr
926.0,Wansor,,,Wansor
925.0,Wanson,,,Wanson
924.0,Waine,,,Waine
923.0,Wade,Lorenzo,,Wade Lorenzo | Lorenzo | Wade
922.0,Vormital,,,Vormital
921.0,Viredian,,,Viredian
920.0,Vincet,,,Vincet
919.0,Vieil Oncle,,,Vieil Oncle
918.0,Viderian,,,Viderian
917.0,Vergerin,,,Vergerin
916.0,Vendross,,,Vendross
915.0,Venabil,,,Venabil
912.0,Vandentine,,,Vandentine
911.0,Valrol,,,Valrol
910.0,Valden,,,Valden
909.0,V’mul,,,V’mul
908.0,V’line,,,V’line
907.0,V’last,,,V’last
906.0,Uvor,,,Uvor
905.0,Ussie,,,Ussie
904.0,Tuvor,,,Tuvor
903.0,Turvine,Turving,,Turvine Turving | Turvine | Turving
902.0,Turlon,,,Turlon
901.0,Tunge,,,Tunge
900.0,Tuero,,,Tuero
899.0,Tuero,,,Tuero
897.0,Trelbin,,,Trelbin
896.0,Tranilty,,,Tranilty
895.0,Traller,,,Traller
894.0,Tragger,,,Tragger
893.0,Tosikin,,,Tosikin
892.0,Tortole,,,Tortole
891.0,Torsten,,,Torsten
890.0,Toronas,,,Toronas
889.0,Torlo,,,Torlo
888.0,Torlin,,,Torlin
887.0,Torjus,,,Torjus
886.0,Toric,,,Toric
886.0,Toric,,,Toric
886.0,Toric,,,Toric
885.0,Tordril,,,Tordril
884.0,Tom,Patrick,,Tom Patrick | Patrick | Tom
883.0,Tolocamp,,,Tolocamp
882.0,Tirone,,,Tirone
881.0,Tippel,,,Tippel
880.0,Tino,,,Tino
879.0,Tinamon,,,Tinamon
878.0,Timiny,Tim,,Timiny Tim | Timiny | Tim
877.0,Timareen,,,Timareen
876.0,Tilgin,,,Tilgin
875.0,Tilarek,,,Tilarek
874.0,Tikini,,,Tikini
873.0,Thomas,,,Thomas
872.0,Theskin,,,Theskin
871.0,Théo,Force,,Théo Force | Force | Théo
870.0,Theng,,,Theng
869.0,Texur,,,Texur
868.0,Tesner,,,Tesner
867.0,Terry,,,Terry
866.0,Terentel,,,Terentel
865.0,Tegger,,,Tegger
863.0,Tawkin,,,Tawkin
862.0,Tashvi,,,Tashvi
861.0,Tarvi,Andiyar,Andivar,Tarvi Andiyar Andivar | Andiyar Andivar | Tarvi Andivar | Tarvi Andiyar | Andivar | Andiyar | Tarvi
860.0,Targus,,,Targus
858.0,Tanus,,,Tanus
856.0,Talmor,,,Talmor
855.0,Tagetarl,Tag,,Tagetarl Tag | Tagetarl | Tag
854.0,T’ton,,,T’ton
853.0,T’tel,T’lel,,T’tel T’lel | T’lel | T’tel
852.0,T'sum,,,T'sum
851.0,T’sen,,,T’sen
849.0,T’red,,,T’red
848.0,T’reb,,,T’reb
847.0,T’ral,,,T’ral
846.0,T’ragel,,,T’ragel
845.0,T’nure,,,T’nure
844.0,T’lonneg,,,T’lonneg
843.0,T’lion,Gaddie,,T’lion Gaddie | Gaddie | T’lion
842.0,T’lan,,,T’lan
841.0,T’kull,,,T’kull
839.0,T’kil,,,T’kil
838.0,T’grel,,,T’grel
837.0,T’gran,,,T’gran
836.0,T’gellan,,,T’gellan
835.0,T’dam,,,T’dam
834.0,Sufur,,,Sufur
833.0,Sucho,,,Sucho
832.0,Strud,,,Strud
831.0,Struan,,,Struan
830.0,Stinar,,,Stinar
828.0,St’ven,,,St’ven
827.0,Sparling,,,Sparling
826.0,Sousmal,,,Sousmal
825.0,Soover,,,Soover
824.0,Sograny,,,Sograny
823.0,Sneel,,,Sneel
822.0,Sintary,,,Sintary
821.0,Silton,,,Silton
820.0,Sigomal,,,Sigomal
819.0,Sifer,,,Sifer
818.0,Shuvin,,,Shuvin
817.0,Shulse,,,Shulse
816.0,Shonagor,,,Shonagor
815.0,Shonagar,,,Shonagar
814.0,Sheve,,,Sheve
813.0,Sherris,,,Sherris
812.0,Sheledon,Shel,,Sheledon Shel | Sheledon | Shel
811.0,Shawan,,,Shawan
810.0,Shankolin,Glasstol de Crom,,Shankolin Glasstol de Crom | Glasstol de Crom | Shankolin
809.0,Shadder,,,Shadder
808.0,Sh’gall,,,Sh’gall
807.0,Sev,Ritecamp,,Sev Ritecamp | Ritecamp | Sev
806.0,Serubil,,,Serubil
805.0,Semment,,,Semment
804.0,Sellel,,,Sellel
803.0,Sefran,,,Sefran
802.0,Sefal,,,Sefal
801.0,Sebell,Sebel,Sevell,Sebell Sebel Sevell | Sebell Sevell | Sebel Sevell | Sebell Sebel | Sebell | Sevell | Sebel
800.0,Sean,Connell,O’Connell,Sean Connell O’Connell | Connell O’Connell | Sean O’Connell | Sean Connell | O’Connell | Connell | Sean
800.0,Sean,Connell,O’Connell,Sean Connell O’Connell | Connell O’Connell | Sean O’Connell | Sean Connell | O’Connell | Connell | Sean
799.0,Sch’gall,,,Sch’gall
798.0,Scand,,,Scand
797.0,Scallak,,,Scallak
796.0,Sangel,,,Sangel
795.0,Saneter,,,Saneter
794.0,Samvel,,,Samvel
793.0,Saltor,,,Saltor
792.0,Sal,,,Sal
791.0,S’rond,,,S’rond
790.0,S’peren,,,S’peren
789.0,S’nan,,,S’nan
788.0,S’mon,Thomas,,S’mon Thomas | Thomas | S’mon
786.0,S’ligar,,,S’ligar
785.0,S’len,,,S’len
784.0,S’lel,,,S’lel
783.0,S’lan,Selessan,Sellie,S’lan Selessan Sellie | Selessan Sellie | S’lan Selessan | S’lan Sellie | Selessan | Sellie | S’lan
782.0,S’goral,,,S’goral
781.0,S’gor,,,S’gor
780.0,S’bran,,,S’bran
778.0,Rulyar,,,Rulyar
777.0,Rudi,Shwartz,Rudolph,Rudi Shwartz Rudolph | Shwartz Rudolph | Rudi Rudolph | Rudi Shwartz | Rudolph | Shwartz | Rudi
776.0,Ronchin,,,Ronchin
775.0,Rokayas,,,Rokayas
774.0,Robse,,,Robse
773.0,Roblyn,,,Roblyn
771.0,Riller,,,Riller
770.0,Richud,,,Richud
769.0,Ricardy,,,Ricardy
768.0,René,Mallibeau,,René Mallibeau | Mallibeau | René
767.0,Rency,,,Rency
766.0,Red,Hanrahan,,Red Hanrahan | Hanrahan | Red
765.0,Readis,,,Readis
764.0,Ratoshigan,Ratoshinga,,Ratoshigan Ratoshinga | Ratoshigan | Ratoshinga
763.0,Rasa,,,Rasa
762.0,Rapal,,,Rapal
761.0,Ranrel,,,Ranrel
760.0,Ranneth,,,Ranneth
759.0,Ranly,,,Ranly
758.0,Rampesi,,,Rampesi
757.0,Rammany,,,Rammany
756.0,Ram,Da,,Ram Da | Ram | Da
755.0,Raïd,,,Raïd
754.0,Raid,,,Raid
753.0,R’yar,,,R’yar
752.0,R’mart,,,R’mart
751.0,R’limeak,,,R’limeak
750.0,R’gul,Rangul,,R’gul Rangul | Rangul | R’gul
749.0,Quitrin,,,Quitrin
748.0,Pressen,,,Pressen
747.0,Pragal,,,Pragal
746.0,Possil,,,Possil
745.0,Porrig,Connell,,Porrig Connell | Connell | Porrig
744.0,Pol ,Nietro,,Pol Nietro | Nietro | Pol
743.0,Pol,,,Pol
742.0,Pierre,de Courcis,,Pierre de Courcis | de Courcis | Pierre
741.0,Piemur,,,Piemur
740.0,Piemur,,,Piemur
740.0,Piemur,,,Piemur
740.0,Piemur,,,Piemur
739.0,Phas,Radamanth,,Phas Radamanth | Radamanth | Phas
737.0,Petillo,,,Petillo
736.0,Petey,Pete,,Petey Pete | Petey | Pete
735.0,Peterpar,,,Peterpar
734.0,Peter,Semling,,Peter Semling | Semling | Peter
733.0,Petan,,,Petan
732.0,Persellan,,,Persellan
731.0,Perschar,Pershar,,Perschar Pershar | Perschar | Pershar
730.0,Pergamol,,,Pergamol
729.0,Pellomar,,,Pellomar
728.0,Pell,,,Pell
727.0,Paulin,,,Paulin
726.0,Paul,Logorides,,Paul Logorides | Logorides | Paul
725.0,Paul,Benden,,Paul Benden | Benden | Paul
724.0,Patry,,,Patry
723.0,Patrice,de Broglie,,Patrice de Broglie | de Broglie | Patrice
722.0,Pat,Hempenstall,,Pat Hempenstall | Hempenstall | Pat
721.0,Parren,,,Parren
720.0,Pardure,,,Pardure
719.0,Pardure,,,Pardure
718.0,Palim,,,Palim
717.0,P’zar,,,P’zar
716.0,P’tero,,,P’tero
715.0,P’ratan,,,P’ratan
714.0,P’nine,,,P’nine
713.0,Ozzie,Munson,Oz,Ozzie Munson Oz | Ozzie Munson | Munson Oz | Ozzie Oz | Munson | Ozzie | Oz
712.0,Otto,Hegelman,,Otto Hegelman | Hegelman | Otto
711.0,Oterel,,,Oterel
710.0,Osemore,,,Osemore
709.0,Ongola,,,Ongola
708.0,Olos,,,Olos
707.0,Olodkey,,,Olodkey
706.0,Oldive,,,Oldive
705.0,Oharan,,,Oharan
704.0,Ogolly,,,Ogolly
703.0,O’ney,,,O’ney
702.0,Nurevin,,,Nurevin
700.0,Norist,,,Norist
699.0,Nip,,,Nip
698.0,Niness,,,Niness
697.0,Nielsen,,,Nielsen
696.0,Nicat,,,Nicat
695.0,Nessel,,,Nessel
694.0,Ned,Tubberman,,Ned Tubberman | Tubberman | Ned
693.0,Nazer,,,Nazer
692.0,Naton,,,Naton
691.0,Naprila,,,Naprila
690.0,Nabhi,Nabol,,Nabhi Nabol | Nabhi | Nabol
689.0,N’ton,,,N’ton
689.0,N’ton,,,N’ton
688.0,N’ran,N’nan,,N’ran N’nan | N’nan | N’ran
687.0,N’mool,,,N’mool
686.0,N’men,,,N’men
685.0,N’gent,,,N’gent
684.0,Murfytwen,,,Murfytwen
683.0,Munchaun,,,Munchaun
682.0,Mumolon,,,Mumolon
681.0,Mostar,,,Mostar
680.0,Mosser,,,Mosser
679.0,Morshal,Morshall,,Morshal Morshall | Morshall | Morshal
678.0,Morin,,,Morin
677.0,Morilton,,,Morilton
676.0,Morif,,,Morif
675.0,Minnarden,,,Minnarden
674.0,Mickulin,,,Mickulin
673.0,Mick,,,Mick
672.0,Michael,,,Michael
670.0,Merdine,,,Merdine
669.0,Melongel,,,Melongel
668.0,Mekelroy,Pinch,,Mekelroy Pinch | Mekelroy | Pinch
667.0,Medaman,,,Medaman
666.0,Maylone,,,Maylone
665.0,Maxilant,,,Maxilant
664.0,Mattew,Matt,,Mattew Matt | Mattew | Matt
662.0,Marlifin,,,Marlifin
661.0,Marley,,,Marley
659.0,Marcator,,,Marcator
658.0,Maranis,,,Maranis
657.0,Mar,Dook,,Mar Dook | Dook | Mar
656.0,Manotti,,,Manotti
655.0,Mallan,,,Mallan
654.0,Makfar,,,Makfar
652.0,Macy,,,Macy
651.0,Macester,,,Macester
650.0,Macabir,,,Macabir
649.0,M’tani,,,M’tani
648.0,M’sur,,,M’sur
647.0,M’shall,,,M’shall
646.0,M’ridin,,,M’ridin
645.0,M’rek,,,M’rek
644.0,M’ray,,,M’ray
643.0,M’rand,,,M’rand
642.0,M’rak,,,M’rak
640.0,M’leng,,,M’leng
639.0,M’gent,,,M’gent
638.0,M’barak,,,M’barak
637.0,Lur,,,Lur
636.0,Lozell,,,Lozell
635.0,Losacot,,,Losacot
634.0,Londik,,,Londik
633.0,Lobirn,,,Lobirn
632.0,Ligand,,,Ligand
631.0,Lias,,,Lias
630.0,Lexey,,,Lexey
629.0,Lesselden,,,Lesselden
628.0,Lesnour,,,Lesnour
627.0,Léo,Léopol,,Léo Léopol | Léopol | Léo
626.0,Lensdale,,,Lensdale
625.0,Leef,Leff,,Leef Leff | Leef | Leff
624.0,Lear,,,Lear
623.0,Lavel,,,Lavel
622.0,Lauley,,,Lauley
621.0,Laudey,,,Laudey
620.0,Laradian,,,Laradian
619.0,Laradian,,,Laradian
618.0,Larad,,,Larad
617.0,Langrell,,,Langrell
616.0,Landon,,,Landon
615.0,Laland,,,Laland
614.0,L’zan,,,L’zan
613.0,L’trel,,,L’trel
612.0,L’tol,Lytol,Lytonal,L’tol Lytol Lytonal | Lytol Lytonal | L’tol Lytonal | L’tol Lytol | Lytonal | Lytol | L’tol
611.0,L’sur,,,L’sur
610.0,L’rayl,,,L’rayl
609.0,L’rad,,,L’rad
607.0,L’bol,,,L’bol
606.0,Kylos,,,Kylos
605.0,Kwan ,Marceau,,Kwan Marceau | Marceau | Kwan
604.0,Kulan,,,Kulan
603.0,Kizan,,,Kizan
602.0,Kirnety,,,Kirnety
601.0,Kinver,,,Kinver
600.0,Kinsale,,,Kinsale
599.0,Kevelon,,,Kevelon
598.0,Ketrin,,,Ketrin
597.0,Kern,,,Kern
596.0,Kepiru,,,Kepiru
595.0,Kashman,,,Kashman
594.0,Karenchok,,,Karenchok
593.0,Kanadin,K’din,,Kanadin K’din | Kanadin | K’din
592.0,Kalvi,,,Kalvi
591.0,Kaljan,,,Kaljan
590.0,Kalem,,,Kalem
588.0,Kailey,,,Kailey
587.0,K’vin,Kev,,K’vin Kev | K’vin | Kev
586.0,K’van,,,K’van
585.0,K’net,,,K’net
584.0,K’nebel,,,K’nebel
583.0,K’lon ,,,K’lon
582.0,K’drin,,,K’drin
581.0,K’dren,,,K’dren
579.0,Jubb,,,Jubb
578.0,Jol,,,Jol
577.0,Joël,Lilienkamp,Joel / Lili,Joël Lilienkamp Joel / Lili | Lilienkamp Joel / Lili | Joël Joel / Lili | Joël Lilienkamp | Joel / Lili | Lilienkamp | Joël
576.0,Joanson,,,Joanson
575.0,Jivan,,,Jivan
574.0,Jiro,Akamoto,,Jiro Akamoto | Akamoto | Jiro
572.0,Jez,,,Jez
571.0,Jesken,,,Jesken
570.0,Jerry,Mercer,,Jerry Mercer | Mercer | Jerry
569.0,Jerrint,,,Jerrint
568.0,Jerint,,,Jerint
567.0,Jerin,,,Jerin
566.0,Jepson,,,Jepson
565.0,Jemmy,,,Jemmy
564.0,Jayge,Lilcamp,,Jayge Lilcamp | Lilcamp | Jayge
563.0,Jaxom,,,Jaxom
562.0,Jaxom,Jax,,Jaxom Jax | Jaxom | Jax
561.0,Jarrol,,,Jarrol
560.0,Jamson,,,Jamson
559.0,Jake,Chernoff,,Jake Chernoff | Chernoff | Jake
558.0,Jacob,Chernoff,,Jacob Chernoff | Chernoff | Jacob
557.0,J’ralt,Jeralte,,J’ralt Jeralte | Jeralte | J’ralt
556.0,J’fery,,,J’fery
555.0,J’dar,,,J’dar
554.0,Ivan,le Terrible,,Ivan le Terrible | le Terrible | Ivan
553.0,Issony,,,Issony
552.0,Ifor,,,Ifor
551.0,Idoralan,,,Idoralan
550.0,Idarolan,Iddie,,Idarolan Iddie | Idarolan | Iddie
549.0,Iantine,Ian,,Iantine Ian | Iantine | Ian
548.0,Hosbon,,,Hosbon
547.0,Horon,,,Horon
546.0,Hobson,,,Hobson
545.0,Hittet,,,Hittet
544.0,Hillegel,,,Hillegel
543.0,Helly,,,Helly
542.0,Hegmon,,,Hegmon
541.0,Hayon,,,Hayon
540.0,Hamian,,,Hamian
539.0,Haligon,,,Haligon
538.0,Halibran,,,Halibran
537.0,Halefor,,,Halefor
536.0,H’nor,,,H’nor
535.0,H’nalt,,,H’nalt
534.0,H’mar,,,H’mar
533.0,Gyorgy,,,Gyorgy
532.0,Groghe,,,Groghe
532.0,Groghe,,,Groghe
530.0,Grodon,,,Grodon
529.0,Grevil,,,Grevil
528.0,Gram,,,Gram
527.0,Gostol,,,Gostol
526.0,Gorby,,,Gorby
525.0,Gorazde,,,Gorazde
524.0,Gomalsi,,,Gomalsi
523.0,Gifflen,,,Gifflen
522.0,Germathen,,,Germathen
520.0,Genjon,,,Genjon
519.0,Gellim,,,Gellim
518.0,Geger,,,Geger
517.0,Gedenase,,,Gedenase
516.0,Gayton,,,Gayton
515.0,Garrel,,,Garrel
514.0,Garrel,,,Garrel
513.0,Garm,,,Garm
512.0,Gardrow,,,Gardrow
511.0,Gardner,,,Gardner
510.0,Gardillon,,,Gardillon
509.0,Garben,,,Garben
508.0,Ganmar,,,Ganmar
507.0,Gandidan,Gandiran,,Gandidan Gandiran | Gandidan | Gandiran
506.0,Gallian,Galli,,Gallian Galli | Gallian | Galli
505.0,Gaby,,,Gaby
504.0,Gabred,,,Gabred
503.0,Gabin,,,Gabin
502.0,G’sel,,,G’sel
502.0,G’sel,,,G’sel
502.0,G’sel ,,,G’sel
501.0,G’ron,Giron,,G’ron Giron | Giron | G’ron
500.0,G’ranad,,,G’ranad
499.0,G’narish,,,G’narish
498.0,G’nag,,,G’nag
496.0,G’drel,,,G’drel
495.0,G’don,,,G’don
494.0,G’dened,G’neded,,G’dened G’neded | G’dened | G’neded
493.0,G’bol,,,G’bol
492.0,Furlo,,,Furlo
491.0,Furet,,,Furet
490.0,Fulmar,Stone,,Fulmar Stone | Fulmar | Stone
489.0,Fromelin,,,Fromelin
488.0,Frenkal,,,Frenkal
487.0,Franco,,,Franco
486.0,Fosdak,,,Fosdak
485.0,Fortine,,,Fortine
484.0,Fondarel,,,Fondarel
483.0,Follen,,,Follen
482.0,Florist,,,Florist
481.0,Fitatric,,,Fitatric
480.0,Finder,,,Finder
479.0,Filatric,,,Filatric
478.0,Fidello,,,Fidello
477.0,Fesnal,,,Fesnal
476.0,Fergal,,,Fergal
475.0,Ferfar,,,Ferfar
474.0,Fender,,,Fender
473.0,Fellek,,,Fellek
472.0,Felim,,,Felim
471.0,Felessan,Fesselan,,Felessan Fesselan | Felessan | Fesselan
470.0,Feldon,,,Feldon
469.0,Federen,,,Federen
466.0,Farnol,,,Farnol
465.0,Farley,,,Farley
463.0,Fandarel,,,Fandarel
462.0,Famanoran,,,Famanoran
461.0,Falawny,,,Falawny
460.0,Facenden,,,Facenden
459.0,F’tol,,,F’tol
458.0,F’rad,,,F’rad
457.0,F’nor,F’lor,,F’nor F’lor | F’lor | F’nor
457.0,F’nor,,,F’nor
456.0,F’neldril,,,F’neldril
454.0,F’lessan,,,F’lessan
453.0,F’lar,Falla,Fallarnon,F’lar Falla Fallarnon | Falla Fallarnon | F’lar Fallarnon | F’lar Falla | Fallarnon | Falla | F’lar
452.0,F’gal,,,F’gal
451.0,F’duril,,,F’duril
450.0,Ezra,Keroon,,Ezra Keroon | Keroon | Ezra
449.0,Evenek,,,Evenek
448.0,Evarel,,,Evarel
446.0,Erragon,,,Erragon
445.0,Erkin,,,Erkin
444.0,Eric,Hegelman,,Eric Hegelman | Hegelman | Eric
443.0,Emsor,,,Emsor
442.0,Emilin,,,Emilin
441.0,Elgion,,,Elgion
440.0,Eddik,,,Eddik
439.0,Dushik,,,Dushik
438.0,Dugall,,,Dugall
437.0,Drake,Bonneau,,Drake Bonneau | Bonneau | Drake
436.0,Dorse,,,Dorse
435.0,Doral,,,Doral
434.0,Domick,,,Domick
433.0,Domaize,,,Domaize
432.0,Dirzan,,,Dirzan
431.0,Dieter,Clissmann,,Dieter Clissmann | Clissmann | Dieter
430.0,Diatis,,,Diatis
429.0,Desi,Arthied,,Desi Arthied | Arthied | Desi
428.0,Dermently,,,Dermently
427.0,Denol,,,Denol
426.0,Deegan,,,Deegan
425.0,Deefer,,,Deefer
424.0,Deece,,,Deece
423.0,Declan,,,Declan
422.0,Deckter,,,Deckter
421.0,David,Catarel,Dave,David Catarel Dave | David Catarel | Catarel Dave | David Dave | Catarel | David | Dave
420.0,Dannell,,,Dannell
419.0,Dangel,,,Dangel
418.0,Dag,,,Dag
417.0,D’wer,,,D’wer
416.0,D’say,,,D’say
415.0,D’ram,,,D’ram
414.0,D’nol,,,D’nol
413.0,D’nek,,,D’nek
412.0,D’namal,,,D’namal
411.0,D’miel,,,D’miel
410.0,D’fio,,,D’fio
409.0,D’clan,,,D’clan
408.0,Curran,,,Curran
407.0,Curmir,,,Curmir
406.0,Crivelan,Crivellan-aux-doigts-agiles,,Crivelan Crivellan-aux-doigts-agiles | Crivellan-aux-doigts-agiles | Crivelan
405.0,Crenden,Cren,,Crenden Cren | Crenden | Cren
404.0,Creline,,,Creline
403.0,Cr’not,,,Cr’not
402.0,Corman,,,Corman
401.0,Cording,,,Cording
400.0,Conwy,,,Conwy
399.0,Colmin,,,Colmin
398.0,Cogneur,,,Cogneur
397.0,Cobber,Alhinwa,,Cobber Alhinwa | Alhinwa | Cobber
396.0,Clostan,,,Clostan
395.0,Clisser,Cliss,,Clisser Cliss | Clisser | Cliss
394.0,Clim,,,Clim
393.0,Clell,,,Clell
392.0,Clagesh,,,Clagesh
391.0,Ciparis,,,Ciparis
390.0,Chung,,,Chung
389.0,Chuck,Kimmage,,Chuck Kimmage | Kimmage | Chuck
388.0,Chuck,Havers,,Chuck Havers | Havers | Chuck
387.0,Chomas,,,Chomas
386.0,Chochol,,,Chochol
385.0,Childon,,,Childon
384.0,Chichis-Fusi,,,Chichis-Fusi
383.0,Chesmic,,,Chesmic
382.0,Chalkin,,,Chalkin
381.0,Chaldon,,,Chaldon
380.0,Chad,,,Chad
378.0,Caselon,,,Caselon
377.0,Capiam,,,Capiam
376.0,Canell,,,Canell
375.0,Candler ,,,Candler
374.0,Campen,,,Campen
373.0,Camo,,,Camo
372.0,Camo,,,Camo
371.0,Calewis,,,Calewis
369.0,Cabot,Francis,Carter,Cabot Francis Carter | Francis Carter | Cabot Francis | Cabot Carter | Francis | Carter | Cabot
368.0,C’vrel,,,C’vrel
367.0,C’vert,,,C’vert
366.0,C’ver,,,C’ver
365.0,C’tarel,,,C’tarel
364.0,C’rob,,,C’rob
362.0,Burdion,,,Burdion
361.0,Brudegan,Bruddie,,Brudegan Bruddie | Brudegan | Bruddie
360.0,Brosil,,,Brosil
359.0,Brookie,,,Brookie
358.0,Brolly,,,Brolly
357.0,Brodo,,,Brodo
356.0,Bristol,,,Bristol
355.0,Briskin,,,Briskin
354.0,Brinaret,,,Brinaret
353.0,Bridgely,,,Bridgely
352.0,Briaret,,,Briaret
351.0,Brian,,,Brian
350.0,Brever,,,Brever
349.0,Brestolli,,,Brestolli
348.0,Brenton,,,Brenton
347.0,Breide,,,Breide
346.0,Bravonner,,,Bravonner
344.0,Brand,,,Brand
344.0,Brand,,,Brand
343.0,Brahil,,,Brahil
342.0,Brace,,,Brace
341.0,Bourdon,,,Bourdon
340.0,Bosler,,,Bosler
339.0,Boskoney,,,Boskoney
338.0,Boris,Pahlevi,,Boris Pahlevi | Pahlevi | Boris
337.0,Borgald,Amhold,,Borgald Amhold | Borgald | Amhold
336.0,Borel,,,Borel
335.0,Bonz,,,Bonz
334.0,Bob,Jepson,,Bob Jepson | Jepson | Bob
333.0,Bob,Jorgensen,,Bob Jorgensen | Jorgensen | Bob
332.0,Bloors,,,Bloors
331.0,Blesserel,,,Blesserel
330.0,Birsan,,,Birsan
329.0,Binness,,,Binness
328.0,Bill,Duff,,Bill Duff | Bill | Duff
327.0,Bestrum,,,Bestrum
326.0,Bessel,,,Bessel
325.0,Besic,,,Besic
324.0,Besel,,,Besel
323.0,Berdine,,,Berdine
321.0,Benis,,,Benis
320.0,Benini,,,Benini
319.0,Benelek,,,Benelek
318.0,Bendarek,,,Bendarek
317.0,Belterac,,,Belterac
316.0,Belesdan,Belesden,,Belesdan Belesden | Belesdan | Belesden
315.0,Begamon,,,Begamon
314.0,Becky,Nielsen,,Becky Nielsen | Nielsen | Becky
313.0,Batunon,,,Batunon
312.0,Batim,,,Batim
311.0,Bastom,,,Bastom
310.0,Basil,,,Basil
309.0,Bart,Lemos,,Bart Lemos | Lemos | Bart
308.0,Barndy,,,Barndy
306.0,Bargen,,,Bargen
305.0,Bantur,,,Bantur
304.0,Banger,,,Banger
303.0,Banak,,,Banak
302.0,Balfor,,,Balfor
301.0,Baldor,,,Baldor
300.0,Baid,,,Baid
299.0,Bahka,,,Bahka
298.0,B’zon,,,B’zon
297.0,B’rant,,,B’rant
296.0,B’nurrin,,,B’nurrin
294.0,B’naj,,,B’naj
293.0,B’lerion,,,B’lerion
292.0,B’dor,,,B’dor
291.0,Azury,,,Azury
290.0,Athpathis,,,Athpathis
289.0,Ashmichel,,,Ashmichel
288.0,Asgenar,,,Asgenar
287.0,Arthied,Desi,,Arthied Desi | Arthied | Desi
286.0,Arnor,,,Arnor
285.0,Armor,,,Armor
284.0,Arminet,,,Arminet
282.0,Anskono,,,Anskono
281.0,Anguille,,,Anguille
280.0,Andremon,,,Andremon
279.0,Andemon,,,Andemon
278.0,Anchoran,,,Anchoran
277.0,Ampris,,,Ampris
276.0,Alessan,,,Alessan
275.0,Alemi,Onclemi,Lemi,Alemi Onclemi Lemi | Alemi Onclemi | Onclemi Lemi | Alemi Lemi | Onclemi | Alemi | Lemi
274.0,Alemi,,,Alemi
273.0,Aleki,,,Aleki
272.0,Afnor,,,Afnor
271.0,A’murry,,,A’murry
270.0,A’dan,,,A’dan
269.0,Zulaya,,,Zulaya
268.0,Zalla,,,Zalla
267.0,Winalla,,,Winalla
266.0,Wimmia,,,Wimmia
265.0,Wil,,,Wil
264.0,Virginia,,,Virginia
263.0,Vessa,,,Vessa
262.0,Vesna,,,Vesna
261.0,Varena,Vanira,Nanira,Varena Vanira Nanira | Vanira Nanira | Varena Nanira | Varena Vanira | Nanira | Vanira | Varena
260.0,Valli,Lieb,,Valli Lieb | Valli | Lieb
259.0,Tumara,,,Tumara
258.0,Triana,,,Triana
257.0,Torene,,,Torene
256.0,Tisha,,,Tisha
255.0,Thea,,,Thea
254.0,Tenna,,,Tenna
253.0,Temma,,,Temma
252.0,Tellani,,,Tellani
251.0,Tela,,,Tela
250.0,Tarrie,Chernoff,,Tarrie Chernoff | Chernoff | Tarrie
249.0,Talina,,,Talina
248.0,Tai,,,Tai
247.0,T’bor,,,T’bor
246.0,Sydra,,,Sydra
245.0,Svenda,Olubushtu,,Svenda Olubushtu | Olubushtu | Svenda
244.0,Suze,,,Suze
242.0,Sue,Havers,,Sue Havers | Havers | Sue
241.0,Stolla,,,Stolla
240.0,Stella,,,Stella
239.0,Sorka,,,Sorka
239.0,Sorka,,,Sorka
238.0,Soreel,,,Soreel
237.0,Solth,,,Solth
236.0,Sitta,,,Sitta
235.0,Sirrie,,,Sirrie
234.0,Sira,,,Sira
233.0,Sim,,,Sim
232.0,Silvina,,,Silvina
231.0,Silvana,,,Silvana
229.0,Silga,,,Silga
228.0,Sicca,,,Sicca
227.0,Shavva,Fahroud,,Shavva Fahroud | Fahroud | Shavva
226.0,Sharra,Sharrie,,Sharra Sharrie | Sharrie | Sharra
225.0,Sharra,,,Sharra
225.0,Sharra,,,Sharra
224.0,Sella,,,Sella
223.0,Segoina,,,Segoina
222.0,Sarra,,,Sarra
221.0,Sarai,,,Sarai
220.0,Sarah,,,Sarah
219.0,Sanra,,,Sanra
218.0,Sallisha,,,Sallisha
216.0,Sallah,,,Sallah
215.0,Salda,,,Salda
214.0,Sagassy,,,Sagassy
213.0,Saday,,,Saday
212.0,Sabra,Ongola,Stein,Sabra Ongola Stein | Ongola Stein | Sabra Ongola | Sabra Stein | Ongola | Sabra | Stein
211.0,Rosheen,,,Rosheen
210.0,Robina,,,Robina
209.0,Rill,Nerilka,,Rill Nerilka | Nerilka | Rill
208.0,Relna,,,Relna
207.0,Rannelly,Rannely,,Rannelly Rannely | Rannelly | Rannely
206.0,Ramala,,,Ramala
205.0,Prilla,,,Prilla
204.0,Pona,,,Pona
203.0,Pilgra,,,Pilgra
202.0,Pessia,,,Pessia
200.0,Pendora,,,Pendora
199.0,Patsy,Swann,,Patsy Swann | Patsy | Swann
198.0,Palla,,,Palla
197.0,Orna,,,Orna
196.0,Oma,,,Oma
195.0,Oklina,,,Oklina
194.0,Nyassa,Clissmann,,Nyassa Clissmann | Clissmann | Nyassa
193.0,Nora,Sejby,,Nora Sejby | Sejby | Nora
192.0,Nika,,,Nika
191.0,Nia,,,Nia
190.0,Nesso,,,Nesso
189.0,Nera,,,Nera
188.0,Neldama,,,Neldama
187.0,Neilla,,,Neilla
186.0,Nattai,,,Nattai
185.0,Nataly,,,Nataly
184.0,Namurra,,,Namurra
183.0,Nalka,,,Nalka
182.0,Nadona,,,Nadona
181.0,Nadira,,,Nadira
180.0,Murda,,,Murda
178.0,Mislue,,,Mislue
177.0,Mirrim,,,Mirrim
177.0,Mirrim,,,Mirrim
177.0,Mirrim,,,Mirrim
177.0,Mirrim,,,Mirrim
176.0,Miridan,,,Miridan
174.0,Miata,,,Miata
173.0,Mesla,,,Mesla
171.0,Merika,,,Merika
168.0,Menolly,Nolly,Monolly,Menolly Nolly Monolly | Menolly Monolly | Menolly Nolly | Nolly Monolly | Menolly | Monolly | Nolly
168.0,Menolly,,,Menolly
168.0,Menolly,,,Menolly
168.0,Menolly,,,Menolly
168.0,Menolly,,,Menolly
168.0,Menolly,,,Menolly
168.0,Menolly,,,Menolly
168.0,Menolly,,,Menolly
168.0,Menolly,,,Menolly
168.0,Menolly,,,Menolly
167.0,Mellora,,,Mellora
166.0,Medda,,,Medda
165.0,Mechalla,,,Mechalla
164.0,Mavi,,,Mavi
163.0,Mary,Tubberman,,Mary Tubberman | Tubberman | Mary
162.0,Mari,,,Mari
161.0,Margatta,,,Margatta
161.0,Margatta,,,Margatta
160.0,Marella,,,Marella
159.0,Mardy,,,Mardy
158.0,Mardra,,,Mardra
157.0,Marcine,,,Marcine
156.0,Mara,,,Mara
155.0,Manora,,,Manora
154.0,Maizella,,,Maizella
153.0,Mairi,,,Mairi
152.0,Magalia,,,Magalia
150.0,Lucil,,,Lucil
149.0,Luccha,,,Luccha
148.0,Lotricia,,,Lotricia
147.0,Lotricia,,,Lotricia
146.0,Lorra,,,Lorra
145.0,Loreana,,,Loreana
144.0,Lonada,,,Lonada
143.0,Lissala,,,Lissala
142.0,Lilla,,,Lilla
141.0,Lidora,,,Lidora
140.0,Libby,,,Libby
139.0,Levalla,,,Levalla
138.0,Lessa,,,Lessa
137.0,Leri,,,Leri
136.0,Lemsia,,,Lemsia
135.0,Laura,,,Laura
133.0,Lally,Moorhouse,,Lally Moorhouse | Moorhouse | Lally
132.0,Laela,,,Laela
131.0,Kylara,,,Kylara
131.0,Kylara,,,Kylara
130.0,Kulla,,,Kulla
129.0,Kubisa,,,Kubisa
128.0,Klada,,,Klada
127.0,Kitrin,,,Kitrin
126.0,Kitral,,,Kitral
125.0,Kit,Ping,Kitti,Kit Ping Kitti | Ping Kitti | Kit Kitti | Kit Ping | Kitti | Ping | Kit
123.0,Kenelas,,,Kenelas
122.0,Kenalas,,,Kenalas
121.0,Keita,,,Keita
120.0,Kathy,Duff,,Kathy Duff | Kathy | Duff
118.0,Kamina,,,Kamina
117.0,Kamiana,,,Kamiana
116.0,Kami,,,Kami
115.0,Juvana,,,Juvana
114.0,Jule,,,Jule
113.0,Ju,Adjai,Adjar,Ju Adjai Adjar | Adjai Adjar | Ju Adjai | Ju Adjar | Adjai | Adjar | Ju
112.0,Josetta,,,Josetta
110.0,Jissamy,,,Jissamy
109.0,Jenfa,,,Jenfa
108.0,Janissian,,,Janissian
107.0,Jane,,,Jane
106.0,Jancis,,,Jancis
105.0,Janara,,,Janara
104.0,Jallora,,,Jallora
103.0,Ita,,,Ita
102.0,Isla,,,Isla
101.0,Irene,,,Irene
100.0,Holht,,,Holht
99.0,Hayara,,,Hayara
98.0,Haura,,,Haura
97.0,Hally,,,Hally
96.0,Halanna,,,Halanna
95.0,Grisella,,,Grisella
94.0,Greta,,,Greta
92.0,Gisa,,,Gisa
91.0,Ginia,,,Ginia
89.0,Gana,,,Gana
88.0,Gallardy,,,Gallardy
87.0,Fransman,,,Fransman
86.0,Fleur,du Vent,,Fleur du Vent | du Vent | Fleur
85.0,Fira,,,Fira
84.0,Ferina,,,Ferina
83.0,Fenela,,,Fenela
82.0,Felicia,,,Felicia
81.0,Felena,,,Felena
80.0,Faselly,,,Faselly
78.0,Famira,,,Famira
77.0,Falga,,,Falga
76.0,Evelene,,,Evelene
75.0,Evan,,,Evan
74.0,Esrella,,,Esrella
73.0,Empie,,,Empie
72.0,Emily,Boll,Em,Emily Boll Em | Emily Boll | Emily Em | Boll Em | Emily | Boll | Em
71.0,Elimona,,,Elimona
70.0,Egara,,,Egara
69.0,Durras,,,Durras
68.0,Duras,,,Duras
67.0,Dunca,,,Dunca
66.0,Dulsay,,,Dulsay
65.0,Dresda,,,Dresda
63.0,Diona,,,Diona
62.0,Desdra,,,Desdra
61.0,Delart,,,Delart
60.0,Deelan,,,Deelan
59.0,Debera,Deb,,Debera Deb | Debera | Deb
58.0,Danja,,,Danja
57.0,Danegga,,,Danegga
56.0,Dalova,,,Dalova
56.0,Dalova,,,Dalova
55.0,Dalma,,,Dalma
54.0,Curella,,,Curella
53.0,Cosira,,,Cosira
52.0,Corana,,,Corana
51.0,Clargesh,,,Clargesh
50.0,Chio-Chio,,,Chio-Chio
49.0,Cherry,Duff,,Cherry Duff | Cherry | Duff
48.0,Chenoa,,,Chenoa
47.0,Chaila,Zavior,Kimmage,Chaila Zavior Kimmage | Chaila Kimmage | Zavior Kimmage | Chaila Zavior | Kimmage | Chaila | Zavior
46.0,Celina,,,Celina
45.0,Cathy,,,Cathy
42.0,Carol,Duff,Vassaloe,Carol Duff Vassaloe | Carol Vassaloe | Duff Vassaloe | Carol Duff | Vassaloe | Carol | Duff
41.0,Cara,,,Cara
40.0,Campila,,,Campila
39.0,Brinna,,,Brinna
38.0,Briala,,,Briala
37.0,Brekke,Brekker,,Brekke Brekker | Brekker | Brekke
37.0,Brekke,,,Brekke
37.0,Brekke,,,Brekke
36.0,Breda,,,Breda
35.0,Brashia,,,Brashia
34.0,Boranda,,,Boranda
33.0,Bonna,,,Bonna
32.0,Betty,Musgrave,Blake,Betty Musgrave Blake | Betty Musgrave | Musgrave Blake | Betty Blake | Musgrave | Betty | Blake
30.0,Bethany,,,Bethany
29.0,Bessera,,,Bessera
28.0,Benoria,,,Benoria
27.0,Bedella,,,Bedella
26.0,Bedda,,,Bedda
25.0,Bay,Harkenon,,Bay Harkenon | Harkenon | Bay
24.0,Barr,Hamil,,Barr Hamil | Hamil | Barr
23.0,Barla,,,Barla
22.0,Bardie,,,Bardie
21.0,Barba,,,Barba
20.0,Bana,,,Bana
19.0,Ballora,,,Ballora
18.0,Avril,Bitra,,Avril Bitra | Avril | Bitra
17.0,Audiva,,,Audiva
16.0,Aranya,,,Aranya
15.0,Aramina,Mina,Ara,Aramina Mina Ara | Aramina Mina | Aramina Ara | Mina Ara | Aramina | Mina | Ara
14.0,Anella,,,Anella
13.0,Anama,,,Anama
12.0,Amilla,,,Amilla
11.0,Amiana,,,Amiana
10.0,Almie,,,Almie
9.0,Aliena,Zuleita,,Aliena Zuleita | Zuleita | Aliena
8.0,Alianne,Zulueta,,Alianne Zulueta | Alianne | Zulueta
7.0,Alda,,,Alda
6.0,Aida,,,Aida
5.0,Adrea,Beljeth,,Adrea Beljeth | Beljeth | Adrea
3.0,Abuna,,,Abuna
2.0,Abula,,,Abula
,,,,
