ID unique,Noms humains,Second nom,Troisième nom,Quatrième nom,aliases
1,A. C.,Sopers,,,A. C. Sopers | Sopers | A. C.
2,A’dan,,,,A’dan
3,A’murry,,,,A’murry
4,Abula,,,,Abula
5,Abuna,,,,Abuna
6,Adessa,,,,Adessa
7,Adrea,Beljeth,,,Adrea Beljeth | Beljeth | Adrea
8,Afnor,,,,Afnor
9,Aida,,,,Aida
10,Aisling,Hempenstahl,,,Aisling Hempenstahl | Hempenstahl | Aisling
11,Albuna,,,,Albuna
12,Alda,,,,Alda
13,Aleki,,,,Aleki
15,Alemi,,,,Alemi
14,Alemi,Onclemi,Lemi,,Alemi Onclemi Lemi | Alemi Onclemi | Onclemi Lemi | Alemi Lemi | Onclemi | Alemi | Lemi
16,Alessan,,,,Alessan
17,Alianne,Zulueta,,,Alianne Zulueta | Alianne | Zulueta
18,Aliena,Zuleita,,,Aliena Zuleita | Zuleita | Aliena
19,Almie,,,,Almie
20,Amilla,,,,Amilla
21,Ampris,,,,Ampris
22,Anama,,,,Anama
23,Anchoran,,,,Anchoran
24,Andemon,,,,Andemon
25,Ander,,,,Ander
26,Andremon,,,,Andremon
27,Anella,,,,Anella
28,Anguille,,,,Anguille
29,Anskono,,,,Anskono
30,Anta,,,,Anta
31,Aramina,Mina,Ara,,Aramina Mina Ara | Aramina Mina | Aramina Ara | Mina Ara | Aramina | Mina | Ara
32,Aranya,,,,Aranya
33,Armald,,,,Armald
34,Arminet,,,,Arminet
35,Armor,,,,Armor
36,Arnor,,,,Arnor
37,Arthied,Desi,,,Arthied Desi | Arthied | Desi
38,Asgenar,,,,Asgenar
39,Ashmichel,,,,Ashmichel
40,Athpathis,,,,Athpathis
41,Audiva,,,,Audiva
42,Avril,Bitra,,,Avril Bitra | Avril | Bitra
43,Azury,,,,Azury
44,B’dor,,,,B’dor
45,B’fol,,,,B’fol
46,B’greal,,,,B’greal
47,B’lerion,,,,B’lerion
48,B’naj,,,,B’naj
49,B’ner,,,,B’ner
50,B’nurrin,,,,B’nurrin
51,B’rant,,,,B’rant
52,B’refli,,,,B’refli
53,B’zon,,,,B’zon
54,Bahka,,,,Bahka
55,Baid,,,,Baid
56,Baldor,,,,Baldor
57,Balfor,,,,Balfor
58,Ballora,,,,Ballora
59,Banak,,,,Banak
60,Bandarek,,,,Bandarek
61,Banger,,,,Banger
62,Bantur,,,,Bantur
63,Barba,,,,Barba
64,Bardie,,,,Bardie
65,Bargen,,,,Bargen
66,Barla,,,,Barla
67,Barly,,,,Barly
68,Barndy,,,,Barndy
69,Barr,Hamil,,,Barr Hamil | Hamil | Barr
70,Bart,Lemos,,,Bart Lemos | Lemos | Bart
71,Basil,,,,Basil
72,Bastom,,,,Bastom
73,Batim,,,,Batim
74,Batunon,,,,Batunon
75,Bay,Harkenon,,,Bay Harkenon | Harkenon | Bay
76,Becky,Nielsen,,,Becky Nielsen | Nielsen | Becky
77,Bedda,,,,Bedda
78,Bedella,,,,Bedella
79,Begamon,,,,Begamon
80,Belesdan,Belesden,,,Belesdan Belesden | Belesdan | Belesden
81,Belterac,,,,Belterac
82,Ben,,,,Ben
83,Bendarek,,,,Bendarek
84,Benelek,,,,Benelek
85,Benini,,,,Benini
86,Benis,,,,Benis
87,Benoria,,,,Benoria
88,Berchar,Berch,,,Berchar Berch | Berchar | Berch
89,Berdine,,,,Berdine
90,Besel,,,,Besel
91,Besic,,,,Besic
92,Bessel,,,,Bessel
93,Bessera,,,,Bessera
94,Bestrum,,,,Bestrum
95,Bethany,,,,Bethany
96,Betrice,,,,Betrice
97,Betsy,,,,Betsy
98,Betty,Musgrave,Blake,,Betty Musgrave Blake | Betty Musgrave | Musgrave Blake | Betty Blake | Musgrave | Betty | Blake
99,Bill,Duff,,,Bill Duff | Bill | Duff
100,Binness,,,,Binness
101,Birsan,,,,Birsan
102,Birto,,,,Birto
103,Blesserel,,,,Blesserel
104,Bloors,,,,Bloors
106,Bob,Jorgensen,,,Bob Jorgensen | Jorgensen | Bob
105,Bob,Jepson,,,Bob Jepson | Jepson | Bob
107,Bonna,,,,Bonna
108,Bonz,,,,Bonz
109,Boranda,,,,Boranda
110,Borel,,,,Borel
111,Borgald,Amhold,,,Borgald Amhold | Borgald | Amhold
112,Boris,Pahlevi,,,Boris Pahlevi | Pahlevi | Boris
113,Boskoney,,,,Boskoney
114,Bosler,,,,Bosler
115,Bourdon,,,,Bourdon
116,Brace,,,,Brace
117,Brahil,,,,Brahil
118,Brand,,,,Brand
119,Brare,,,,Brare
120,Brashia,,,,Brashia
121,Bravonner,,,,Bravonner
122,Breda,,,,Breda
123,Breide,,,,Breide
124,Brekke,Brekker,,,Brekke Brekker | Brekker | Brekke
125,Brenton,,,,Brenton
126,Brestolli,,,,Brestolli
127,Brever,,,,Brever
128,Briala,,,,Briala
129,Brian,,,,Brian
130,Briaret,,,,Briaret
131,Bridgely,,,,Bridgely
132,Brinaret,,,,Brinaret
133,Brindel,,,,Brindel
134,Brinna,,,,Brinna
135,Briskin,,,,Briskin
136,Bristol,,,,Bristol
137,Brodo,,,,Brodo
138,Brolly,,,,Brolly
139,Brookie,,,,Brookie
140,Brosil,,,,Brosil
141,Brudegan,Bruddie,,,Brudegan Bruddie | Brudegan | Bruddie
142,Burdion,,,,Burdion
143,C’gan,,,,C’gan
144,C’reel ,,,,C’reel
145,C’rob,,,,C’rob
146,C’tarel,,,,C’tarel
147,C’ver,,,,C’ver
148,C’vert,,,,C’vert
149,C’vrel,,,,C’vrel
150,Cabot,Francis,Carter,,Cabot Francis Carter | Francis Carter | Cabot Francis | Cabot Carter | Francis | Carter | Cabot
151,Caesar,Galliani,,,Caesar Galliani | Galliani | Caesar
152,Calewis,,,,Calewis
154,Camo,,,,Camo
153,Camo,,,,Camo
155,Campen,,,,Campen
156,Campila,,,,Campila
157,Candler ,,,,Candler
158,Canell,,,,Canell
159,Capiam,,,,Capiam
160,Cara,,,,Cara
161,Carol,Duff,Vassaloe,,Carol Duff Vassaloe | Carol Vassaloe | Duff Vassaloe | Carol Duff | Vassaloe | Carol | Duff
162,Carola,,,,Carola
163,Caselon,,,,Caselon
164,Catherine,Radelin,Doyle,,Catherine Radelin Doyle | Catherine Radelin | Catherine Doyle | Radelin Doyle | Catherine | Radelin | Doyle
165,Cathy,,,,Cathy
166,Celina,,,,Celina
167,Ch’mon,,,,Ch’mon
168,Chad,,,,Chad
169,Chaila,Zavior,Kimmage,,Chaila Zavior Kimmage | Chaila Kimmage | Zavior Kimmage | Chaila Zavior | Kimmage | Chaila | Zavior
170,Chaldon,,,,Chaldon
171,Chalkin,,,,Chalkin
172,Chenoa,,,,Chenoa
173,Cherry,Duff,,,Cherry Duff | Cherry | Duff
174,Chesmic,,,,Chesmic
175,Chichis-Fusi,,,,Chichis-Fusi
176,Childon,,,,Childon
177,Chio-Chio,,,,Chio-Chio
178,Chochol,,,,Chochol
179,Chomas,,,,Chomas
180,Chris,MacArdle,Cooney,,Chris MacArdle Cooney | MacArdle Cooney | Chris MacArdle | Chris Cooney | MacArdle | Cooney | Chris
181,Christee,,,,Christee
183,Chuck,Havers,,,Chuck Havers | Havers | Chuck
182,Chuck,Kimmage,,,Chuck Kimmage | Kimmage | Chuck
184,Chung,,,,Chung
185,Ciparis,,,,Ciparis
186,Clagesh,,,,Clagesh
187,Clargesh,,,,Clargesh
188,Clell,,,,Clell
189,Clim,,,,Clim
190,Clisser,Cliss,,,Clisser Cliss | Clisser | Cliss
191,Clostan,,,,Clostan
192,Cobber,Alhinwa,,,Cobber Alhinwa | Alhinwa | Cobber
193,Cogneur,,,,Cogneur
194,Colmin,,,,Colmin
195,Conwy,,,,Conwy
196,Corana,,,,Corana
197,Cording,,,,Cording
198,Corman,,,,Corman
199,Cosira,,,,Cosira
200,Cr’not,,,,Cr’not
201,Creline,,,,Creline
202,Crenden,Cren,,,Crenden Cren | Crenden | Cren
203,Crivelan,Crivellan-aux-doigts-agiles,,,Crivelan Crivellan-aux-doigts-agiles | Crivellan-aux-doigts-agiles | Crivelan
204,Curella,,,,Curella
205,Curmir,,,,Curmir
206,Curran,,,,Curran
207,D’clan,,,,D’clan
208,D’fio,,,,D’fio
209,D’miel,,,,D’miel
210,D’namal,,,,D’namal
211,D’nek,,,,D’nek
212,D’nol,,,,D’nol
213,D’ram,,,,D’ram
214,D’say,,,,D’say
215,D’wer,,,,D’wer
216,Dag,,,,Dag
217,Dalma,,,,Dalma
218,Dalova,,,,Dalova
219,Danegga,,,,Danegga
220,Dangel,,,,Dangel
221,Danja,,,,Danja
222,Dannell,,,,Dannell
223,David,Catarel,Dave,,David Catarel Dave | David Catarel | Catarel Dave | David Dave | Catarel | David | Dave
224,Debera,Deb,,,Debera Deb | Debera | Deb
225,Decker,,,,Decker
226,Deckter,,,,Deckter
227,Declan,,,,Declan
228,Deece,,,,Deece
229,Deefer,,,,Deefer
230,Deegan,,,,Deegan
231,Deelan,,,,Deelan
232,Delart,,,,Delart
233,Denol,,,,Denol
234,Dermently,,,,Dermently
235,Desdra,,,,Desdra
236,Desi,Arthied,,,Desi Arthied | Arthied | Desi
237,Diatis,,,,Diatis
238,Dieter,Clissmann,,,Dieter Clissmann | Clissmann | Dieter
239,Diona,,,,Diona
240,Dirzan,,,,Dirzan
241,Domaize,,,,Domaize
242,Domick,,,,Domick
243,Dorai,,,,Dorai
244,Doral,,,,Doral
245,Dorse,,,,Dorse
246,Dowell,,,,Dowell
247,Drake,Bonneau,,,Drake Bonneau | Bonneau | Drake
248,Dresda,,,,Dresda
249,Dugall,,,,Dugall
250,Dulsay,,,,Dulsay
251,Dunca,,,,Dunca
252,Dunegrine,,,,Dunegrine
253,Durak,,,,Durak
254,Durras,,,,Durras
255,Dushik,,,,Dushik
256,Eddik,,,,Eddik
257,Effram,,,,Effram
258,Egara,,,,Egara
259,Elgion,,,,Elgion
260,Elimona,,,,Elimona
261,Emilin,,,,Emilin
262,Emily,Boll,Em,,Emily Boll Em | Emily Boll | Emily Em | Boll Em | Emily | Boll | Em
263,Empie,,,,Empie
264,Emsor,,,,Emsor
265,Eric,Hegelman,,,Eric Hegelman | Hegelman | Eric
266,Erkin,,,,Erkin
267,Erragon,,,,Erragon
268,Esrella,,,,Esrella
269,Esselin,,,,Esselin
270,Evan,,,,Evan
271,Evarel,,,,Evarel
272,Evelene,,,,Evelene
273,Evenek,,,,Evenek
274,Ezra,Keroon,,,Ezra Keroon | Keroon | Ezra
275,F’duril,,,,F’duril
276,F’gal,,,,F’gal
277,F’lar,Falla,Fallarnon,,F’lar Falla Fallarnon | Falla Fallarnon | F’lar Fallarnon | F’lar Falla | Fallarnon | Falla | F’lar
278,F’lessan,,,,F’lessan
279,F’lon,Falloner,,,F’lon Falloner | Falloner | F’lon
280,F’neldril,,,,F’neldril
281,F’nor,F’lor,,,F’nor F’lor | F’lor | F’nor
282,F’rad,,,,F’rad
283,F’tol,,,,F’tol
284,Fabry,,,,Fabry
285,Facenden,,,,Facenden
286,Falawny,,,,Falawny
287,Falga,,,,Falga
288,Famanoran,,,,Famanoran
289,Famira,,,,Famira
290,Fandarel,,,,Fandarel
291,Fanna,,,,Fanna
292,Farelly,,,,Farelly
293,Farevene,,,,Farevene
294,Farley,,,,Farley
295,Farnol,,,,Farnol
296,Faroguy,,,,Faroguy
297,Faselly,,,,Faselly
298,Fax,,,,Fax
299,Federen,,,,Federen
300,Feldon,,,,Feldon
301,Felena,,,,Felena
302,Felessan,Fesselan,,,Felessan Fesselan | Felessan | Fesselan
303,Felicia,,,,Felicia
304,Felim,,,,Felim
305,Fender,,,,Fender
306,Fenela,,,,Fenela
307,Ferfar,,,,Ferfar
308,Fergal,,,,Fergal
309,Ferina,,,,Ferina
310,Fesnal,,,,Fesnal
311,Fidello,,,,Fidello
312,Filatric,,,,Filatric
313,Finder,,,,Finder
314,Fira,,,,Fira
315,Fitatric,,,,Fitatric
316,Fleur,du Vent,,,Fleur du Vent | du Vent | Fleur
317,Florist,,,,Florist
318,Follen,,,,Follen
319,Fondarel,,,,Fondarel
320,Forris,,,,Forris
321,Fortine,,,,Fortine
322,Fosdak,,,,Fosdak
323,Franco,,,,Franco
324,Fransman,,,,Fransman
325,Frenkal,,,,Frenkal
326,Fromelin,,,,Fromelin
327,Fulmar,Stone,,,Fulmar Stone | Fulmar | Stone
328,Furet,,,,Furet
329,Furlo,,,,Furlo
330,G’bear,,,,G’bear
331,G’bol,,,,G’bol
332,G’dened,G’neded,,,G’dened G’neded | G’dened | G’neded
333,G’don,,,,G’don
334,G’drel,,,,G’drel
335,G’lanar,,,,G’lanar
336,G’nag,,,,G’nag
337,G’narish,,,,G’narish
338,G’ranad,,,,G’ranad
339,G’rannat,,,,G’rannat
340,G’ron,Giron,,,G’ron Giron | Giron | G’ron
341,G’sel,,,,G’sel
342,Gabin,,,,Gabin
343,Gabred,,,,Gabred
344,Gaby,,,,Gaby
345,Gallardy,,,,Gallardy
346,Gallen,,,,Gallen
347,Gallian,Galli,,,Gallian Galli | Gallian | Galli
348,Galnich,Galnish,,,Galnich Galnish | Galnich | Galnish
349,Galter,,,,Galter
350,Gana,,,,Gana
351,Gandidan,Gandiran,,,Gandidan Gandiran | Gandidan | Gandiran
352,Ganmar,,,,Ganmar
353,Garben,,,,Garben
354,Gardillon,,,,Gardillon
355,Gardner,,,,Gardner
356,Gardrow,,,,Gardrow
357,Garm,,,,Garm
359,Garrel,,,,Garrel
358,Garrel,,,,Garrel
360,Gayton,,,,Gayton
361,Gedenase,,,,Gedenase
362,Geger,,,,Geger
363,Gellim,,,,Gellim
364,Gemma,,,,Gemma
365,Genjon,,,,Genjon
366,Gennell,,,,Gennell
367,Germathen,,,,Germathen
368,Gifflen,,,,Gifflen
369,Ginia,,,,Ginia
370,Gisa,,,,Gisa
371,Glammie,,,,Glammie
372,Glay,,,,Glay
373,Gledia,,,,Gledia
374,Gomalsi,,,,Gomalsi
375,Gorazde,,,,Gorazde
376,Gorby,,,,Gorby
377,Gorta,,,,Gorta
378,Gostol,,,,Gostol
379,Gram,,,,Gram
380,Grasella,,,,Grasella
381,Greg,Keating,,,Greg Keating | Keating | Greg
382,Greta,,,,Greta
383,Grevil,,,,Grevil
384,Grisella,,,,Grisella
385,Grodon,,,,Grodon
386,Grogellan,,,,Grogellan
387,Groghe,,,,Groghe
388,Gyorgy,,,,Gyorgy
389,H’ages,,,,H’ages
390,H’grave,,,,H’grave
391,H’mar,,,,H’mar
392,H’nalt,,,,H’nalt
393,H’nor,,,,H’nor
394,H’redan,,,,H’redan
395,Halanna,,,,Halanna
396,Halefor,,,,Halefor
397,Halibran,,,,Halibran
398,Haligon,,,,Haligon
399,Hally,,,,Hally
400,Hamian,,,,Hamian
401,Haura,,,,Haura
402,Hayara,,,,Hayara
403,Hayon,,,,Hayon
404,Hedelman,,,,Hedelman
405,Hegmon,,,,Hegmon
406,Heinrich,,,,Heinrich
407,Helly,,,,Helly
408,Hillegel,,,,Hillegel
409,Hittet,,,,Hittet
410,Hobson,,,,Hobson
411,Holht,,,,Holht
412,Horon,,,,Horon
413,Hosbon,,,,Hosbon
414,Iantine,Ian,,,Iantine Ian | Iantine | Ian
415,Idarolan,Iddie,,,Idarolan Iddie | Idarolan | Iddie
416,Idoralan,,,,Idoralan
417,Ifor,,,,Ifor
418,Irene,,,,Irene
419,Irtine,,,,Irtine
420,Isla,,,,Isla
421,Issony,,,,Issony
422,Ita,,,,Ita
423,Ivan,le Terrible,,,Ivan le Terrible | le Terrible | Ivan
424,J’dar,,,,J’dar
425,J’fery,,,,J’fery
426,J’lono,,,,J’lono
427,J’ralt,Jeralte,,,J’ralt Jeralte | Jeralte | J’ralt
428,Jacob,Chernoff,,,Jacob Chernoff | Chernoff | Jacob
429,Jake,Chernoff,,,Jake Chernoff | Chernoff | Jake
430,Jallora,,,,Jallora
431,Jamson,,,,Jamson
432,Janara,,,,Janara
433,Jancis,,,,Jancis
434,Jane,,,,Jane
435,Janissian,,,,Janissian
436,Jarrol,,,,Jarrol
438,Jaxom,Jax,,,Jaxom Jax | Jaxom | Jax
437,Jaxom,,,,Jaxom
439,Jayge,Lilcamp,,,Jayge Lilcamp | Lilcamp | Jayge
440,Jemmy,,,,Jemmy
441,Jenfa,,,,Jenfa
442,Jepson,,,,Jepson
443,Jerin,,,,Jerin
444,Jerint,,,,Jerint
445,Jerrint,,,,Jerrint
446,Jerry,Mercer,,,Jerry Mercer | Mercer | Jerry
447,Jesken,,,,Jesken
448,Jess,,,,Jess
449,Jessuan,,,,Jessuan
450,Jez,,,,Jez
451,Jim,Tillek,James,,Jim Tillek James | Tillek James | Jim Tillek | Jim James | Tillek | James | Jim
452,Jiro,Akamoto,,,Jiro Akamoto | Akamoto | Jiro
453,Jissamy,,,,Jissamy
454,Jivan,,,,Jivan
455,Joanson,,,,Joanson
456,Joe,Millan,,,Joe Millan | Millan | Joe
457,Joël,Lilienkamp,Joel,Lili,Joël Lilienkamp Joel | Joël Lilienkamp | Lilienkamp Joel | Lilienkamp | Joël Joel | Joël
458,Johnny ,Greene,,,Johnny Greene | Greene | Johnny
459,Jol,,,,Jol
460,Jonno,,,,Jonno
461,Jora,,,,Jora
462,Josetta,,,,Josetta
463,Ju,Adjai,Adjar,,Ju Adjai Adjar | Adjai Adjar | Ju Adjai | Ju Adjar | Adjai | Adjar | Ju
464,Jubb,,,,Jubb
465,Jule,,,,Jule
466,Juvana,,,,Juvana
467,K’dall,,,,K’dall
468,K’dor,,,,K’dor
469,K’dren,,,,K’dren
470,K’drin,,,,K’drin
471,K’lon ,,,,K’lon
472,K’nebel,,,,K’nebel
473,K’net,,,,K’net
474,K’van,,,,K’van
475,K’vin,Kev,,,K’vin Kev | K’vin | Kev
476,Kailey,,,,Kailey
477,Kale,,,,Kale
478,Kalem,,,,Kalem
479,Kaljan,,,,Kaljan
480,Kalvi,,,,Kalvi
481,Kami,,,,Kami
482,Kamiana,,,,Kamiana
483,Kamina,,,,Kamina
484,Kanadin,K’din,,,Kanadin K’din | Kanadin | K’din
485,Karenchok,,,,Karenchok
486,Kashman,,,,Kashman
487,Kasia,,,,Kasia
488,Kathy,Duff,,,Kathy Duff | Kathy | Duff
489,Kayla,,,,Kayla
490,Keita,,,,Keita
491,Kenalas,,,,Kenalas
492,Kenjo,Fusaiyuki,,,Kenjo Fusaiyuki | Fusaiyuki | Kenjo
493,Kepiru,,,,Kepiru
494,Ker,,,,Ker
495,Kern,,,,Kern
496,Ketrin,,,,Ketrin
497,Kevelon,,,,Kevelon
498,Kinsale,,,,Kinsale
499,Kinver,,,,Kinver
500,Kirnety,,,,Kirnety
501,Kista,,,,Kista
502,Kit,Ping,Kitti,,Kit Ping Kitti | Ping Kitti | Kit Kitti | Kit Ping | Kitti | Ping | Kit
503,Kitral,,,,Kitral
504,Kitrin,,,,Kitrin
505,Kizan,,,,Kizan
506,Klada,,,,Klada
507,Kubisa,,,,Kubisa
508,Kulan,,,,Kulan
509,Kulla,,,,Kulla
510,Kung,,,,Kung
511,Kurt,,,,Kurt
512,Kwan ,Marceau,,,Kwan Marceau | Marceau | Kwan
513,Kylara,,,,Kylara
514,Kylos,,,,Kylos
515,L’bol,,,,L’bol
516,L’mal,,,,L’mal
517,L’rad,,,,L’rad
518,L’rayl,,,,L’rayl
519,L’sur,,,,L’sur
520,L’tol,Lytol,Lytonal,,L’tol Lytol Lytonal | Lytol Lytonal | L’tol Lytonal | L’tol Lytol | Lytonal | Lytol | L’tol
521,L’trel,,,,L’trel
522,L’vin,,,,L’vin
523,L’zal,,,,L’zal
524,L’zan,,,,L’zan
525,Laela,,,,Laela
526,Laland,,,,Laland
527,Lally,Moorhouse,,,Lally Moorhouse | Moorhouse | Lally
528,Landon,,,,Landon
529,Langrell,,,,Langrell
530,Larad,,,,Larad
532,Laradian,,,,Laradian
531,Laradian,,,,Laradian
533,Larna,Lama,,,Larna Lama | Larna | Lama
534,Laudey,,,,Laudey
535,Lauley,,,,Lauley
536,Laura,,,,Laura
537,Lavel,,,,Lavel
538,Layrence,,,,Layrence
539,Lear,,,,Lear
540,Lechi,,,,Lechi
541,Leef,Leff,,,Leef Leff | Leef | Leff
542,Lemsia,,,,Lemsia
543,Lensdale,,,,Lensdale
544,Léo,Léopol,,,Léo Léopol | Léopol | Léo
545,Leri,,,,Leri
546,Lesnour,,,,Lesnour
547,Lessa,,,,Lessa
548,Lesselam,,,,Lesselam
549,Lesselden,,,,Lesselden
550,Levalla,,,,Levalla
551,Lexey,,,,Lexey
552,Lias,,,,Lias
553,Libby,,,,Libby
554,Lidora,,,,Lidora
555,Ligand,,,,Ligand
556,Lilla,,,,Lilla
557,Lissala,,,,Lissala
558,Lobirn,,,,Lobirn
559,Lonada,,,,Lonada
560,Londik,,,,Londik
561,Loreana,,,,Loreana
562,Lorra,,,,Lorra
563,Losacot,,,,Losacot
565,Lotricia,,,,Lotricia
564,Lotricia,,,,Lotricia
566,Lozell,,,,Lozell
567,Luccha,,,,Luccha
568,Lucil,,,,Lucil
569,Lucy,Tubberman,,,Lucy Tubberman | Tubberman | Lucy
570,Lur,,,,Lur
571,M’barak,,,,M’barak
572,M’dani,,,,M’dani
573,M’gent,,,,M’gent
574,M’hall,,,,M’hall
575,M’leng,,,,M’leng
576,M’ling,,,,M’ling
577,M’odon,,,,M’odon
578,M’rak,,,,M’rak
579,M’rand,,,,M’rand
580,M’ray,,,,M’ray
581,M’rek,,,,M’rek
582,M’ridin,,,,M’ridin
583,M’shall,,,,M’shall
584,M’sur,,,,M’sur
585,M’tani,,,,M’tani
586,Macabir,,,,Macabir
587,Macester,,,,Macester
588,Macy,,,,Macy
589,Magalia,,,,Magalia
590,Maidir,,,,Maidir
591,Mairi,,,,Mairi
592,Mairian,,,,Mairian
593,Maizella,,,,Maizella
594,Makfar,,,,Makfar
595,Mallan,,,,Mallan
596,Manora,,,,Manora
597,Manotti,,,,Manotti
598,Mar,Dook,,,Mar Dook | Dook | Mar
599,Mara,,,,Mara
600,Maranis,,,,Maranis
601,Marcator,,,,Marcator
602,Marchane,,,,Marchane
603,Marcine,,,,Marcine
604,Marco,Galliani,,,Marco Galliani | Galliani | Marco
605,Mardra,,,,Mardra
606,Mardy,,,,Mardy
607,Marella,,,,Marella
608,Margatta,,,,Margatta
609,Mari,,,,Mari
610,Marley,,,,Marley
611,Marlifin,,,,Marlifin
612,Marshal,,,,Marshal
613,Mary,Tubberman,,,Mary Tubberman | Tubberman | Mary
614,Matsen,,,,Matsen
615,Mattew,Matt,,,Mattew Matt | Mattew | Matt
616,Mavi,,,,Mavi
617,Maxilant,,,,Maxilant
618,Maylone,,,,Maylone
619,Mechalla,,,,Mechalla
620,Medaman,,,,Medaman
621,Medda,,,,Medda
622,Mekelroy,Pinch,,,Mekelroy Pinch | Mekelroy | Pinch
623,Melongel,,,,Melongel
624,Menolly,Nolly,Monolly,,Menolly Nolly Monolly | Menolly Monolly | Menolly Nolly | Nolly Monolly | Menolly | Monolly | Nolly
625,Mercia,,,,Mercia
626,Merdine,,,,Merdine
627,Merelan,,,,Merelan
628,Merika,,,,Merika
629,Merin,,,,Merin
630,Meron,,,,Meron
631,Mesla,,,,Mesla
632,Miata,,,,Miata
633,Mibbut,,,,Mibbut
634,Michael,,,,Michael
635,Mick,,,,Mick
636,Mickulin,,,,Mickulin
637,Milla,,,,Milla
638,Minnarden,,,,Minnarden
639,Miridan,,,,Miridan
640,Mirrim,,,,Mirrim
641,Miskin,,,,Miskin
642,Mislue,,,,Mislue
643,Moreta,Moretta,,,Moreta Moretta | Moretta | Moreta
644,Morif,,,,Morif
645,Morilton,,,,Morilton
646,Morin,,,,Morin
647,Morshal,Morshall,,,Morshal Morshall | Morshall | Morshal
648,Mosser,,,,Mosser
649,Mostar,,,,Mostar
650,Mumolon,,,,Mumolon
651,Munchaun,,,,Munchaun
652,Murda,,,,Murda
653,Murfytwen,,,,Murfytwen
654,Murolin,,,,Murolin
655,N’bil,,,,N’bil
656,N’gent,,,,N’gent
657,N’men,,,,N’men
658,N’mool,,,,N’mool
659,N’ran,N’nan,,,N’ran N’nan | N’nan | N’ran
660,N’ton,,,,N’ton
661,Nabhi,Nabol,,,Nabhi Nabol | Nabhi | Nabol
662,Nadira,,,,Nadira
663,Nadona,,,,Nadona
664,Nalka,,,,Nalka
665,Namurra,,,,Namurra
666,Naprila,,,,Naprila
667,Nataly,,,,Nataly
668,Naton,,,,Naton
669,Nattai,,,,Nattai
670,Naylor,,,,Naylor
671,Nazer,,,,Nazer
672,Ned,Tubberman,,,Ned Tubberman | Tubberman | Ned
673,Neilla,,,,Neilla
674,Neldama,,,,Neldama
675,Nera,,,,Nera
676,Nessel,,,,Nessel
677,Nesso,,,,Nesso
678,Nia,,,,Nia
679,Nicat,,,,Nicat
680,Nielsen,,,,Nielsen
681,Nika,,,,Nika
682,Niness,,,,Niness
683,Nip,,,,Nip
684,Nora,Sejby,,,Nora Sejby | Sejby | Nora
685,Norist,,,,Norist
686,Norman,,,,Norman
687,Nurevin,,,,Nurevin
688,Nyassa,Clissmann,,,Nyassa Clissmann | Clissmann | Nyassa
689,O’ney,,,,O’ney
690,Ogolly,,,,Ogolly
691,Oharan,,,,Oharan
692,Oklina,,,,Oklina
693,Oldive,,,,Oldive
694,Olodkey,,,,Olodkey
695,Olos,,,,Olos
696,Oma,,,,Oma
697,Ongola,,,,Ongola
698,Orna,,,,Orna
699,Osemore,,,,Osemore
700,Oterel,,,,Oterel
701,Otto,Hegelman,,,Otto Hegelman | Hegelman | Otto
702,Ozzie,Munson,Oz,,Ozzie Munson Oz | Ozzie Munson | Munson Oz | Ozzie Oz | Munson | Ozzie | Oz
703,P’leen,,,,P’leen
704,P’nine,,,,P’nine
705,P’ratan,,,,P’ratan
706,P’tero,,,,P’tero
707,P’zar,,,,P’zar
708,Palim,,,,Palim
709,Palla,,,,Palla
711,Pardure,,,,Pardure
710,Pardure,,,,Pardure
712,Parren,,,,Parren
713,Pat,Hempenstall,,,Pat Hempenstall | Hempenstall | Pat
714,Patrice,de Broglie,,,Patrice de Broglie | de Broglie | Patrice
715,Patry,,,,Patry
716,Patsy,Swann,,,Patsy Swann | Patsy | Swann
718,Paul,Benden,,,Paul Benden | Benden | Paul
717,Paul,Logorides,,,Paul Logorides | Logorides | Paul
719,Paulin,,,,Paulin
720,Pell,,,,Pell
721,Pellomar,,,,Pellomar
722,Pendora,,,,Pendora
723,Pendra,,,,Pendra
724,Pergamol,,,,Pergamol
725,Perschar,Pershar,,,Perschar Pershar | Perschar | Pershar
726,Persellan,,,,Persellan
727,Pessia,,,,Pessia
728,Petan,,,,Petan
729,Peter,Semling,,,Peter Semling | Semling | Peter
730,Peterpar,,,,Peterpar
731,Petey,Pete,,,Petey Pete | Petey | Pete
732,Peth,,,,Peth
733,Petillo,,,,Petillo
734,Petiron,,,,Petiron
735,Phas,Radamanth,,,Phas Radamanth | Radamanth | Phas
737,Piemur,,,,Piemur
736,Piemur,,,,Piemur
738,Pierre,de Courcis,,,Pierre de Courcis | de Courcis | Pierre
739,Pilgra,,,,Pilgra
740,Pol,,,,Pol
741,Pol ,Nietro,,,Pol Nietro | Nietro | Pol
742,Pona,,,,Pona
743,Porrig,Connell,,,Porrig Connell | Connell | Porrig
744,Possil,,,,Possil
745,Pragal,,,,Pragal
746,Pressen,,,,Pressen
747,Prilla,,,,Prilla
748,Quitrin,,,,Quitrin
749,R’gul,Rangul,,,R’gul Rangul | Rangul | R’gul
750,R’limeak,,,,R’limeak
751,R’mart,,,,R’mart
752,R’miel,R’mel,,,R’miel R’mel | R’miel | R’mel
753,R’nor,,,,R’nor
754,R’yar,,,,R’yar
755,Raid,,,,Raid
756,Raïd,,,,Raïd
757,Ram,Da,,,Ram Da | Ram | Da
758,Ramala,,,,Ramala
759,Rammany,,,,Rammany
760,Rampesi,,,,Rampesi
761,Randy,,,,Randy
762,Ranly,,,,Ranly
763,Rannelly,Rannely,,,Rannelly Rannely | Rannelly | Rannely
764,Ranneth,,,,Ranneth
765,Ranrel,,,,Ranrel
766,Rapal,,,,Rapal
767,Rasa,,,,Rasa
768,Ratoshigan,Ratoshinga,,,Ratoshigan Ratoshinga | Ratoshigan | Ratoshinga
769,Readis,,,,Readis
770,Red,Hanrahan,,,Red Hanrahan | Hanrahan | Red
771,Relna,,,,Relna
772,Rency,,,,Rency
773,René,Mallibeau,,,René Mallibeau | Mallibeau | René
774,Ricardy,,,,Ricardy
775,Richud,,,,Richud
776,Rill,Nerilka,,,Rill Nerilka | Nerilka | Rill
777,Riller,,,,Riller
778,Robina,,,,Robina
779,Robinton,Rob,Robie,,Robinton Rob Robie | Robinton Robie | Robinton Rob | Rob Robie | Robinton | Robie | Rob
780,Roblyn,,,,Roblyn
781,Robse,,,,Robse
782,Rokayas,,,,Rokayas
783,Ronchin,,,,Ronchin
784,Rosheen,,,,Rosheen
785,Rudi,Shwartz,Rudolph,,Rudi Shwartz Rudolph | Shwartz Rudolph | Rudi Rudolph | Rudi Shwartz | Rudolph | Shwartz | Rudi
786,Rulyar,,,,Rulyar
787,Runel,,,,Runel
788,S’bran,,,,S’bran
789,S’dra,,,,S’dra
790,S’gar,,,,S’gar
791,S’gor,,,,S’gor
792,S’goral,,,,S’goral
793,S’lan,Selessan,Sellie,,S’lan Selessan Sellie | Selessan Sellie | S’lan Selessan | S’lan Sellie | Selessan | Sellie | S’lan
794,S’lel,,,,S’lel
795,S’len,,,,S’len
796,S’ligar,,,,S’ligar
797,S’loner,,,,S’loner
798,S’mon,Thomas,,,S’mon Thomas | Thomas | S’mon
799,S’nan,,,,S’nan
800,S’peren,,,,S’peren
801,S’rond,,,,S’rond
802,Sabra,Ongola,Stein,,Sabra Ongola Stein | Ongola Stein | Sabra Ongola | Sabra Stein | Ongola | Sabra | Stein
803,Saday,,,,Saday
804,Sagassy,,,,Sagassy
805,Sal,,,,Sal
806,Salda,,,,Salda
807,Sallah,,,,Sallah
808,Sallah ,Telgar-Andiyar,,,Sallah Telgar-Andiyar | Telgar-Andiyar | Sallah
809,Sallisha,,,,Sallisha
810,Saltor,,,,Saltor
811,Samvel,,,,Samvel
812,Saneter,,,,Saneter
813,Sangel,,,,Sangel
814,Sanra,,,,Sanra
815,Sarah,,,,Sarah
816,Sarai,,,,Sarai
817,Sarra,,,,Sarra
818,Scallak,,,,Scallak
819,Scand,,,,Scand
820,Sch’gall,,,,Sch’gall
821,Sean,Connell,O’Connell,,Sean Connell O’Connell | Connell O’Connell | Sean O’Connell | Sean Connell | O’Connell | Connell | Sean
822,Sebell,Sebel,Sevell,,Sebell Sebel Sevell | Sebell Sevell | Sebel Sevell | Sebell Sebel | Sebell | Sevell | Sebel
823,Sefal,,,,Sefal
824,Sefran,,,,Sefran
825,Segoina,,,,Segoina
826,Sella,,,,Sella
827,Sellel,,,,Sellel
828,Semment,,,,Semment
829,Serubil,,,,Serubil
830,Sev,Ritecamp,,,Sev Ritecamp | Ritecamp | Sev
831,Severeid,,,,Severeid
832,Sh’gall,,,,Sh’gall
833,Shadder,,,,Shadder
834,Shankolin,Glasstol de Crom,,,Shankolin Glasstol de Crom | Glasstol de Crom | Shankolin
835,Shanna,,,,Shanna
837,Sharra,,,,Sharra
836,Sharra,Sharrie,,,Sharra Sharrie | Sharrie | Sharra
838,Shavva,Fahroud,,,Shavva Fahroud | Fahroud | Shavva
839,Shawan,,,,Shawan
840,Sheledon,Shel,,,Sheledon Shel | Sheledon | Shel
841,Sherris,,,,Sherris
842,Sheve,,,,Sheve
843,Shih,Lao,,,Shih Lao | Shih | Lao
844,Shonagar,,,,Shonagar
845,Shonagor,,,,Shonagor
846,Shulse,,,,Shulse
847,Shuvin,,,,Shuvin
848,Sicca,,,,Sicca
849,Sifer,,,,Sifer
850,Sigomal,,,,Sigomal
851,Sigomel,,,,Sigomel
852,Silga,,,,Silga
853,Silma,,,,Silma
854,Silon,,,,Silon
855,Silton,,,,Silton
856,Silvana,,,,Silvana
857,Silvina,,,,Silvina
858,Sim,,,,Sim
859,Sintary,,,,Sintary
860,Sira,,,,Sira
861,Sirrie,,,,Sirrie
862,Sitta,,,,Sitta
863,Sneel,,,,Sneel
864,Sograny,,,,Sograny
865,Solth,,,,Solth
866,Soover,,,,Soover
867,Soreel,,,,Soreel
868,Sorka,,,,Sorka
869,Sousmal,,,,Sousmal
870,Sparling,,,,Sparling
871,St’ven,,,,St’ven
872,Stella,,,,Stella
873,Stev,Kimmer,,,Stev Kimmer | Kimmer | Stev
874,Stinar,,,,Stinar
875,Stolla,,,,Stolla
876,Struan,,,,Struan
877,Strud,,,,Strud
878,Sucho,,,,Sucho
879,Sue,Havers,,,Sue Havers | Havers | Sue
880,Sufur,,,,Sufur
881,Suriana,,,,Suriana
882,Suze,,,,Suze
883,Svenda,Olubushtu,,,Svenda Olubushtu | Olubushtu | Svenda
884,Sydra,,,,Sydra
885,T’bor,,,,T’bor
886,T’bot,,,,T’bot
887,T’dam,,,,T’dam
888,T’gellan,,,,T’gellan
889,T’gor,,,,T’gor
890,T’gran,,,,T’gran
891,T’grel,,,,T’grel
892,T’kil,,,,T’kil
893,T’kul,T’kull,,,T’kul T’kull | T’kull | T’kul
894,T’lan,,,,T’lan
895,T’ledon,,,,T’ledon
896,T’lion,Gaddie,,,T’lion Gaddie | Gaddie | T’lion
897,T’lonneg,,,,T’lonneg
898,T’nure,,,,T’nure
899,T’ragel,,,,T’ragel
900,T’ral,,,,T’ral
901,T’ran,,,,T’ran
902,T’reb,,,,T’reb
903,T’red,,,,T’red
904,T’ron,,,,T’ron
905,T’sen,,,,T’sen
906,T'sum,,,,T'sum
907,T’tel,T’lel,,,T’tel T’lel | T’lel | T’tel
908,T’ton,,,,T’ton
909,Tagetarl,Tag,,,Tagetarl Tag | Tagetarl | Tag
910,Tai,,,,Tai
911,Talina,,,,Talina
912,Talmor,,,,Talmor
913,Talpan,,,,Talpan
914,Tanus,,,,Tanus
915,Tarathel,,,,Tarathel
916,Targus,,,,Targus
917,Tarrie,Chernoff,,,Tarrie Chernoff | Chernoff | Tarrie
918,Tarvi,Andiyar,Andivar,,Tarvi Andiyar Andivar | Andiyar Andivar | Tarvi Andivar | Tarvi Andiyar | Andivar | Andiyar | Tarvi
919,Tashkovich,,,,Tashkovich
920,Tashvi,,,,Tashvi
921,Tawkin,,,,Tawkin
922,Ted ,Tubberman,Tubbermann,,Ted Tubberman Tubbermann | Tubberman Tubbermann | Ted Tubbermann | Ted Tubberman | Tubbermann | Tubberman | Ted
923,Tegger,,,,Tegger
924,Tela,,,,Tela
925,Tellani,,,,Tellani
926,Temma,,,,Temma
927,Tenna,,,,Tenna
928,Terentel,,,,Terentel
929,Terry,,,,Terry
930,Tesner,,,,Tesner
931,Texur,,,,Texur
932,Thea,,,,Thea
933,Thella,,,,Thella
934,Theng,,,,Theng
935,Théo,Force,,,Théo Force | Force | Théo
936,Theskin,,,,Theskin
937,Thomas,,,,Thomas
938,Tikini,,,,Tikini
939,Tilarek,,,,Tilarek
940,Tilgin,,,,Tilgin
941,Tilsit,,,,Tilsit
942,Timareen,,,,Timareen
943,Timiny,Tim,,,Timiny Tim | Timiny | Tim
944,Tinamon,,,,Tinamon
945,Tino,,,,Tino
946,Tippel,,,,Tippel
947,Tirone,,,,Tirone
948,Tisha,,,,Tisha
949,Tolocamp,,,,Tolocamp
950,Tom,Patrick,,,Tom Patrick | Patrick | Tom
951,Tomlinson,,,,Tomlinson
952,Tomol,,,,Tomol
953,Tordril,,,,Tordril
954,Torene,,,,Torene
955,Toric,,,,Toric
956,Torjus,,,,Torjus
957,Torlin,,,,Torlin
958,Torlo,,,,Torlo
959,Toronas,,,,Toronas
960,Torsten,,,,Torsten
961,Tortole,,,,Tortole
962,Tosikin,,,,Tosikin
963,Tracey,Train,,,Tracey Train | Tracey | Train
964,Tragger,,,,Tragger
965,Traller,,,,Traller
966,Tranilty,,,,Tranilty
967,Trelbin,,,,Trelbin
968,Triana,,,,Triana
969,Trume,,,,Trume
970,Tuck,,,,Tuck
972,Tuero,,,,Tuero
971,Tuero,,,,Tuero
973,Tumara,,,,Tumara
974,Tunge,,,,Tunge
975,Turlon,,,,Turlon
976,Turvine,Turving,,,Turvine Turving | Turvine | Turving
977,Tuvor,,,,Tuvor
978,Twenone,,,,Twenone
979,Ussie,,,,Ussie
980,Usuai,,,,Usuai
981,Uvor,,,,Uvor
982,V’last,,,,V’last
983,V’line,,,,V’line
984,V’mul,,,,V’mul
985,Valden,,,,Valden
986,Valli,Lieb,,,Valli Lieb | Valli | Lieb
987,Valrol,,,,Valrol
988,Vandentine,,,,Vandentine
989,Vander,,,,Vander
990,Varena,Vanira,Nanira,,Varena Vanira Nanira | Vanira Nanira | Varena Nanira | Varena Vanira | Nanira | Vanira | Varena
991,Varney,,,,Varney
992,Venabil,,,,Venabil
993,Vendross,,,,Vendross
994,Vergerin,,,,Vergerin
995,Vesna,,,,Vesna
996,Vessa,,,,Vessa
997,Viderian,,,,Viderian
998,Vieil Oncle,,,,Vieil Oncle
999,Vincet,,,,Vincet
1000,Viredian,,,,Viredian
1001,Virginia,,,,Virginia
1002,Vormital,,,,Vormital
1003,W’ter,,,,W’ter
1004,Wade,Lorenzo,,,Wade Lorenzo | Lorenzo | Wade
1005,Waine,,,,Waine
1006,Wanson,,,,Wanson
1007,Wansor,,,,Wansor
1008,Wansôr,,,,Wansôr
1009,Warbret,,,,Warbret
1010,Warlow,,,,Warlow
1011,Washell,Wachell,Wash,,Washell Wachell Wash | Washell Wachell | Wachell Wash | Washell Wash | Wachell | Washell | Wash
1012,Wil,,,,Wil
1013,Wimmia,,,,Wimmia
1014,Winalla,,,,Winalla
1015,Winnia,,,,Winnia
1016,Wonegal,,,,Wonegal
1017,Wyzall,,,,Wyzall
1018,Xi,Chi,Yuen,,Xi Chi Yuen | Chi Yuen | Xi Yuen | Xi Chi | Yuen | Chi | Xi
1019,Yanus,,,,Yanus
1020,Yorag,,,,Yorag
1021,Yvonne,Yves,,,Yvonne Yves | Yvonne | Yves
1022,Z’gal,,,,Z’gal
1023,Z’ran,,,,Z’ran
1024,Zalla,,,,Zalla
1025,Zewe,,,,Zewe
1026,Zi,Ongola,,,Zi Ongola | Ongola | Zi
1027,Zulaya,,,,Zulaya
1028,Zurg,,,,Zurg
