,Alemi,Alessan,Andemon,Anella,A’murry,Bargen,Bedella,Benelek,Berchar,Berd,Brekke,Briala,B’lerion,Camo,Canth,Capiam,Corman,Dag,Deckter,Domick,Dorse,Dunca,D’ram,Fandarel,Fax,Fergal,F’lar,F’lessan,F’nor,Gemma,Golanth,Grall,Groghe,G’narish,Heth,Holth,Idarolan,Jaxom,Jerint,Kadith,Kern,Kylara,K’lon,K’van,Larad,Leef,Leri,Lessa,Lidora,L’mal,Mardra,Mavi,Menolly,Merelan,Meron,Mirrim,Mnementh,Monarth,Moreta,Nadira,Nemorth,Nessel,Nicat,N’ton,Oklina,Oldive,Oncle,Orlith,Oterel,Petiron,Piemur,Pol,Pona,Prideth,Ramoth,Ratoshigan,Robinton,Ruth,Sallah,Sangel,Sebell,Sharra,Shonagar,Sh’gall,Sigomal,Silvina,Sograny,Stupide,Suriana,S’gor,Tagetarl,Talmor,Talpan,Terry,Tirone,Toric,T’bor,T’kul,T’reb,T’ton,Vincet,Wansor,Warbret,Wirenth,Zair,Zurg
Alemi,0.0,1.0,1.0,1.0,1.0,1.0,1.0,1.0,1.0,1.0,1.0,1.0,1.0,1.0,1.0,1.0,0.8639172365120457,1.0,1.0,1.0,1.0,1.0,1.0,0.4444444444444444,1.0,1.0,0.9699443455110855,0.9683614001415833,1.0,1.0,0.9546390788373486,1.0,1.0,1.0,1.0,1.0,0.037749551350623745,0.8217205659470177,1.0,1.0,1.0,1.0,1.0,1.0,0.8639172365120457,1.0,1.0,0.9503096005000047,1.0,1.0,1.0,1.0,0.8379277872245616,1.0,1.0,0.8639172365120457,1.0,0.037749551350623745,1.0,1.0,1.0,1.0,1.0,1.0,1.0,0.3195861825602284,1.0,1.0,1.0,1.0,0.9790019737217096,1.0,1.0,1.0,0.9358499700900416,1.0,0.9134018777803927,0.9476217199121076,1.0,1.0,0.8075499102701248,0.8556624327025936,1.0,1.0,1.0,1.0,1.0,1.0,1.0,1.0,1.0,1.0,1.0,1.0,1.0,1.0,1.0,1.0,1.0,1.0,1.0,1.0,1.0,1.0,1.0,1.0
Alessan,1.0,0.0,1.0,0.5799159747915971,0.8599719915971991,1.0,1.0,1.0,0.15983194958319413,1.0,1.0,1.0,0.5149287499273341,1.0,1.0,0.11438511445990485,1.0,0.20788196561866057,1.0,1.0,1.0,1.0,1.0,1.0,1.0,0.15983194958319413,1.0,1.0,1.0,1.0,1.0,1.0,1.0,1.0,1.0,0.15983194958319413,1.0,1.0,1.0,0.15983194958319413,1.0,1.0,0.8599719915971991,1.0,1.0,0.7199439831943981,0.15983194958319413,1.0,0.8599719915971991,0.15983194958319413,1.0,1.0,1.0,1.0,1.0,1.0,1.0,1.0,0.09486639816563525,1.0,1.0,1.0,1.0,1.0,0.6039409828093303,1.0,0.4059114742139954,0.44998090178307326,1.0,1.0,1.0,1.0,1.0,1.0,1.0,0.15983194958319413,1.0,1.0,1.0,1.0,1.0,1.0,1.0,0.30689671991632805,1.0,1.0,1.0,1.0,0.41199350855034933,0.15983194958319413,1.0,1.0,0.8599719915971991,1.0,0.15983194958319413,1.0,1.0,1.0,1.0,1.0,1.0,1.0,1.0,1.0,1.0,1.0
Andemon,1.0,1.0,0.0,1.0,1.0,1.0,1.0,1.0,1.0,0.0,0.1296117202215108,1.0,1.0,1.0,1.0,1.0,1.0,1.0,1.0,1.0,1.0,1.0,0.29289321881345254,0.42264973081037416,1.0,1.0,0.6876524762227878,1.0,0.6286093236458963,1.0,1.0,0.0,0.29289321881345254,0.0,1.0,1.0,1.0,0.8315696157866962,1.0,1.0,1.0,0.75,1.0,1.0,1.0,1.0,1.0,0.7418011102528389,1.0,1.0,0.5917517095361369,1.0,1.0,1.0,0.29289321881345254,1.0,0.42264973081037416,1.0,1.0,0.0,1.0,1.0,1.0,0.0,1.0,1.0,1.0,1.0,0.0,1.0,1.0,1.0,1.0,0.1982162742627268,0.6666666666666667,1.0,1.0,1.0,1.0,1.0,1.0,1.0,1.0,1.0,1.0,1.0,0.0,1.0,1.0,1.0,1.0,1.0,1.0,0.0,1.0,1.0,0.0,1.0,1.0,1.0,1.0,0.29289321881345254,1.0,0.29289321881345254,1.0,1.0
Anella,1.0,0.5799159747915971,1.0,0.0,1.0,1.0,1.0,1.0,1.0,1.0,1.0,1.0,0.42264973081037416,1.0,1.0,1.0,1.0,1.0,1.0,1.0,1.0,1.0,1.0,1.0,1.0,1.0,1.0,1.0,1.0,1.0,1.0,1.0,1.0,1.0,1.0,1.0,1.0,1.0,1.0,1.0,1.0,1.0,1.0,1.0,1.0,1.0,1.0,1.0,1.0,1.0,1.0,1.0,1.0,1.0,1.0,1.0,1.0,1.0,0.2701995508002383,1.0,1.0,1.0,1.0,1.0,0.29289321881345254,1.0,1.0,1.0,1.0,1.0,1.0,1.0,1.0,1.0,1.0,1.0,1.0,1.0,1.0,1.0,1.0,1.0,1.0,1.0,1.0,1.0,1.0,1.0,0.0871290708247231,1.0,1.0,1.0,1.0,1.0,1.0,1.0,1.0,1.0,1.0,1.0,1.0,1.0,1.0,1.0,1.0,1.0
A’murry,1.0,0.8599719915971991,1.0,1.0,0.0,1.0,1.0,1.0,1.0,1.0,1.0,1.0,1.0,1.0,1.0,1.0,1.0,1.0,1.0,1.0,1.0,1.0,1.0,1.0,1.0,1.0,1.0,1.0,1.0,1.0,1.0,1.0,1.0,1.0,1.0,1.0,1.0,1.0,1.0,1.0,1.0,1.0,0.0,1.0,1.0,1.0,1.0,1.0,0.0,1.0,1.0,1.0,1.0,1.0,1.0,1.0,1.0,1.0,0.8957427929714626,1.0,1.0,1.0,1.0,1.0,1.0,1.0,1.0,0.12712843905603044,1.0,1.0,1.0,1.0,1.0,1.0,1.0,1.0,1.0,1.0,1.0,1.0,1.0,1.0,1.0,0.29289321881345254,1.0,1.0,1.0,1.0,1.0,1.0,1.0,1.0,0.0,1.0,1.0,1.0,1.0,1.0,1.0,1.0,1.0,1.0,1.0,1.0,1.0,1.0
Bargen,1.0,1.0,1.0,1.0,1.0,0.0,1.0,1.0,1.0,1.0,1.0,1.0,1.0,1.0,1.0,1.0,1.0,1.0,1.0,1.0,1.0,1.0,1.0,1.0,0.4654775161751512,1.0,1.0,1.0,0.8143046618229481,1.0,1.0,1.0,1.0,1.0,1.0,1.0,1.0,1.0,1.0,1.0,1.0,1.0,1.0,1.0,1.0,1.0,1.0,1.0,1.0,1.0,1.0,1.0,1.0,0.29289321881345254,1.0,1.0,1.0,1.0,1.0,1.0,0.0,1.0,1.0,1.0,1.0,1.0,1.0,1.0,1.0,0.15484574527148343,1.0,1.0,1.0,1.0,1.0,1.0,0.10004591485348491,1.0,1.0,1.0,1.0,1.0,1.0,1.0,1.0,0.6220355269907728,1.0,0.29289321881345254,1.0,1.0,1.0,1.0,1.0,1.0,1.0,1.0,1.0,1.0,1.0,1.0,1.0,1.0,1.0,1.0,1.0,1.0
Bedella,1.0,1.0,1.0,1.0,1.0,1.0,0.0,1.0,1.0,1.0,1.0,1.0,1.0,1.0,1.0,1.0,1.0,1.0,1.0,1.0,1.0,1.0,0.29289321881345254,1.0,0.7327387580875756,1.0,1.0,1.0,1.0,1.0,1.0,1.0,1.0,1.0,0.0,1.0,1.0,0.9157848078933482,1.0,1.0,1.0,1.0,1.0,0.0,0.29289321881345254,1.0,1.0,1.0,1.0,1.0,1.0,1.0,0.9157848078933482,1.0,1.0,1.0,1.0,1.0,1.0,1.0,1.0,1.0,1.0,1.0,1.0,1.0,1.0,1.0,1.0,1.0,0.6726731646460113,1.0,1.0,1.0,1.0,1.0,0.9357175653466775,1.0,1.0,1.0,0.8571428571428572,0.5,1.0,1.0,1.0,1.0,1.0,1.0,1.0,1.0,1.0,1.0,1.0,1.0,1.0,0.10197348986612542,1.0,1.0,1.0,1.0,0.0,1.0,1.0,1.0,1.0,1.0
Benelek,1.0,1.0,1.0,1.0,1.0,1.0,1.0,0.0,1.0,1.0,1.0,1.0,1.0,1.0,1.0,1.0,1.0,1.0,1.0,1.0,0.0,1.0,1.0,1.0,1.0,1.0,0.3753049524455757,1.0,0.8143046618229481,1.0,1.0,1.0,0.29289321881345254,1.0,1.0,1.0,1.0,0.24206327104013292,1.0,1.0,0.0,1.0,1.0,1.0,1.0,1.0,1.0,0.7418011102528389,1.0,1.0,1.0,1.0,0.9157848078933482,1.0,1.0,1.0,1.0,1.0,1.0,1.0,1.0,0.0,0.0,1.0,1.0,1.0,1.0,1.0,1.0,1.0,0.6726731646460113,1.0,1.0,1.0,0.33333333333333337,1.0,0.74287026138671,0.047420655584319626,1.0,0.0,1.0,0.75,1.0,1.0,1.0,1.0,1.0,1.0,1.0,1.0,1.0,1.0,1.0,1.0,1.0,1.0,1.0,0.29289321881345254,1.0,1.0,1.0,1.0,1.0,1.0,1.0,1.0
Berchar,1.0,0.15983194958319413,1.0,1.0,1.0,1.0,1.0,1.0,0.0,1.0,1.0,1.0,1.0,1.0,1.0,0.05131670194948623,1.0,0.29289321881345254,1.0,1.0,1.0,1.0,1.0,1.0,1.0,0.0,1.0,1.0,1.0,1.0,1.0,1.0,1.0,1.0,1.0,0.0,1.0,1.0,1.0,0.0,1.0,1.0,1.0,1.0,1.0,1.0,0.0,1.0,1.0,0.0,1.0,1.0,1.0,1.0,1.0,1.0,1.0,1.0,0.37445675782877563,1.0,1.0,1.0,1.0,1.0,1.0,1.0,0.29289321881345254,0.5635642195280153,1.0,1.0,1.0,1.0,1.0,1.0,1.0,0.0,1.0,1.0,1.0,1.0,1.0,1.0,1.0,0.29289321881345254,1.0,1.0,1.0,1.0,0.8174258141649446,0.0,1.0,1.0,1.0,1.0,0.0,1.0,1.0,1.0,1.0,1.0,1.0,1.0,1.0,1.0,1.0,1.0
Berd,1.0,1.0,0.0,1.0,1.0,1.0,1.0,1.0,1.0,0.0,0.1296117202215108,1.0,1.0,1.0,1.0,1.0,1.0,1.0,1.0,1.0,1.0,1.0,0.29289321881345254,0.42264973081037416,1.0,1.0,0.6876524762227878,1.0,0.6286093236458963,1.0,1.0,0.0,0.29289321881345254,0.0,1.0,1.0,1.0,0.8315696157866962,1.0,1.0,1.0,0.75,1.0,1.0,1.0,1.0,1.0,0.7418011102528389,1.0,1.0,0.5917517095361369,1.0,1.0,1.0,0.29289321881345254,1.0,0.42264973081037416,1.0,1.0,0.0,1.0,1.0,1.0,0.0,1.0,1.0,1.0,1.0,0.0,1.0,1.0,1.0,1.0,0.1982162742627268,0.6666666666666667,1.0,1.0,1.0,1.0,1.0,1.0,1.0,1.0,1.0,1.0,1.0,0.0,1.0,1.0,1.0,1.0,1.0,1.0,0.0,1.0,1.0,0.0,1.0,1.0,1.0,1.0,0.29289321881345254,1.0,0.29289321881345254,1.0,1.0
Brekke,1.0,1.0,0.1296117202215108,1.0,1.0,1.0,1.0,1.0,1.0,0.1296117202215108,0.0,1.0,1.0,1.0,0.7989924369481576,1.0,1.0,1.0,1.0,1.0,1.0,1.0,0.3845425451033364,0.49748109237039384,1.0,1.0,0.6737636513037779,1.0,0.4827934529318113,1.0,1.0,0.1296117202215108,0.3845425451033364,0.1296117202215108,1.0,1.0,1.0,0.8534001676221525,1.0,1.0,1.0,0.6083252740996798,1.0,1.0,1.0,1.0,1.0,0.6853733975171536,1.0,1.0,0.6446654727406492,0.6518446880886043,0.9706800335244306,1.0,0.2614510541240037,0.7538170180413345,0.49748109237039384,1.0,1.0,0.1296117202215108,1.0,1.0,1.0,0.1296117202215108,1.0,1.0,1.0,1.0,0.1296117202215108,1.0,1.0,1.0,1.0,0.11604000012145255,0.7098705734071703,1.0,0.9776197289128485,1.0,1.0,1.0,1.0,1.0,1.0,1.0,1.0,1.0,0.1296117202215108,0.7538170180413345,1.0,1.0,1.0,1.0,1.0,0.1296117202215108,1.0,1.0,0.1296117202215108,1.0,0.6518446880886043,1.0,1.0,0.3845425451033364,1.0,0.1383595631446709,1.0,1.0
Briala,1.0,1.0,1.0,1.0,1.0,1.0,1.0,1.0,1.0,1.0,1.0,0.0,1.0,0.05131670194948623,1.0,1.0,1.0,1.0,1.0,0.0,1.0,0.0,1.0,1.0,1.0,1.0,1.0,1.0,1.0,1.0,1.0,1.0,1.0,1.0,1.0,1.0,1.0,1.0,0.0,1.0,1.0,1.0,1.0,1.0,1.0,1.0,1.0,1.0,1.0,1.0,1.0,1.0,0.07363288682682911,1.0,1.0,1.0,1.0,1.0,1.0,1.0,1.0,1.0,1.0,1.0,1.0,1.0,0.29289321881345254,1.0,1.0,0.49290744716289003,0.3453463292920228,1.0,0.0,1.0,1.0,1.0,1.0,1.0,1.0,1.0,0.7142857142857143,1.0,0.29289321881345254,1.0,1.0,0.6220355269907728,1.0,1.0,1.0,1.0,1.0,0.0,1.0,1.0,1.0,1.0,1.0,1.0,1.0,1.0,1.0,1.0,1.0,1.0,1.0,1.0
B’lerion,1.0,0.5149287499273341,1.0,0.42264973081037416,1.0,1.0,1.0,1.0,1.0,1.0,1.0,1.0,0.0,1.0,1.0,0.8174258141649446,1.0,0.591751709536137,1.0,1.0,1.0,1.0,1.0,1.0,1.0,1.0,1.0,1.0,1.0,1.0,1.0,1.0,1.0,1.0,1.0,1.0,1.0,1.0,1.0,1.0,1.0,1.0,1.0,1.0,1.0,0.42264973081037416,1.0,1.0,1.0,1.0,1.0,1.0,1.0,1.0,1.0,1.0,1.0,1.0,0.39807073457115383,1.0,1.0,1.0,1.0,1.0,0.18350341907227397,1.0,1.0,0.8740118423302576,1.0,1.0,1.0,1.0,1.0,1.0,1.0,1.0,1.0,1.0,1.0,1.0,1.0,1.0,1.0,1.0,1.0,1.0,1.0,1.0,0.26213521262737804,1.0,1.0,1.0,1.0,1.0,1.0,1.0,1.0,1.0,1.0,1.0,1.0,1.0,1.0,1.0,1.0,1.0
Camo,1.0,1.0,1.0,1.0,1.0,1.0,1.0,1.0,1.0,1.0,1.0,0.05131670194948623,1.0,0.0,1.0,1.0,1.0,1.0,1.0,0.05131670194948623,1.0,0.05131670194948623,1.0,1.0,1.0,1.0,1.0,1.0,1.0,1.0,1.0,1.0,1.0,1.0,1.0,1.0,1.0,1.0,0.05131670194948623,1.0,1.0,1.0,1.0,1.0,1.0,1.0,1.0,1.0,1.0,1.0,1.0,1.0,0.12117099186934266,0.7763932022500211,1.0,1.0,1.0,1.0,1.0,1.0,1.0,1.0,1.0,1.0,1.0,1.0,0.3291796067500632,1.0,1.0,0.4654775161751512,0.3789409965918812,1.0,0.05131670194948623,1.0,1.0,1.0,0.9390163278863694,1.0,1.0,1.0,0.7289476291284247,1.0,0.3291796067500632,1.0,1.0,0.641431417199682,1.0,1.0,1.0,1.0,1.0,0.05131670194948623,1.0,1.0,1.0,1.0,1.0,1.0,1.0,1.0,1.0,1.0,1.0,1.0,1.0,1.0
Canth,1.0,1.0,1.0,1.0,1.0,1.0,1.0,1.0,1.0,1.0,0.7989924369481576,1.0,1.0,1.0,0.0,1.0,1.0,1.0,1.0,1.0,1.0,1.0,1.0,1.0,1.0,1.0,0.9098330365332568,1.0,0.7855774930324411,1.0,1.0,1.0,1.0,1.0,1.0,1.0,1.0,0.8055133446694739,1.0,1.0,1.0,0.5669872981077806,1.0,1.0,1.0,1.0,1.0,1.0,1.0,1.0,1.0,1.0,1.0,1.0,0.7958758547680684,1.0,1.0,1.0,1.0,1.0,1.0,1.0,1.0,1.0,1.0,1.0,1.0,1.0,1.0,1.0,1.0,1.0,1.0,0.5370899501137242,1.0,1.0,0.9628865190487397,0.9214325798681614,1.0,1.0,1.0,1.0,1.0,1.0,1.0,1.0,1.0,1.0,1.0,1.0,1.0,1.0,1.0,1.0,1.0,1.0,1.0,1.0,0.42264973081037416,1.0,1.0,1.0,1.0,0.591751709536137,0.42264973081037416,1.0
Capiam,1.0,0.11438511445990485,1.0,1.0,1.0,1.0,1.0,1.0,0.05131670194948623,1.0,1.0,1.0,0.8174258141649446,1.0,1.0,0.0,1.0,0.10557280900008426,1.0,1.0,1.0,1.0,1.0,1.0,1.0,0.05131670194948623,1.0,1.0,1.0,1.0,1.0,1.0,1.0,1.0,1.0,0.05131670194948623,1.0,1.0,1.0,0.05131670194948623,1.0,1.0,1.0,1.0,1.0,0.683772233983162,0.05131670194948623,1.0,1.0,0.05131670194948623,1.0,1.0,1.0,1.0,1.0,1.0,1.0,1.0,0.3735885502740023,1.0,1.0,1.0,1.0,1.0,1.0,1.0,0.3291796067500632,0.5169541084603521,1.0,1.0,1.0,1.0,1.0,1.0,1.0,0.05131670194948623,1.0,1.0,1.0,1.0,1.0,1.0,1.0,0.3291796067500632,1.0,1.0,1.0,1.0,0.8267949192431123,0.05131670194948623,1.0,1.0,1.0,1.0,0.05131670194948623,1.0,1.0,1.0,1.0,1.0,1.0,1.0,1.0,1.0,1.0,1.0
Corman,0.8639172365120457,1.0,1.0,1.0,1.0,1.0,1.0,1.0,1.0,1.0,1.0,1.0,1.0,1.0,1.0,1.0,0.0,1.0,1.0,1.0,1.0,1.0,1.0,1.0,1.0,1.0,0.8895684739251535,0.8837523612561807,1.0,1.0,0.6666666666666667,1.0,1.0,1.0,1.0,1.0,1.0,0.6427051994947518,1.0,1.0,1.0,1.0,1.0,1.0,0.5000000000000001,1.0,1.0,0.8174258141649446,1.0,1.0,1.0,1.0,1.0,1.0,1.0,0.5000000000000001,1.0,1.0,1.0,1.0,1.0,1.0,1.0,1.0,1.0,1.0,1.0,1.0,1.0,1.0,0.9228483250189541,1.0,1.0,1.0,0.7642977396044842,1.0,0.9090909090909091,0.8075499102701248,1.0,1.0,0.7979694910895578,0.4696699141100894,1.0,1.0,1.0,1.0,1.0,1.0,1.0,1.0,1.0,1.0,1.0,1.0,1.0,1.0,1.0,1.0,1.0,1.0,1.0,1.0,1.0,1.0,1.0,1.0
Dag,1.0,0.20788196561866057,1.0,1.0,1.0,1.0,1.0,1.0,0.29289321881345254,1.0,1.0,1.0,0.591751709536137,1.0,1.0,0.10557280900008426,1.0,0.0,1.0,1.0,1.0,1.0,1.0,1.0,1.0,0.29289321881345254,1.0,1.0,1.0,1.0,1.0,1.0,1.0,1.0,1.0,0.29289321881345254,1.0,1.0,1.0,0.29289321881345254,1.0,1.0,1.0,1.0,1.0,0.29289321881345254,0.29289321881345254,1.0,1.0,0.29289321881345254,1.0,1.0,1.0,1.0,1.0,1.0,1.0,1.0,0.48395315345786005,1.0,1.0,1.0,1.0,1.0,1.0,1.0,0.5000000000000001,0.5370899501137243,1.0,1.0,1.0,1.0,1.0,1.0,1.0,0.29289321881345254,1.0,1.0,1.0,1.0,1.0,1.0,1.0,0.5000000000000001,1.0,1.0,1.0,1.0,0.8709005551264195,0.29289321881345254,1.0,1.0,1.0,1.0,0.29289321881345254,1.0,1.0,1.0,1.0,1.0,1.0,1.0,1.0,1.0,1.0,1.0
Deckter,1.0,1.0,1.0,1.0,1.0,1.0,1.0,1.0,1.0,1.0,1.0,1.0,1.0,1.0,1.0,1.0,1.0,1.0,0.0,1.0,1.0,1.0,1.0,1.0,1.0,1.0,1.0,1.0,1.0,1.0,1.0,1.0,1.0,1.0,1.0,1.0,1.0,1.0,1.0,1.0,1.0,1.0,1.0,1.0,1.0,1.0,1.0,1.0,1.0,1.0,0.18350341907227385,1.0,0.8315696157866962,1.0,0.6464466094067263,1.0,1.0,1.0,1.0,1.0,1.0,1.0,1.0,1.0,1.0,1.0,1.0,1.0,1.0,1.0,0.454455274410019,1.0,1.0,1.0,1.0,1.0,0.871435130693355,1.0,1.0,1.0,0.2857142857142857,1.0,0.29289321881345254,1.0,1.0,0.2440710539815456,1.0,1.0,1.0,1.0,1.0,1.0,1.0,1.0,1.0,0.8203946979732251,1.0,0.29289321881345254,1.0,1.0,1.0,1.0,1.0,1.0,1.0,1.0
Domick,1.0,1.0,1.0,1.0,1.0,1.0,1.0,1.0,1.0,1.0,1.0,0.0,1.0,0.05131670194948623,1.0,1.0,1.0,1.0,1.0,0.0,1.0,0.0,1.0,1.0,1.0,1.0,1.0,1.0,1.0,1.0,1.0,1.0,1.0,1.0,1.0,1.0,1.0,1.0,0.0,1.0,1.0,1.0,1.0,1.0,1.0,1.0,1.0,1.0,1.0,1.0,1.0,1.0,0.07363288682682911,1.0,1.0,1.0,1.0,1.0,1.0,1.0,1.0,1.0,1.0,1.0,1.0,1.0,0.29289321881345254,1.0,1.0,0.49290744716289003,0.3453463292920228,1.0,0.0,1.0,1.0,1.0,1.0,1.0,1.0,1.0,0.7142857142857143,1.0,0.29289321881345254,1.0,1.0,0.6220355269907728,1.0,1.0,1.0,1.0,1.0,0.0,1.0,1.0,1.0,1.0,1.0,1.0,1.0,1.0,1.0,1.0,1.0,1.0,1.0,1.0
Dorse,1.0,1.0,1.0,1.0,1.0,1.0,1.0,0.0,1.0,1.0,1.0,1.0,1.0,1.0,1.0,1.0,1.0,1.0,1.0,1.0,0.0,1.0,1.0,1.0,1.0,1.0,0.3753049524455757,1.0,0.8143046618229481,1.0,1.0,1.0,0.29289321881345254,1.0,1.0,1.0,1.0,0.24206327104013292,1.0,1.0,0.0,1.0,1.0,1.0,1.0,1.0,1.0,0.7418011102528389,1.0,1.0,1.0,1.0,0.9157848078933482,1.0,1.0,1.0,1.0,1.0,1.0,1.0,1.0,0.0,0.0,1.0,1.0,1.0,1.0,1.0,1.0,1.0,0.6726731646460113,1.0,1.0,1.0,0.33333333333333337,1.0,0.74287026138671,0.047420655584319626,1.0,0.0,1.0,0.75,1.0,1.0,1.0,1.0,1.0,1.0,1.0,1.0,1.0,1.0,1.0,1.0,1.0,1.0,1.0,0.29289321881345254,1.0,1.0,1.0,1.0,1.0,1.0,1.0,1.0
Dunca,1.0,1.0,1.0,1.0,1.0,1.0,1.0,1.0,1.0,1.0,1.0,0.0,1.0,0.05131670194948623,1.0,1.0,1.0,1.0,1.0,0.0,1.0,0.0,1.0,1.0,1.0,1.0,1.0,1.0,1.0,1.0,1.0,1.0,1.0,1.0,1.0,1.0,1.0,1.0,0.0,1.0,1.0,1.0,1.0,1.0,1.0,1.0,1.0,1.0,1.0,1.0,1.0,1.0,0.07363288682682911,1.0,1.0,1.0,1.0,1.0,1.0,1.0,1.0,1.0,1.0,1.0,1.0,1.0,0.29289321881345254,1.0,1.0,0.49290744716289003,0.3453463292920228,1.0,0.0,1.0,1.0,1.0,1.0,1.0,1.0,1.0,0.7142857142857143,1.0,0.29289321881345254,1.0,1.0,0.6220355269907728,1.0,1.0,1.0,1.0,1.0,0.0,1.0,1.0,1.0,1.0,1.0,1.0,1.0,1.0,1.0,1.0,1.0,1.0,1.0,1.0
D’ram,1.0,1.0,0.29289321881345254,1.0,1.0,1.0,0.29289321881345254,1.0,1.0,0.29289321881345254,0.3845425451033364,1.0,1.0,1.0,1.0,1.0,1.0,1.0,1.0,1.0,1.0,1.0,0.0,0.591751709536137,0.8110177634953863,1.0,0.779136947850307,1.0,0.7373871342805549,1.0,1.0,0.29289321881345254,0.5000000000000001,0.29289321881345254,0.29289321881345254,1.0,1.0,0.8213525997473758,1.0,1.0,1.0,0.8232233047033631,1.0,0.29289321881345254,0.5000000000000001,1.0,1.0,0.8174258141649446,1.0,1.0,0.7113248654051871,1.0,0.9404508665824587,1.0,0.5000000000000001,1.0,0.591751709536137,1.0,1.0,0.29289321881345254,1.0,1.0,1.0,0.29289321881345254,1.0,1.0,1.0,1.0,0.29289321881345254,1.0,0.7685449750568621,1.0,1.0,0.43305329048615915,0.7642977396044842,1.0,0.9545454545454546,1.0,1.0,1.0,0.8989847455447789,0.6464466094067263,1.0,1.0,1.0,1.0,0.29289321881345254,1.0,1.0,1.0,1.0,1.0,1.0,0.29289321881345254,1.0,0.3649993649990475,0.29289321881345254,1.0,1.0,1.0,0.29289321881345254,0.5000000000000001,1.0,0.5000000000000001,1.0,1.0
Fandarel,0.4444444444444444,1.0,0.42264973081037416,1.0,1.0,1.0,1.0,1.0,1.0,0.42264973081037416,0.49748109237039384,1.0,1.0,1.0,1.0,1.0,1.0,1.0,1.0,1.0,1.0,1.0,0.591751709536137,0.0,0.5370899501137242,1.0,0.45899821919954054,1.0,0.356732479097323,0.42264973081037416,1.0,0.42264973081037416,0.591751709536137,0.42264973081037416,1.0,1.0,0.42264973081037416,0.8541350085021054,1.0,1.0,1.0,0.42264973081037416,1.0,1.0,1.0,1.0,1.0,0.40371520600005595,1.0,1.0,0.7642977396044841,1.0,0.9027566723347369,1.0,0.3876275643042054,1.0,0.33333333333333315,0.42264973081037416,0.9398070734571153,0.42264973081037416,1.0,1.0,1.0,0.42264973081037416,1.0,0.591751709536137,1.0,1.0,0.42264973081037416,1.0,1.0,1.0,1.0,0.5370899501137242,0.8075499102701247,1.0,0.9628865190487397,1.0,1.0,1.0,0.9175213901157677,1.0,1.0,1.0,1.0,1.0,0.42264973081037416,1.0,1.0,1.0,1.0,1.0,1.0,0.42264973081037416,1.0,1.0,0.42264973081037416,1.0,1.0,1.0,1.0,0.591751709536137,1.0,0.591751709536137,1.0,0.42264973081037416
Fax,1.0,1.0,1.0,1.0,1.0,0.4654775161751512,0.7327387580875756,1.0,1.0,1.0,1.0,1.0,1.0,1.0,1.0,1.0,1.0,1.0,1.0,1.0,1.0,1.0,0.8110177634953863,0.5370899501137242,0.0,1.0,0.4991296773221906,1.0,0.30519166622034877,0.1982162742627268,1.0,1.0,1.0,1.0,0.7327387580875756,1.0,1.0,0.9774925431696828,1.0,1.0,1.0,0.39866220569704514,1.0,0.7327387580875756,0.8110177634953863,1.0,1.0,0.3789409965918812,1.0,1.0,1.0,1.0,0.9774925431696828,0.6220355269907728,0.7165266452430796,1.0,0.5370899501137242,1.0,0.916408268113697,1.0,0.4654775161751512,1.0,1.0,1.0,1.0,1.0,1.0,1.0,1.0,0.5482460485473744,0.9125182234720294,1.0,1.0,1.0,1.0,1.0,0.5017741037605641,1.0,1.0,1.0,0.9618198225839394,0.8663693790437879,1.0,1.0,1.0,0.7979694910895578,1.0,0.6220355269907728,1.0,1.0,1.0,1.0,1.0,1.0,1.0,0.7599923196313403,1.0,1.0,1.0,1.0,0.7327387580875756,1.0,1.0,1.0,1.0,0.1982162742627268
Fergal,1.0,0.15983194958319413,1.0,1.0,1.0,1.0,1.0,1.0,0.0,1.0,1.0,1.0,1.0,1.0,1.0,0.05131670194948623,1.0,0.29289321881345254,1.0,1.0,1.0,1.0,1.0,1.0,1.0,0.0,1.0,1.0,1.0,1.0,1.0,1.0,1.0,1.0,1.0,0.0,1.0,1.0,1.0,0.0,1.0,1.0,1.0,1.0,1.0,1.0,0.0,1.0,1.0,0.0,1.0,1.0,1.0,1.0,1.0,1.0,1.0,1.0,0.37445675782877563,1.0,1.0,1.0,1.0,1.0,1.0,1.0,0.29289321881345254,0.5635642195280153,1.0,1.0,1.0,1.0,1.0,1.0,1.0,0.0,1.0,1.0,1.0,1.0,1.0,1.0,1.0,0.29289321881345254,1.0,1.0,1.0,1.0,0.8174258141649446,0.0,1.0,1.0,1.0,1.0,0.0,1.0,1.0,1.0,1.0,1.0,1.0,1.0,1.0,1.0,1.0,1.0
F’lar,0.9699443455110855,1.0,0.6876524762227878,1.0,1.0,1.0,1.0,0.3753049524455757,1.0,0.6876524762227878,0.6737636513037779,1.0,1.0,1.0,0.9098330365332568,1.0,0.8895684739251535,1.0,1.0,1.0,0.3753049524455757,1.0,0.779136947850307,0.45899821919954054,0.4991296773221906,1.0,0.0,0.8202763419129161,0.27498151179282304,0.3753049524455757,0.8159474565419225,0.6876524762227878,0.33741084355092077,0.6876524762227878,1.0,1.0,1.0,0.3818464421050288,1.0,1.0,0.3753049524455757,0.3753049524455757,1.0,1.0,0.8895684739251535,1.0,1.0,0.1531982695272126,1.0,1.0,0.8724846573873324,1.0,0.9210867798431952,1.0,0.5030581326631907,0.8895684739251535,0.45899821919954054,1.0,0.9348710390974164,0.6876524762227878,1.0,0.3753049524455757,0.3753049524455757,0.6876524762227878,1.0,0.8895684739251535,1.0,1.0,0.6876524762227878,1.0,0.7784805926079259,1.0,1.0,0.6660864515481271,0.4273628730751111,1.0,0.779136947850307,0.3624232869366617,1.0,0.3753049524455757,0.88844731293671,0.6876524762227878,1.0,1.0,0.8438262381113939,1.0,0.6876524762227878,1.0,1.0,1.0,0.8438262381113939,1.0,1.0,0.6876524762227878,1.0,1.0,0.6876524762227878,0.5582738957006139,0.8438262381113939,1.0,1.0,0.6687054217754604,0.8438262381113939,0.6687054217754604,1.0,0.3753049524455757
F’lessan,0.9683614001415833,1.0,1.0,1.0,1.0,1.0,1.0,1.0,1.0,1.0,1.0,1.0,1.0,1.0,1.0,1.0,0.8837523612561807,1.0,1.0,1.0,1.0,1.0,1.0,1.0,1.0,1.0,0.8202763419129161,0.0,1.0,1.0,0.03126967713483919,1.0,1.0,1.0,1.0,1.0,1.0,0.8338612924232837,1.0,1.0,1.0,1.0,1.0,1.0,0.8837523612561807,1.0,1.0,0.7028665480153938,1.0,1.0,1.0,1.0,0.8338612924232837,1.0,1.0,0.8837523612561807,1.0,1.0,1.0,1.0,1.0,1.0,1.0,1.0,1.0,0.3025141675370844,1.0,1.0,1.0,1.0,0.9820625999166456,1.0,1.0,1.0,0.9452003375648809,1.0,0.8520484597805936,0.9552562629857317,1.0,1.0,0.5302886076989792,0.6301022785629461,1.0,1.0,1.0,1.0,1.0,1.0,1.0,1.0,0.013606076167856251,1.0,1.0,1.0,1.0,1.0,1.0,1.0,1.0,1.0,1.0,0.3025141675370844,1.0,1.0,1.0,1.0
F’nor,1.0,1.0,0.6286093236458963,1.0,1.0,0.8143046618229481,1.0,0.8143046618229481,1.0,0.6286093236458963,0.4827934529318113,1.0,1.0,1.0,0.7855774930324411,1.0,1.0,1.0,1.0,1.0,0.8143046618229481,1.0,0.7373871342805549,0.356732479097323,0.30519166622034877,1.0,0.27498151179282304,1.0,0.0,0.25721864729179256,1.0,0.6286093236458963,0.6060807014208324,0.6286093236458963,1.0,1.0,1.0,0.7341477341758681,1.0,1.0,0.8143046618229481,0.21079481274752965,1.0,1.0,1.0,1.0,1.0,0.18491238747484706,1.0,1.0,0.8483803912842193,0.6286093236458963,0.9530848942663297,0.8686935671402775,0.4091210521312486,0.7373871342805549,0.356732479097323,1.0,0.9225596907337634,0.6286093236458963,0.8143046618229481,0.8143046618229481,0.8143046618229481,0.6286093236458963,1.0,1.0,1.0,1.0,0.6286093236458963,0.8430587948564139,0.9392169326145169,1.0,1.0,0.5533374997130813,0.6905077697049136,1.0,0.7493240827223479,0.7978405217122924,1.0,0.8143046618229481,1.0,0.9535761654557371,1.0,1.0,1.0,0.9298137593656404,0.6286093236458963,0.6060807014208324,1.0,1.0,1.0,1.0,1.0,0.6286093236458963,1.0,1.0,0.6286093236458963,0.8686935671402775,0.8143046618229481,1.0,1.0,0.7373871342805549,1.0,0.6060807014208324,0.8143046618229481,0.25721864729179256
Gemma,1.0,1.0,1.0,1.0,1.0,1.0,1.0,1.0,1.0,1.0,1.0,1.0,1.0,1.0,1.0,1.0,1.0,1.0,1.0,1.0,1.0,1.0,1.0,0.42264973081037416,0.1982162742627268,1.0,0.3753049524455757,1.0,0.25721864729179256,0.0,1.0,1.0,1.0,1.0,1.0,1.0,1.0,1.0,1.0,1.0,1.0,0.25,1.0,1.0,1.0,1.0,1.0,0.2254033307585166,1.0,1.0,1.0,1.0,1.0,1.0,0.6464466094067263,1.0,0.42264973081037416,1.0,0.8957427929714626,1.0,1.0,1.0,1.0,1.0,1.0,1.0,1.0,1.0,1.0,1.0,1.0,1.0,1.0,1.0,1.0,1.0,1.0,1.0,1.0,1.0,1.0,1.0,1.0,1.0,1.0,1.0,1.0,1.0,1.0,1.0,1.0,1.0,1.0,1.0,1.0,1.0,1.0,1.0,1.0,1.0,1.0,1.0,1.0,1.0,1.0,0.0
Golanth,0.9546390788373486,1.0,1.0,1.0,1.0,1.0,1.0,1.0,1.0,1.0,1.0,1.0,1.0,1.0,1.0,1.0,0.6666666666666667,1.0,1.0,1.0,1.0,1.0,1.0,1.0,1.0,1.0,0.8159474565419225,0.03126967713483919,1.0,1.0,0.0,1.0,1.0,1.0,1.0,1.0,1.0,0.8015028886081954,1.0,1.0,1.0,1.0,1.0,1.0,0.8333333333333334,1.0,1.0,0.6957096902749077,1.0,1.0,1.0,1.0,0.8412023108865563,1.0,1.0,0.8333333333333334,1.0,1.0,1.0,1.0,1.0,1.0,1.0,1.0,1.0,0.33333333333333337,1.0,1.0,1.0,1.0,0.974282775006318,1.0,1.0,1.0,0.9214325798681614,1.0,0.8484848484848484,0.9358499700900416,1.0,1.0,0.5285954792089682,0.5875210443078472,1.0,1.0,1.0,1.0,1.0,1.0,1.0,1.0,0.05719095841793653,1.0,1.0,1.0,1.0,1.0,1.0,1.0,1.0,1.0,1.0,0.33333333333333337,1.0,1.0,1.0,1.0
Grall,1.0,1.0,0.0,1.0,1.0,1.0,1.0,1.0,1.0,0.0,0.1296117202215108,1.0,1.0,1.0,1.0,1.0,1.0,1.0,1.0,1.0,1.0,1.0,0.29289321881345254,0.42264973081037416,1.0,1.0,0.6876524762227878,1.0,0.6286093236458963,1.0,1.0,0.0,0.29289321881345254,0.0,1.0,1.0,1.0,0.8315696157866962,1.0,1.0,1.0,0.75,1.0,1.0,1.0,1.0,1.0,0.7418011102528389,1.0,1.0,0.5917517095361369,1.0,1.0,1.0,0.29289321881345254,1.0,0.42264973081037416,1.0,1.0,0.0,1.0,1.0,1.0,0.0,1.0,1.0,1.0,1.0,0.0,1.0,1.0,1.0,1.0,0.1982162742627268,0.6666666666666667,1.0,1.0,1.0,1.0,1.0,1.0,1.0,1.0,1.0,1.0,1.0,0.0,1.0,1.0,1.0,1.0,1.0,1.0,0.0,1.0,1.0,0.0,1.0,1.0,1.0,1.0,0.29289321881345254,1.0,0.29289321881345254,1.0,1.0
Groghe,1.0,1.0,0.29289321881345254,1.0,1.0,1.0,1.0,0.29289321881345254,1.0,0.29289321881345254,0.3845425451033364,1.0,1.0,1.0,1.0,1.0,1.0,1.0,1.0,1.0,0.29289321881345254,1.0,0.5000000000000001,0.591751709536137,1.0,1.0,0.33741084355092077,1.0,0.6060807014208324,1.0,1.0,0.29289321881345254,0.0,0.29289321881345254,1.0,1.0,1.0,0.344959532407045,1.0,1.0,0.29289321881345254,0.8232233047033631,1.0,1.0,1.0,1.0,1.0,0.6348516283298893,1.0,1.0,0.7113248654051871,1.0,0.9404508665824587,1.0,0.5000000000000001,1.0,0.591751709536137,1.0,1.0,0.29289321881345254,1.0,0.29289321881345254,0.29289321881345254,0.29289321881345254,1.0,1.0,1.0,1.0,0.29289321881345254,1.0,0.7685449750568621,1.0,1.0,0.43305329048615915,0.29289321881345254,1.0,0.8181818181818181,0.3264246859454367,1.0,0.29289321881345254,1.0,0.8232233047033631,1.0,1.0,1.0,1.0,0.29289321881345254,1.0,1.0,1.0,1.0,1.0,1.0,0.29289321881345254,1.0,1.0,0.29289321881345254,0.5000000000000001,1.0,1.0,1.0,0.5000000000000001,1.0,0.5000000000000001,1.0,1.0
G’narish,1.0,1.0,0.0,1.0,1.0,1.0,1.0,1.0,1.0,0.0,0.1296117202215108,1.0,1.0,1.0,1.0,1.0,1.0,1.0,1.0,1.0,1.0,1.0,0.29289321881345254,0.42264973081037416,1.0,1.0,0.6876524762227878,1.0,0.6286093236458963,1.0,1.0,0.0,0.29289321881345254,0.0,1.0,1.0,1.0,0.8315696157866962,1.0,1.0,1.0,0.75,1.0,1.0,1.0,1.0,1.0,0.7418011102528389,1.0,1.0,0.5917517095361369,1.0,1.0,1.0,0.29289321881345254,1.0,0.42264973081037416,1.0,1.0,0.0,1.0,1.0,1.0,0.0,1.0,1.0,1.0,1.0,0.0,1.0,1.0,1.0,1.0,0.1982162742627268,0.6666666666666667,1.0,1.0,1.0,1.0,1.0,1.0,1.0,1.0,1.0,1.0,1.0,0.0,1.0,1.0,1.0,1.0,1.0,1.0,0.0,1.0,1.0,0.0,1.0,1.0,1.0,1.0,0.29289321881345254,1.0,0.29289321881345254,1.0,1.0
Heth,1.0,1.0,1.0,1.0,1.0,1.0,0.0,1.0,1.0,1.0,1.0,1.0,1.0,1.0,1.0,1.0,1.0,1.0,1.0,1.0,1.0,1.0,0.29289321881345254,1.0,0.7327387580875756,1.0,1.0,1.0,1.0,1.0,1.0,1.0,1.0,1.0,0.0,1.0,1.0,0.9157848078933482,1.0,1.0,1.0,1.0,1.0,0.0,0.29289321881345254,1.0,1.0,1.0,1.0,1.0,1.0,1.0,0.9157848078933482,1.0,1.0,1.0,1.0,1.0,1.0,1.0,1.0,1.0,1.0,1.0,1.0,1.0,1.0,1.0,1.0,1.0,0.6726731646460113,1.0,1.0,1.0,1.0,1.0,0.9357175653466775,1.0,1.0,1.0,0.8571428571428572,0.5,1.0,1.0,1.0,1.0,1.0,1.0,1.0,1.0,1.0,1.0,1.0,1.0,1.0,0.10197348986612542,1.0,1.0,1.0,1.0,0.0,1.0,1.0,1.0,1.0,1.0
Holth,1.0,0.15983194958319413,1.0,1.0,1.0,1.0,1.0,1.0,0.0,1.0,1.0,1.0,1.0,1.0,1.0,0.05131670194948623,1.0,0.29289321881345254,1.0,1.0,1.0,1.0,1.0,1.0,1.0,0.0,1.0,1.0,1.0,1.0,1.0,1.0,1.0,1.0,1.0,0.0,1.0,1.0,1.0,0.0,1.0,1.0,1.0,1.0,1.0,1.0,0.0,1.0,1.0,0.0,1.0,1.0,1.0,1.0,1.0,1.0,1.0,1.0,0.37445675782877563,1.0,1.0,1.0,1.0,1.0,1.0,1.0,0.29289321881345254,0.5635642195280153,1.0,1.0,1.0,1.0,1.0,1.0,1.0,0.0,1.0,1.0,1.0,1.0,1.0,1.0,1.0,0.29289321881345254,1.0,1.0,1.0,1.0,0.8174258141649446,0.0,1.0,1.0,1.0,1.0,0.0,1.0,1.0,1.0,1.0,1.0,1.0,1.0,1.0,1.0,1.0,1.0
Idarolan,0.037749551350623745,1.0,1.0,1.0,1.0,1.0,1.0,1.0,1.0,1.0,1.0,1.0,1.0,1.0,1.0,1.0,1.0,1.0,1.0,1.0,1.0,1.0,1.0,0.42264973081037416,1.0,1.0,1.0,1.0,1.0,1.0,1.0,1.0,1.0,1.0,1.0,1.0,0.0,0.9157848078933482,1.0,1.0,1.0,1.0,1.0,1.0,1.0,1.0,1.0,1.0,1.0,1.0,1.0,1.0,0.8315696157866962,1.0,1.0,1.0,1.0,0.0,1.0,1.0,1.0,1.0,1.0,1.0,1.0,0.29289321881345254,1.0,1.0,1.0,1.0,1.0,1.0,1.0,1.0,1.0,1.0,0.9357175653466775,1.0,1.0,1.0,0.8571428571428572,1.0,1.0,1.0,1.0,1.0,1.0,1.0,1.0,1.0,1.0,1.0,1.0,1.0,1.0,1.0,1.0,1.0,1.0,1.0,1.0,1.0,1.0,1.0,1.0,1.0
Jaxom,0.8217205659470177,1.0,0.8315696157866962,1.0,1.0,1.0,0.9157848078933482,0.24206327104013292,1.0,0.8315696157866962,0.8534001676221525,1.0,1.0,1.0,0.8055133446694739,1.0,0.6427051994947518,1.0,1.0,1.0,0.24206327104013292,1.0,0.8213525997473758,0.8541350085021054,0.9774925431696828,1.0,0.3818464421050288,0.8338612924232837,0.7341477341758681,1.0,0.8015028886081954,0.8315696157866962,0.344959532407045,0.8315696157866962,0.9157848078933482,1.0,0.9157848078933482,0.0,1.0,1.0,0.24206327104013292,0.8736772118400221,1.0,0.9157848078933482,0.5831560660772104,1.0,1.0,0.6086031561679347,1.0,1.0,0.9312385835827471,1.0,0.900709219858156,1.0,0.8809017331649173,0.6427051994947518,0.9027566723347369,0.9157848078933482,1.0,0.8315696157866962,1.0,0.24206327104013292,0.24206327104013292,0.8315696157866962,1.0,0.8809017331649173,1.0,1.0,0.8315696157866962,1.0,0.6692092921480173,1.0,1.0,0.7749254316968281,0.2701350017423503,1.0,0.7184950056625317,0.09464135050617006,1.0,0.24206327104013292,0.7954773905981312,0.34733226117344784,1.0,1.0,1.0,1.0,0.8315696157866962,1.0,1.0,1.0,0.9157848078933482,1.0,1.0,0.8315696157866962,1.0,0.9243725249322096,0.8315696157866962,0.46405779924212776,1.0,1.0,0.9157848078933482,0.8213525997473758,1.0,0.8809017331649173,0.6631392315733924,1.0
Jerint,1.0,1.0,1.0,1.0,1.0,1.0,1.0,1.0,1.0,1.0,1.0,0.0,1.0,0.05131670194948623,1.0,1.0,1.0,1.0,1.0,0.0,1.0,0.0,1.0,1.0,1.0,1.0,1.0,1.0,1.0,1.0,1.0,1.0,1.0,1.0,1.0,1.0,1.0,1.0,0.0,1.0,1.0,1.0,1.0,1.0,1.0,1.0,1.0,1.0,1.0,1.0,1.0,1.0,0.07363288682682911,1.0,1.0,1.0,1.0,1.0,1.0,1.0,1.0,1.0,1.0,1.0,1.0,1.0,0.29289321881345254,1.0,1.0,0.49290744716289003,0.3453463292920228,1.0,0.0,1.0,1.0,1.0,1.0,1.0,1.0,1.0,0.7142857142857143,1.0,0.29289321881345254,1.0,1.0,0.6220355269907728,1.0,1.0,1.0,1.0,1.0,0.0,1.0,1.0,1.0,1.0,1.0,1.0,1.0,1.0,1.0,1.0,1.0,1.0,1.0,1.0
Kadith,1.0,0.15983194958319413,1.0,1.0,1.0,1.0,1.0,1.0,0.0,1.0,1.0,1.0,1.0,1.0,1.0,0.05131670194948623,1.0,0.29289321881345254,1.0,1.0,1.0,1.0,1.0,1.0,1.0,0.0,1.0,1.0,1.0,1.0,1.0,1.0,1.0,1.0,1.0,0.0,1.0,1.0,1.0,0.0,1.0,1.0,1.0,1.0,1.0,1.0,0.0,1.0,1.0,0.0,1.0,1.0,1.0,1.0,1.0,1.0,1.0,1.0,0.37445675782877563,1.0,1.0,1.0,1.0,1.0,1.0,1.0,0.29289321881345254,0.5635642195280153,1.0,1.0,1.0,1.0,1.0,1.0,1.0,0.0,1.0,1.0,1.0,1.0,1.0,1.0,1.0,0.29289321881345254,1.0,1.0,1.0,1.0,0.8174258141649446,0.0,1.0,1.0,1.0,1.0,0.0,1.0,1.0,1.0,1.0,1.0,1.0,1.0,1.0,1.0,1.0,1.0
Kern,1.0,1.0,1.0,1.0,1.0,1.0,1.0,0.0,1.0,1.0,1.0,1.0,1.0,1.0,1.0,1.0,1.0,1.0,1.0,1.0,0.0,1.0,1.0,1.0,1.0,1.0,0.3753049524455757,1.0,0.8143046618229481,1.0,1.0,1.0,0.29289321881345254,1.0,1.0,1.0,1.0,0.24206327104013292,1.0,1.0,0.0,1.0,1.0,1.0,1.0,1.0,1.0,0.7418011102528389,1.0,1.0,1.0,1.0,0.9157848078933482,1.0,1.0,1.0,1.0,1.0,1.0,1.0,1.0,0.0,0.0,1.0,1.0,1.0,1.0,1.0,1.0,1.0,0.6726731646460113,1.0,1.0,1.0,0.33333333333333337,1.0,0.74287026138671,0.047420655584319626,1.0,0.0,1.0,0.75,1.0,1.0,1.0,1.0,1.0,1.0,1.0,1.0,1.0,1.0,1.0,1.0,1.0,1.0,1.0,0.29289321881345254,1.0,1.0,1.0,1.0,1.0,1.0,1.0,1.0
Kylara,1.0,1.0,0.75,1.0,1.0,1.0,1.0,1.0,1.0,0.75,0.6083252740996798,1.0,1.0,1.0,0.5669872981077806,1.0,1.0,1.0,1.0,1.0,1.0,1.0,0.8232233047033631,0.42264973081037416,0.39866220569704514,1.0,0.3753049524455757,1.0,0.21079481274752965,0.25,1.0,0.75,0.8232233047033631,0.75,1.0,1.0,1.0,0.8736772118400221,1.0,1.0,1.0,0.0,1.0,1.0,1.0,1.0,1.0,0.3545027756320972,1.0,1.0,0.8979379273840342,1.0,1.0,1.0,0.29289321881345254,1.0,0.42264973081037416,1.0,0.921807094728597,0.75,1.0,1.0,1.0,0.75,1.0,1.0,1.0,1.0,0.75,1.0,1.0,1.0,1.0,0.4654775161751512,0.9166666666666666,1.0,0.9678587826733387,0.9659793091280114,1.0,1.0,1.0,1.0,1.0,1.0,1.0,1.0,0.75,1.0,1.0,1.0,1.0,1.0,1.0,0.75,1.0,1.0,0.75,1.0,0.5,1.0,1.0,0.8232233047033631,1.0,0.4696699141100894,0.75,0.25
K’lon,1.0,0.8599719915971991,1.0,1.0,0.0,1.0,1.0,1.0,1.0,1.0,1.0,1.0,1.0,1.0,1.0,1.0,1.0,1.0,1.0,1.0,1.0,1.0,1.0,1.0,1.0,1.0,1.0,1.0,1.0,1.0,1.0,1.0,1.0,1.0,1.0,1.0,1.0,1.0,1.0,1.0,1.0,1.0,0.0,1.0,1.0,1.0,1.0,1.0,0.0,1.0,1.0,1.0,1.0,1.0,1.0,1.0,1.0,1.0,0.8957427929714626,1.0,1.0,1.0,1.0,1.0,1.0,1.0,1.0,0.12712843905603044,1.0,1.0,1.0,1.0,1.0,1.0,1.0,1.0,1.0,1.0,1.0,1.0,1.0,1.0,1.0,0.29289321881345254,1.0,1.0,1.0,1.0,1.0,1.0,1.0,1.0,0.0,1.0,1.0,1.0,1.0,1.0,1.0,1.0,1.0,1.0,1.0,1.0,1.0,1.0
K’van,1.0,1.0,1.0,1.0,1.0,1.0,0.0,1.0,1.0,1.0,1.0,1.0,1.0,1.0,1.0,1.0,1.0,1.0,1.0,1.0,1.0,1.0,0.29289321881345254,1.0,0.7327387580875756,1.0,1.0,1.0,1.0,1.0,1.0,1.0,1.0,1.0,0.0,1.0,1.0,0.9157848078933482,1.0,1.0,1.0,1.0,1.0,0.0,0.29289321881345254,1.0,1.0,1.0,1.0,1.0,1.0,1.0,0.9157848078933482,1.0,1.0,1.0,1.0,1.0,1.0,1.0,1.0,1.0,1.0,1.0,1.0,1.0,1.0,1.0,1.0,1.0,0.6726731646460113,1.0,1.0,1.0,1.0,1.0,0.9357175653466775,1.0,1.0,1.0,0.8571428571428572,0.5,1.0,1.0,1.0,1.0,1.0,1.0,1.0,1.0,1.0,1.0,1.0,1.0,1.0,0.10197348986612542,1.0,1.0,1.0,1.0,0.0,1.0,1.0,1.0,1.0,1.0
Larad,0.8639172365120457,1.0,1.0,1.0,1.0,1.0,0.29289321881345254,1.0,1.0,1.0,1.0,1.0,1.0,1.0,1.0,1.0,0.5000000000000001,1.0,1.0,1.0,1.0,1.0,0.5000000000000001,1.0,0.8110177634953863,1.0,0.8895684739251535,0.8837523612561807,1.0,1.0,0.8333333333333334,1.0,1.0,1.0,0.29289321881345254,1.0,1.0,0.5831560660772104,1.0,1.0,1.0,1.0,1.0,0.29289321881345254,0.0,1.0,1.0,0.8174258141649446,1.0,1.0,1.0,1.0,0.9404508665824587,1.0,1.0,0.5000000000000001,1.0,1.0,1.0,1.0,1.0,1.0,1.0,1.0,1.0,1.0,1.0,1.0,1.0,1.0,0.6913933000758161,1.0,1.0,1.0,0.7642977396044842,1.0,0.8636363636363636,0.8075499102701248,1.0,1.0,0.6969542366343369,0.11611652351681567,1.0,1.0,1.0,1.0,1.0,1.0,1.0,1.0,1.0,1.0,1.0,1.0,1.0,0.3649993649990475,1.0,1.0,1.0,1.0,0.29289321881345254,1.0,1.0,1.0,1.0,1.0
Leef,1.0,0.7199439831943981,1.0,1.0,1.0,1.0,1.0,1.0,1.0,1.0,1.0,1.0,0.42264973081037416,1.0,1.0,0.683772233983162,1.0,0.29289321881345254,1.0,1.0,1.0,1.0,1.0,1.0,1.0,1.0,1.0,1.0,1.0,1.0,1.0,1.0,1.0,1.0,1.0,1.0,1.0,1.0,1.0,1.0,1.0,1.0,1.0,1.0,1.0,0.0,1.0,1.0,1.0,1.0,1.0,1.0,1.0,1.0,1.0,1.0,1.0,1.0,0.8957427929714626,1.0,1.0,1.0,1.0,1.0,1.0,1.0,1.0,0.7817821097640076,1.0,1.0,1.0,1.0,1.0,1.0,1.0,1.0,1.0,1.0,1.0,1.0,1.0,1.0,1.0,1.0,1.0,1.0,1.0,1.0,1.0,1.0,1.0,1.0,1.0,1.0,1.0,1.0,1.0,1.0,1.0,1.0,1.0,1.0,1.0,1.0,1.0,1.0
Leri,1.0,0.15983194958319413,1.0,1.0,1.0,1.0,1.0,1.0,0.0,1.0,1.0,1.0,1.0,1.0,1.0,0.05131670194948623,1.0,0.29289321881345254,1.0,1.0,1.0,1.0,1.0,1.0,1.0,0.0,1.0,1.0,1.0,1.0,1.0,1.0,1.0,1.0,1.0,0.0,1.0,1.0,1.0,0.0,1.0,1.0,1.0,1.0,1.0,1.0,0.0,1.0,1.0,0.0,1.0,1.0,1.0,1.0,1.0,1.0,1.0,1.0,0.37445675782877563,1.0,1.0,1.0,1.0,1.0,1.0,1.0,0.29289321881345254,0.5635642195280153,1.0,1.0,1.0,1.0,1.0,1.0,1.0,0.0,1.0,1.0,1.0,1.0,1.0,1.0,1.0,0.29289321881345254,1.0,1.0,1.0,1.0,0.8174258141649446,0.0,1.0,1.0,1.0,1.0,0.0,1.0,1.0,1.0,1.0,1.0,1.0,1.0,1.0,1.0,1.0,1.0
Lessa,0.9503096005000047,1.0,0.7418011102528389,1.0,1.0,1.0,1.0,0.7418011102528389,1.0,0.7418011102528389,0.6853733975171536,1.0,1.0,1.0,1.0,1.0,0.8174258141649446,1.0,1.0,1.0,0.7418011102528389,1.0,0.8174258141649446,0.40371520600005595,0.3789409965918812,1.0,0.1531982695272126,0.7028665480153938,0.18491238747484706,0.2254033307585166,0.6957096902749077,0.7418011102528389,0.6348516283298893,0.7418011102528389,1.0,1.0,1.0,0.6086031561679347,1.0,1.0,0.7418011102528389,0.3545027756320972,1.0,1.0,0.8174258141649446,1.0,1.0,0.0,1.0,1.0,0.894590744661054,0.7418011102528389,0.9130229235928744,1.0,0.5435645354123616,0.6348516283298893,0.40371520600005595,1.0,0.9192427146912752,0.7418011102528389,1.0,0.7418011102528389,0.7418011102528389,0.7418011102528389,1.0,0.8174258141649446,1.0,1.0,0.7418011102528389,1.0,0.8873127660361978,1.0,1.0,0.7929803321972937,0.6557348136704519,1.0,0.8506211206804093,0.6837722339831621,1.0,0.7418011102528389,0.8155722216091706,0.6772513878160487,1.0,1.0,0.7418011102528389,1.0,0.7418011102528389,0.8174258141649446,1.0,1.0,0.7418011102528389,1.0,1.0,0.7418011102528389,1.0,1.0,0.7418011102528389,0.8174258141649446,1.0,1.0,1.0,0.6348516283298893,0.7418011102528389,0.8174258141649446,1.0,0.2254033307585166
Lidora,1.0,0.8599719915971991,1.0,1.0,0.0,1.0,1.0,1.0,1.0,1.0,1.0,1.0,1.0,1.0,1.0,1.0,1.0,1.0,1.0,1.0,1.0,1.0,1.0,1.0,1.0,1.0,1.0,1.0,1.0,1.0,1.0,1.0,1.0,1.0,1.0,1.0,1.0,1.0,1.0,1.0,1.0,1.0,0.0,1.0,1.0,1.0,1.0,1.0,0.0,1.0,1.0,1.0,1.0,1.0,1.0,1.0,1.0,1.0,0.8957427929714626,1.0,1.0,1.0,1.0,1.0,1.0,1.0,1.0,0.12712843905603044,1.0,1.0,1.0,1.0,1.0,1.0,1.0,1.0,1.0,1.0,1.0,1.0,1.0,1.0,1.0,0.29289321881345254,1.0,1.0,1.0,1.0,1.0,1.0,1.0,1.0,0.0,1.0,1.0,1.0,1.0,1.0,1.0,1.0,1.0,1.0,1.0,1.0,1.0,1.0
L’mal,1.0,0.15983194958319413,1.0,1.0,1.0,1.0,1.0,1.0,0.0,1.0,1.0,1.0,1.0,1.0,1.0,0.05131670194948623,1.0,0.29289321881345254,1.0,1.0,1.0,1.0,1.0,1.0,1.0,0.0,1.0,1.0,1.0,1.0,1.0,1.0,1.0,1.0,1.0,0.0,1.0,1.0,1.0,0.0,1.0,1.0,1.0,1.0,1.0,1.0,0.0,1.0,1.0,0.0,1.0,1.0,1.0,1.0,1.0,1.0,1.0,1.0,0.37445675782877563,1.0,1.0,1.0,1.0,1.0,1.0,1.0,0.29289321881345254,0.5635642195280153,1.0,1.0,1.0,1.0,1.0,1.0,1.0,0.0,1.0,1.0,1.0,1.0,1.0,1.0,1.0,0.29289321881345254,1.0,1.0,1.0,1.0,0.8174258141649446,0.0,1.0,1.0,1.0,1.0,0.0,1.0,1.0,1.0,1.0,1.0,1.0,1.0,1.0,1.0,1.0,1.0
Mardra,1.0,1.0,0.5917517095361369,1.0,1.0,1.0,1.0,1.0,1.0,0.5917517095361369,0.6446654727406492,1.0,1.0,1.0,1.0,1.0,1.0,1.0,0.18350341907227385,1.0,1.0,1.0,0.7113248654051871,0.7642977396044841,1.0,1.0,0.8724846573873324,1.0,0.8483803912842193,1.0,1.0,0.5917517095361369,0.7113248654051871,0.5917517095361369,1.0,1.0,1.0,0.9312385835827471,1.0,1.0,1.0,0.8979379273840342,1.0,1.0,1.0,1.0,1.0,0.894590744661054,1.0,1.0,0.0,1.0,0.8624771671654942,1.0,0.42264973081037416,1.0,0.7642977396044841,1.0,1.0,0.5917517095361369,1.0,1.0,1.0,0.5917517095361369,1.0,1.0,1.0,1.0,0.5917517095361369,1.0,0.4654775161751511,1.0,1.0,0.6726731646460113,0.8639172365120457,1.0,0.8950272237837044,1.0,1.0,1.0,0.4167881564801956,1.0,0.42264973081037416,1.0,1.0,0.38278660015163235,0.5917517095361369,1.0,1.0,1.0,1.0,1.0,1.0,0.5917517095361369,1.0,0.7067057699572934,0.5917517095361369,0.42264973081037416,1.0,0.5917517095361369,1.0,0.7113248654051871,1.0,0.7113248654051871,1.0,1.0
Mavi,1.0,1.0,1.0,1.0,1.0,1.0,1.0,1.0,1.0,1.0,0.6518446880886043,1.0,1.0,1.0,1.0,1.0,1.0,1.0,1.0,1.0,1.0,1.0,1.0,1.0,1.0,1.0,1.0,1.0,0.6286093236458963,1.0,1.0,1.0,1.0,1.0,1.0,1.0,1.0,1.0,1.0,1.0,1.0,1.0,1.0,1.0,1.0,1.0,1.0,0.7418011102528389,1.0,1.0,1.0,0.0,0.9157848078933482,1.0,1.0,0.29289321881345254,1.0,1.0,1.0,1.0,1.0,1.0,1.0,1.0,1.0,1.0,1.0,1.0,1.0,1.0,1.0,1.0,1.0,1.0,1.0,1.0,1.0,1.0,1.0,1.0,1.0,1.0,1.0,1.0,1.0,1.0,1.0,0.29289321881345254,1.0,1.0,1.0,1.0,1.0,1.0,1.0,1.0,1.0,1.0,1.0,1.0,1.0,1.0,1.0,1.0,1.0,1.0
Menolly,0.8379277872245616,1.0,1.0,1.0,1.0,1.0,0.9157848078933482,0.9157848078933482,1.0,1.0,0.9706800335244306,0.07363288682682911,1.0,0.12117099186934266,1.0,1.0,1.0,1.0,0.8315696157866962,0.07363288682682911,0.9157848078933482,0.07363288682682911,0.9404508665824587,0.9027566723347369,0.9774925431696828,1.0,0.9210867798431952,0.8338612924232837,0.9530848942663297,1.0,0.8412023108865563,1.0,0.9404508665824587,1.0,0.9157848078933482,1.0,0.8315696157866962,0.900709219858156,0.07363288682682911,1.0,0.9157848078933482,1.0,1.0,0.9157848078933482,0.9404508665824587,1.0,1.0,0.9130229235928744,1.0,1.0,0.8624771671654942,0.9157848078933482,0.0,1.0,0.9404508665824587,0.9404508665824587,1.0,0.8315696157866962,1.0,1.0,1.0,0.9157848078933482,0.9157848078933482,1.0,1.0,0.7618034663298345,0.344959532407045,1.0,1.0,0.5302461357166728,0.2465322765593725,1.0,0.07363288682682911,1.0,0.9438565385955654,1.0,0.9187966362488073,0.919778347513205,1.0,0.9157848078933482,0.45861662217152355,0.8947310098666851,0.2258612655719623,1.0,1.0,0.5225447394405773,1.0,0.9404508665824587,1.0,1.0,0.8315696157866962,0.07363288682682911,1.0,1.0,1.0,0.8941215349050934,1.0,0.8213525997473758,1.0,1.0,0.9157848078933482,0.8809017331649173,1.0,1.0,1.0,1.0
Merelan,1.0,1.0,1.0,1.0,1.0,0.29289321881345254,1.0,1.0,1.0,1.0,1.0,1.0,1.0,0.7763932022500211,1.0,1.0,1.0,1.0,1.0,1.0,1.0,1.0,1.0,1.0,0.6220355269907728,1.0,1.0,1.0,0.8686935671402775,1.0,1.0,1.0,1.0,1.0,1.0,1.0,1.0,1.0,1.0,1.0,1.0,1.0,1.0,1.0,1.0,1.0,1.0,1.0,1.0,1.0,1.0,1.0,1.0,0.0,1.0,1.0,1.0,1.0,1.0,1.0,0.29289321881345254,1.0,1.0,1.0,1.0,1.0,1.0,1.0,1.0,0.2828628343993639,1.0,1.0,1.0,1.0,1.0,1.0,0.2272727272727273,1.0,1.0,1.0,1.0,1.0,1.0,1.0,1.0,0.7327387580875757,1.0,0.5000000000000001,1.0,1.0,1.0,1.0,1.0,1.0,1.0,1.0,1.0,1.0,1.0,1.0,1.0,1.0,1.0,1.0,1.0,1.0
Meron,1.0,1.0,0.29289321881345254,1.0,1.0,1.0,1.0,1.0,1.0,0.29289321881345254,0.2614510541240037,1.0,1.0,1.0,0.7958758547680684,1.0,1.0,1.0,0.6464466094067263,1.0,1.0,1.0,0.5000000000000001,0.3876275643042054,0.7165266452430796,1.0,0.5030581326631907,1.0,0.4091210521312486,0.6464466094067263,1.0,0.29289321881345254,0.5000000000000001,0.29289321881345254,1.0,1.0,1.0,0.8809017331649173,1.0,1.0,1.0,0.29289321881345254,1.0,1.0,1.0,1.0,1.0,0.5435645354123616,1.0,1.0,0.42264973081037416,1.0,0.9404508665824587,1.0,0.0,1.0,0.3876275643042054,1.0,0.9631395109612757,0.29289321881345254,1.0,1.0,1.0,0.29289321881345254,1.0,1.0,1.0,1.0,0.29289321881345254,1.0,0.8071208125473851,1.0,1.0,0.2440710539815455,0.7642977396044842,1.0,0.9318181818181819,1.0,1.0,1.0,0.7474618638619474,1.0,0.75,1.0,1.0,0.7327387580875757,0.29289321881345254,1.0,1.0,1.0,1.0,1.0,1.0,0.29289321881345254,1.0,0.9364999364999047,0.29289321881345254,0.75,0.6464466094067263,1.0,1.0,0.5000000000000001,1.0,0.2500000000000001,1.0,0.6464466094067263
Mirrim,0.8639172365120457,1.0,1.0,1.0,1.0,1.0,1.0,1.0,1.0,1.0,0.7538170180413345,1.0,1.0,1.0,1.0,1.0,0.5000000000000001,1.0,1.0,1.0,1.0,1.0,1.0,1.0,1.0,1.0,0.8895684739251535,0.8837523612561807,0.7373871342805549,1.0,0.8333333333333334,1.0,1.0,1.0,1.0,1.0,1.0,0.6427051994947518,1.0,1.0,1.0,1.0,1.0,1.0,0.5000000000000001,1.0,1.0,0.6348516283298893,1.0,1.0,1.0,0.29289321881345254,0.9404508665824587,1.0,1.0,0.0,1.0,1.0,1.0,1.0,1.0,1.0,1.0,1.0,1.0,1.0,1.0,1.0,1.0,1.0,0.9228483250189541,1.0,1.0,1.0,0.7642977396044842,1.0,0.9090909090909091,0.8075499102701248,1.0,1.0,0.7979694910895578,0.4696699141100894,1.0,1.0,1.0,1.0,1.0,0.5000000000000001,1.0,1.0,1.0,1.0,1.0,1.0,1.0,1.0,1.0,1.0,1.0,1.0,1.0,1.0,1.0,1.0,1.0,1.0
Mnementh,1.0,1.0,0.42264973081037416,1.0,1.0,1.0,1.0,1.0,1.0,0.42264973081037416,0.49748109237039384,1.0,1.0,1.0,1.0,1.0,1.0,1.0,1.0,1.0,1.0,1.0,0.591751709536137,0.33333333333333315,0.5370899501137242,1.0,0.45899821919954054,1.0,0.356732479097323,0.42264973081037416,1.0,0.42264973081037416,0.591751709536137,0.42264973081037416,1.0,1.0,1.0,0.9027566723347369,1.0,1.0,1.0,0.42264973081037416,1.0,1.0,1.0,1.0,1.0,0.40371520600005595,1.0,1.0,0.7642977396044841,1.0,1.0,1.0,0.3876275643042054,1.0,0.0,1.0,0.9398070734571153,0.42264973081037416,1.0,1.0,1.0,0.42264973081037416,1.0,1.0,1.0,1.0,0.42264973081037416,1.0,1.0,1.0,1.0,0.5370899501137242,0.6150998205402495,1.0,1.0,1.0,1.0,1.0,1.0,1.0,1.0,1.0,1.0,1.0,0.42264973081037416,1.0,1.0,1.0,1.0,1.0,1.0,0.42264973081037416,1.0,0.8963048305269574,0.42264973081037416,1.0,1.0,1.0,1.0,0.591751709536137,1.0,0.591751709536137,1.0,0.42264973081037416
Monarth,0.037749551350623745,1.0,1.0,1.0,1.0,1.0,1.0,1.0,1.0,1.0,1.0,1.0,1.0,1.0,1.0,1.0,1.0,1.0,1.0,1.0,1.0,1.0,1.0,0.42264973081037416,1.0,1.0,1.0,1.0,1.0,1.0,1.0,1.0,1.0,1.0,1.0,1.0,0.0,0.9157848078933482,1.0,1.0,1.0,1.0,1.0,1.0,1.0,1.0,1.0,1.0,1.0,1.0,1.0,1.0,0.8315696157866962,1.0,1.0,1.0,1.0,0.0,1.0,1.0,1.0,1.0,1.0,1.0,1.0,0.29289321881345254,1.0,1.0,1.0,1.0,1.0,1.0,1.0,1.0,1.0,1.0,0.9357175653466775,1.0,1.0,1.0,0.8571428571428572,1.0,1.0,1.0,1.0,1.0,1.0,1.0,1.0,1.0,1.0,1.0,1.0,1.0,1.0,1.0,1.0,1.0,1.0,1.0,1.0,1.0,1.0,1.0,1.0,1.0
Moreta,1.0,0.09486639816563525,1.0,0.2701995508002383,0.8957427929714626,1.0,1.0,1.0,0.37445675782877563,1.0,1.0,1.0,0.39807073457115383,1.0,1.0,0.3735885502740023,1.0,0.48395315345786005,1.0,1.0,1.0,1.0,1.0,0.9398070734571153,0.916408268113697,0.37445675782877563,0.9348710390974164,1.0,0.9225596907337634,0.8957427929714626,1.0,1.0,1.0,1.0,1.0,0.37445675782877563,1.0,1.0,1.0,0.37445675782877563,1.0,0.921807094728597,0.8957427929714626,1.0,1.0,0.8957427929714626,0.37445675782877563,0.9192427146912752,0.8957427929714626,0.37445675782877563,1.0,1.0,1.0,1.0,0.9631395109612757,1.0,0.9398070734571153,1.0,0.0,1.0,1.0,1.0,1.0,1.0,0.33651119730296297,1.0,0.5576741315353086,0.6132366080857035,1.0,1.0,1.0,1.0,1.0,1.0,1.0,0.37445675782877563,1.0,1.0,1.0,1.0,1.0,1.0,1.0,0.48395315345786005,1.0,1.0,1.0,1.0,0.14343963891975886,0.37445675782877563,1.0,1.0,0.8957427929714626,1.0,0.37445675782877563,1.0,1.0,1.0,1.0,1.0,1.0,1.0,1.0,1.0,1.0,0.8957427929714626
Nadira,1.0,1.0,0.0,1.0,1.0,1.0,1.0,1.0,1.0,0.0,0.1296117202215108,1.0,1.0,1.0,1.0,1.0,1.0,1.0,1.0,1.0,1.0,1.0,0.29289321881345254,0.42264973081037416,1.0,1.0,0.6876524762227878,1.0,0.6286093236458963,1.0,1.0,0.0,0.29289321881345254,0.0,1.0,1.0,1.0,0.8315696157866962,1.0,1.0,1.0,0.75,1.0,1.0,1.0,1.0,1.0,0.7418011102528389,1.0,1.0,0.5917517095361369,1.0,1.0,1.0,0.29289321881345254,1.0,0.42264973081037416,1.0,1.0,0.0,1.0,1.0,1.0,0.0,1.0,1.0,1.0,1.0,0.0,1.0,1.0,1.0,1.0,0.1982162742627268,0.6666666666666667,1.0,1.0,1.0,1.0,1.0,1.0,1.0,1.0,1.0,1.0,1.0,0.0,1.0,1.0,1.0,1.0,1.0,1.0,0.0,1.0,1.0,0.0,1.0,1.0,1.0,1.0,0.29289321881345254,1.0,0.29289321881345254,1.0,1.0
Nemorth,1.0,1.0,1.0,1.0,1.0,0.0,1.0,1.0,1.0,1.0,1.0,1.0,1.0,1.0,1.0,1.0,1.0,1.0,1.0,1.0,1.0,1.0,1.0,1.0,0.4654775161751512,1.0,1.0,1.0,0.8143046618229481,1.0,1.0,1.0,1.0,1.0,1.0,1.0,1.0,1.0,1.0,1.0,1.0,1.0,1.0,1.0,1.0,1.0,1.0,1.0,1.0,1.0,1.0,1.0,1.0,0.29289321881345254,1.0,1.0,1.0,1.0,1.0,1.0,0.0,1.0,1.0,1.0,1.0,1.0,1.0,1.0,1.0,0.15484574527148343,1.0,1.0,1.0,1.0,1.0,1.0,0.10004591485348491,1.0,1.0,1.0,1.0,1.0,1.0,1.0,1.0,0.6220355269907728,1.0,0.29289321881345254,1.0,1.0,1.0,1.0,1.0,1.0,1.0,1.0,1.0,1.0,1.0,1.0,1.0,1.0,1.0,1.0,1.0,1.0
Nessel,1.0,1.0,1.0,1.0,1.0,1.0,1.0,0.0,1.0,1.0,1.0,1.0,1.0,1.0,1.0,1.0,1.0,1.0,1.0,1.0,0.0,1.0,1.0,1.0,1.0,1.0,0.3753049524455757,1.0,0.8143046618229481,1.0,1.0,1.0,0.29289321881345254,1.0,1.0,1.0,1.0,0.24206327104013292,1.0,1.0,0.0,1.0,1.0,1.0,1.0,1.0,1.0,0.7418011102528389,1.0,1.0,1.0,1.0,0.9157848078933482,1.0,1.0,1.0,1.0,1.0,1.0,1.0,1.0,0.0,0.0,1.0,1.0,1.0,1.0,1.0,1.0,1.0,0.6726731646460113,1.0,1.0,1.0,0.33333333333333337,1.0,0.74287026138671,0.047420655584319626,1.0,0.0,1.0,0.75,1.0,1.0,1.0,1.0,1.0,1.0,1.0,1.0,1.0,1.0,1.0,1.0,1.0,1.0,1.0,0.29289321881345254,1.0,1.0,1.0,1.0,1.0,1.0,1.0,1.0
Nicat,1.0,1.0,1.0,1.0,1.0,1.0,1.0,0.0,1.0,1.0,1.0,1.0,1.0,1.0,1.0,1.0,1.0,1.0,1.0,1.0,0.0,1.0,1.0,1.0,1.0,1.0,0.3753049524455757,1.0,0.8143046618229481,1.0,1.0,1.0,0.29289321881345254,1.0,1.0,1.0,1.0,0.24206327104013292,1.0,1.0,0.0,1.0,1.0,1.0,1.0,1.0,1.0,0.7418011102528389,1.0,1.0,1.0,1.0,0.9157848078933482,1.0,1.0,1.0,1.0,1.0,1.0,1.0,1.0,0.0,0.0,1.0,1.0,1.0,1.0,1.0,1.0,1.0,0.6726731646460113,1.0,1.0,1.0,0.33333333333333337,1.0,0.74287026138671,0.047420655584319626,1.0,0.0,1.0,0.75,1.0,1.0,1.0,1.0,1.0,1.0,1.0,1.0,1.0,1.0,1.0,1.0,1.0,1.0,1.0,0.29289321881345254,1.0,1.0,1.0,1.0,1.0,1.0,1.0,1.0
N’ton,1.0,1.0,0.0,1.0,1.0,1.0,1.0,1.0,1.0,0.0,0.1296117202215108,1.0,1.0,1.0,1.0,1.0,1.0,1.0,1.0,1.0,1.0,1.0,0.29289321881345254,0.42264973081037416,1.0,1.0,0.6876524762227878,1.0,0.6286093236458963,1.0,1.0,0.0,0.29289321881345254,0.0,1.0,1.0,1.0,0.8315696157866962,1.0,1.0,1.0,0.75,1.0,1.0,1.0,1.0,1.0,0.7418011102528389,1.0,1.0,0.5917517095361369,1.0,1.0,1.0,0.29289321881345254,1.0,0.42264973081037416,1.0,1.0,0.0,1.0,1.0,1.0,0.0,1.0,1.0,1.0,1.0,0.0,1.0,1.0,1.0,1.0,0.1982162742627268,0.6666666666666667,1.0,1.0,1.0,1.0,1.0,1.0,1.0,1.0,1.0,1.0,1.0,0.0,1.0,1.0,1.0,1.0,1.0,1.0,0.0,1.0,1.0,0.0,1.0,1.0,1.0,1.0,0.29289321881345254,1.0,0.29289321881345254,1.0,1.0
Oklina,1.0,0.6039409828093303,1.0,0.29289321881345254,1.0,1.0,1.0,1.0,1.0,1.0,1.0,1.0,0.18350341907227397,1.0,1.0,1.0,1.0,1.0,1.0,1.0,1.0,1.0,1.0,1.0,1.0,1.0,1.0,1.0,1.0,1.0,1.0,1.0,1.0,1.0,1.0,1.0,1.0,1.0,1.0,1.0,1.0,1.0,1.0,1.0,1.0,1.0,1.0,1.0,1.0,1.0,1.0,1.0,1.0,1.0,1.0,1.0,1.0,1.0,0.33651119730296297,1.0,1.0,1.0,1.0,1.0,0.0,1.0,1.0,1.0,1.0,1.0,1.0,1.0,1.0,1.0,1.0,1.0,1.0,1.0,1.0,1.0,1.0,1.0,1.0,1.0,1.0,1.0,1.0,1.0,0.0963038858849361,1.0,1.0,1.0,1.0,1.0,1.0,1.0,1.0,1.0,1.0,1.0,1.0,1.0,1.0,1.0,1.0,1.0
Oldive,0.3195861825602284,1.0,1.0,1.0,1.0,1.0,1.0,1.0,1.0,1.0,1.0,1.0,1.0,1.0,1.0,1.0,1.0,1.0,1.0,1.0,1.0,1.0,1.0,0.591751709536137,1.0,1.0,0.8895684739251535,0.3025141675370844,1.0,1.0,0.33333333333333337,1.0,1.0,1.0,1.0,1.0,0.29289321881345254,0.8809017331649173,1.0,1.0,1.0,1.0,1.0,1.0,1.0,1.0,1.0,0.8174258141649446,1.0,1.0,1.0,1.0,0.7618034663298345,1.0,1.0,1.0,1.0,0.29289321881345254,1.0,1.0,1.0,1.0,1.0,1.0,1.0,0.0,1.0,1.0,1.0,1.0,1.0,1.0,1.0,1.0,1.0,1.0,0.8636363636363636,1.0,1.0,1.0,0.5959389821791157,0.8232233047033631,1.0,1.0,1.0,1.0,1.0,1.0,1.0,1.0,0.29289321881345254,1.0,1.0,1.0,1.0,1.0,1.0,1.0,1.0,1.0,1.0,0.5000000000000001,1.0,1.0,1.0,1.0
Oncle,1.0,0.4059114742139954,1.0,1.0,1.0,1.0,1.0,1.0,0.29289321881345254,1.0,1.0,0.29289321881345254,1.0,0.3291796067500632,1.0,0.3291796067500632,1.0,0.5000000000000001,1.0,0.29289321881345254,1.0,0.29289321881345254,1.0,1.0,1.0,0.29289321881345254,1.0,1.0,1.0,1.0,1.0,1.0,1.0,1.0,1.0,0.29289321881345254,1.0,1.0,0.29289321881345254,0.29289321881345254,1.0,1.0,1.0,1.0,1.0,1.0,0.29289321881345254,1.0,1.0,0.29289321881345254,1.0,1.0,0.344959532407045,1.0,1.0,1.0,1.0,1.0,0.5576741315353086,1.0,1.0,1.0,1.0,1.0,1.0,1.0,0.0,0.6913933000758161,1.0,0.641431417199682,0.5370899501137243,1.0,0.29289321881345254,1.0,1.0,0.29289321881345254,1.0,1.0,1.0,1.0,0.7979694910895578,1.0,0.5000000000000001,0.5000000000000001,1.0,0.7327387580875757,1.0,1.0,0.8709005551264195,0.29289321881345254,1.0,0.29289321881345254,1.0,1.0,0.29289321881345254,1.0,1.0,1.0,1.0,1.0,1.0,1.0,1.0,1.0,1.0,1.0
Orlith,1.0,0.44998090178307326,1.0,1.0,0.12712843905603044,1.0,1.0,1.0,0.5635642195280153,1.0,1.0,1.0,0.8740118423302576,1.0,1.0,0.5169541084603521,1.0,0.5370899501137243,1.0,1.0,1.0,1.0,1.0,1.0,1.0,0.5635642195280153,1.0,1.0,1.0,1.0,1.0,1.0,1.0,1.0,1.0,0.5635642195280153,1.0,1.0,1.0,0.5635642195280153,1.0,1.0,0.12712843905603044,1.0,1.0,0.7817821097640076,0.5635642195280153,1.0,0.12712843905603044,0.5635642195280153,1.0,1.0,1.0,1.0,1.0,1.0,1.0,1.0,0.6132366080857035,1.0,1.0,1.0,1.0,1.0,1.0,1.0,0.6913933000758161,0.0,1.0,1.0,1.0,1.0,1.0,1.0,1.0,0.5635642195280153,1.0,1.0,1.0,1.0,1.0,1.0,1.0,0.07417990022744858,1.0,1.0,1.0,1.0,0.9203180927110404,0.5635642195280153,1.0,1.0,0.12712843905603044,1.0,0.5635642195280153,1.0,1.0,1.0,1.0,1.0,1.0,1.0,1.0,1.0,1.0,1.0
Oterel,1.0,1.0,0.0,1.0,1.0,1.0,1.0,1.0,1.0,0.0,0.1296117202215108,1.0,1.0,1.0,1.0,1.0,1.0,1.0,1.0,1.0,1.0,1.0,0.29289321881345254,0.42264973081037416,1.0,1.0,0.6876524762227878,1.0,0.6286093236458963,1.0,1.0,0.0,0.29289321881345254,0.0,1.0,1.0,1.0,0.8315696157866962,1.0,1.0,1.0,0.75,1.0,1.0,1.0,1.0,1.0,0.7418011102528389,1.0,1.0,0.5917517095361369,1.0,1.0,1.0,0.29289321881345254,1.0,0.42264973081037416,1.0,1.0,0.0,1.0,1.0,1.0,0.0,1.0,1.0,1.0,1.0,0.0,1.0,1.0,1.0,1.0,0.1982162742627268,0.6666666666666667,1.0,1.0,1.0,1.0,1.0,1.0,1.0,1.0,1.0,1.0,1.0,0.0,1.0,1.0,1.0,1.0,1.0,1.0,0.0,1.0,1.0,0.0,1.0,1.0,1.0,1.0,0.29289321881345254,1.0,0.29289321881345254,1.0,1.0
Petiron,1.0,1.0,1.0,1.0,1.0,0.15484574527148343,1.0,1.0,1.0,1.0,1.0,0.49290744716289003,1.0,0.4654775161751512,1.0,1.0,1.0,1.0,1.0,0.49290744716289003,1.0,0.49290744716289003,1.0,1.0,0.5482460485473744,1.0,1.0,1.0,0.8430587948564139,1.0,1.0,1.0,1.0,1.0,1.0,1.0,1.0,1.0,0.49290744716289003,1.0,1.0,1.0,1.0,1.0,1.0,1.0,1.0,1.0,1.0,1.0,1.0,1.0,0.5302461357166728,0.2828628343993639,1.0,1.0,1.0,1.0,1.0,1.0,0.15484574527148343,1.0,1.0,1.0,1.0,1.0,0.641431417199682,1.0,1.0,0.0,0.668029998896507,1.0,0.49290744716289003,1.0,1.0,1.0,0.20680283198717508,1.0,1.0,1.0,0.8551164134751115,1.0,0.641431417199682,1.0,1.0,0.48889874800004807,1.0,0.4023856953328032,1.0,1.0,1.0,0.49290744716289003,1.0,1.0,1.0,1.0,1.0,1.0,1.0,1.0,1.0,1.0,1.0,1.0,1.0,1.0
Piemur,0.9790019737217096,1.0,1.0,1.0,1.0,1.0,0.6726731646460113,0.6726731646460113,1.0,1.0,1.0,0.3453463292920228,1.0,0.3789409965918812,1.0,1.0,0.9228483250189541,1.0,0.454455274410019,0.3453463292920228,0.6726731646460113,0.3453463292920228,0.7685449750568621,1.0,0.9125182234720294,1.0,0.7784805926079259,0.9820625999166456,0.9392169326145169,1.0,0.974282775006318,1.0,0.7685449750568621,1.0,0.6726731646460113,1.0,1.0,0.6692092921480173,0.3453463292920228,1.0,0.6726731646460113,1.0,1.0,0.6726731646460113,0.6913933000758161,1.0,1.0,0.8873127660361978,1.0,1.0,0.4654775161751511,1.0,0.2465322765593725,1.0,0.8071208125473851,0.9228483250189541,1.0,1.0,1.0,1.0,1.0,0.6726731646460113,0.6726731646460113,1.0,1.0,1.0,0.5370899501137243,1.0,1.0,0.668029998896507,0.0,1.0,0.3453463292920228,1.0,0.7454124613913422,1.0,0.8106277068647053,0.6584995242230133,1.0,0.6726731646460113,0.3453463292920228,0.6726731646460113,0.1513315752084945,1.0,1.0,0.340171120926142,1.0,1.0,1.0,1.0,1.0,0.3453463292920228,1.0,1.0,1.0,0.5296829189982276,1.0,0.38278660015163235,1.0,0.7817821097640076,0.6726731646460113,1.0,1.0,1.0,1.0,1.0
Pol,1.0,1.0,1.0,1.0,1.0,1.0,1.0,1.0,1.0,1.0,1.0,1.0,1.0,1.0,1.0,1.0,1.0,1.0,1.0,1.0,1.0,1.0,1.0,1.0,1.0,1.0,1.0,1.0,1.0,1.0,1.0,1.0,1.0,1.0,1.0,1.0,1.0,1.0,1.0,1.0,1.0,1.0,1.0,1.0,1.0,1.0,1.0,1.0,1.0,1.0,1.0,1.0,1.0,1.0,1.0,1.0,1.0,1.0,1.0,1.0,1.0,1.0,1.0,1.0,1.0,1.0,1.0,1.0,1.0,1.0,1.0,0.0,1.0,1.0,1.0,1.0,1.0,1.0,0.0,1.0,1.0,1.0,1.0,1.0,1.0,1.0,1.0,1.0,1.0,1.0,1.0,1.0,1.0,1.0,1.0,1.0,1.0,1.0,1.0,1.0,1.0,1.0,1.0,1.0,1.0,1.0
Pona,1.0,1.0,1.0,1.0,1.0,1.0,1.0,1.0,1.0,1.0,1.0,0.0,1.0,0.05131670194948623,1.0,1.0,1.0,1.0,1.0,0.0,1.0,0.0,1.0,1.0,1.0,1.0,1.0,1.0,1.0,1.0,1.0,1.0,1.0,1.0,1.0,1.0,1.0,1.0,0.0,1.0,1.0,1.0,1.0,1.0,1.0,1.0,1.0,1.0,1.0,1.0,1.0,1.0,0.07363288682682911,1.0,1.0,1.0,1.0,1.0,1.0,1.0,1.0,1.0,1.0,1.0,1.0,1.0,0.29289321881345254,1.0,1.0,0.49290744716289003,0.3453463292920228,1.0,0.0,1.0,1.0,1.0,1.0,1.0,1.0,1.0,0.7142857142857143,1.0,0.29289321881345254,1.0,1.0,0.6220355269907728,1.0,1.0,1.0,1.0,1.0,0.0,1.0,1.0,1.0,1.0,1.0,1.0,1.0,1.0,1.0,1.0,1.0,1.0,1.0,1.0
Prideth,1.0,1.0,0.1982162742627268,1.0,1.0,1.0,1.0,1.0,1.0,0.1982162742627268,0.11604000012145255,1.0,1.0,1.0,0.5370899501137242,1.0,1.0,1.0,1.0,1.0,1.0,1.0,0.43305329048615915,0.5370899501137242,1.0,1.0,0.6660864515481271,1.0,0.5533374997130813,1.0,1.0,0.1982162742627268,0.43305329048615915,0.1982162742627268,1.0,1.0,1.0,0.7749254316968281,1.0,1.0,1.0,0.4654775161751512,1.0,1.0,1.0,1.0,1.0,0.7929803321972937,1.0,1.0,0.6726731646460113,1.0,1.0,1.0,0.2440710539815455,1.0,0.5370899501137242,1.0,1.0,0.1982162742627268,1.0,1.0,1.0,0.1982162742627268,1.0,1.0,1.0,1.0,0.1982162742627268,1.0,1.0,1.0,1.0,0.0,0.7327387580875756,1.0,0.9656395933627975,0.9636303516273346,1.0,1.0,1.0,1.0,1.0,1.0,1.0,1.0,0.1982162742627268,1.0,1.0,1.0,1.0,1.0,1.0,0.1982162742627268,1.0,1.0,0.1982162742627268,1.0,0.4654775161751512,1.0,1.0,0.43305329048615915,1.0,0.05508881747693195,0.7327387580875756,1.0
Ramoth,0.9358499700900416,1.0,0.6666666666666667,1.0,1.0,1.0,1.0,0.33333333333333337,1.0,0.6666666666666667,0.7098705734071703,1.0,1.0,1.0,1.0,1.0,0.7642977396044842,1.0,1.0,1.0,0.33333333333333337,1.0,0.7642977396044842,0.8075499102701247,1.0,1.0,0.4273628730751111,0.9452003375648809,0.6905077697049136,1.0,0.9214325798681614,0.6666666666666667,0.29289321881345254,0.6666666666666667,1.0,1.0,1.0,0.2701350017423503,1.0,1.0,0.33333333333333337,0.9166666666666666,1.0,1.0,0.7642977396044842,1.0,1.0,0.6557348136704519,1.0,1.0,0.8639172365120457,1.0,0.9438565385955654,1.0,0.7642977396044842,0.7642977396044842,0.6150998205402495,1.0,1.0,0.6666666666666667,1.0,0.33333333333333337,0.33333333333333337,0.6666666666666667,1.0,1.0,1.0,1.0,0.6666666666666667,1.0,0.7454124613913422,1.0,1.0,0.7327387580875756,0.0,1.0,0.74287026138671,0.27422526139757686,1.0,0.33333333333333337,0.9047619047619048,0.5833333333333334,1.0,1.0,1.0,1.0,0.6666666666666667,1.0,1.0,1.0,1.0,1.0,1.0,0.6666666666666667,1.0,0.9401315659910751,0.6666666666666667,0.5285954792089684,1.0,1.0,1.0,0.7642977396044842,1.0,0.7642977396044842,1.0,1.0
Ratoshigan,1.0,0.15983194958319413,1.0,1.0,1.0,1.0,1.0,1.0,0.0,1.0,1.0,1.0,1.0,1.0,1.0,0.05131670194948623,1.0,0.29289321881345254,1.0,1.0,1.0,1.0,1.0,1.0,1.0,0.0,1.0,1.0,1.0,1.0,1.0,1.0,1.0,1.0,1.0,0.0,1.0,1.0,1.0,0.0,1.0,1.0,1.0,1.0,1.0,1.0,0.0,1.0,1.0,0.0,1.0,1.0,1.0,1.0,1.0,1.0,1.0,1.0,0.37445675782877563,1.0,1.0,1.0,1.0,1.0,1.0,1.0,0.29289321881345254,0.5635642195280153,1.0,1.0,1.0,1.0,1.0,1.0,1.0,0.0,1.0,1.0,1.0,1.0,1.0,1.0,1.0,0.29289321881345254,1.0,1.0,1.0,1.0,0.8174258141649446,0.0,1.0,1.0,1.0,1.0,0.0,1.0,1.0,1.0,1.0,1.0,1.0,1.0,1.0,1.0,1.0,1.0
Robinton,0.9134018777803927,1.0,1.0,1.0,1.0,0.10004591485348491,0.9357175653466775,0.74287026138671,1.0,1.0,0.9776197289128485,1.0,1.0,0.9390163278863694,0.9628865190487397,1.0,0.9090909090909091,1.0,0.871435130693355,1.0,0.74287026138671,1.0,0.9545454545454546,0.9628865190487397,0.5017741037605641,1.0,0.779136947850307,0.8520484597805936,0.7493240827223479,1.0,0.8484848484848484,1.0,0.8181818181818181,1.0,0.9357175653466775,1.0,0.9357175653466775,0.7184950056625317,1.0,1.0,0.74287026138671,0.9678587826733387,1.0,0.9357175653466775,0.8636363636363636,1.0,1.0,0.8506211206804093,1.0,1.0,0.8950272237837044,1.0,0.9187966362488073,0.2272727272727273,0.9318181818181819,0.9090909090909091,1.0,0.9357175653466775,1.0,1.0,0.10004591485348491,0.74287026138671,0.74287026138671,1.0,1.0,0.8636363636363636,1.0,1.0,1.0,0.20680283198717508,0.8106277068647053,1.0,1.0,0.9656395933627975,0.74287026138671,1.0,0.0,0.7200725967565451,1.0,0.74287026138671,0.7979694910895578,0.7750114787133713,0.9090909090909091,1.0,0.9357175653466775,0.5626634223251237,1.0,0.36363636363636365,1.0,1.0,0.871435130693355,1.0,1.0,1.0,1.0,0.9191817373635152,1.0,0.7272727272727273,0.9357175653466775,1.0,0.9357175653466775,0.9090909090909091,0.9357175653466775,0.9545454545454546,1.0,1.0
Ruth,0.9476217199121076,1.0,1.0,1.0,1.0,1.0,1.0,0.047420655584319626,1.0,1.0,1.0,1.0,1.0,1.0,0.9214325798681614,1.0,0.8075499102701248,1.0,1.0,1.0,0.047420655584319626,1.0,1.0,1.0,1.0,1.0,0.3624232869366617,0.9552562629857317,0.7978405217122924,1.0,0.9358499700900416,1.0,0.3264246859454367,1.0,1.0,1.0,1.0,0.09464135050617006,1.0,1.0,0.047420655584319626,0.9659793091280114,1.0,1.0,0.8075499102701248,1.0,1.0,0.6837722339831621,1.0,1.0,1.0,1.0,0.919778347513205,1.0,1.0,0.8075499102701248,1.0,1.0,1.0,1.0,1.0,0.047420655584319626,0.047420655584319626,1.0,1.0,1.0,1.0,1.0,1.0,1.0,0.6584995242230133,1.0,1.0,0.9636303516273346,0.27422526139757686,1.0,0.7200725967565451,0.0,1.0,0.047420655584319626,0.9222384208640261,0.5577310186641484,1.0,1.0,1.0,1.0,1.0,1.0,1.0,1.0,1.0,1.0,1.0,1.0,1.0,1.0,1.0,0.3264246859454367,1.0,1.0,1.0,1.0,1.0,1.0,0.8639172365120457,1.0
Sallah,1.0,1.0,1.0,1.0,1.0,1.0,1.0,1.0,1.0,1.0,1.0,1.0,1.0,1.0,1.0,1.0,1.0,1.0,1.0,1.0,1.0,1.0,1.0,1.0,1.0,1.0,1.0,1.0,1.0,1.0,1.0,1.0,1.0,1.0,1.0,1.0,1.0,1.0,1.0,1.0,1.0,1.0,1.0,1.0,1.0,1.0,1.0,1.0,1.0,1.0,1.0,1.0,1.0,1.0,1.0,1.0,1.0,1.0,1.0,1.0,1.0,1.0,1.0,1.0,1.0,1.0,1.0,1.0,1.0,1.0,1.0,0.0,1.0,1.0,1.0,1.0,1.0,1.0,0.0,1.0,1.0,1.0,1.0,1.0,1.0,1.0,1.0,1.0,1.0,1.0,1.0,1.0,1.0,1.0,1.0,1.0,1.0,1.0,1.0,1.0,1.0,1.0,1.0,1.0,1.0,1.0
Sangel,1.0,1.0,1.0,1.0,1.0,1.0,1.0,0.0,1.0,1.0,1.0,1.0,1.0,1.0,1.0,1.0,1.0,1.0,1.0,1.0,0.0,1.0,1.0,1.0,1.0,1.0,0.3753049524455757,1.0,0.8143046618229481,1.0,1.0,1.0,0.29289321881345254,1.0,1.0,1.0,1.0,0.24206327104013292,1.0,1.0,0.0,1.0,1.0,1.0,1.0,1.0,1.0,0.7418011102528389,1.0,1.0,1.0,1.0,0.9157848078933482,1.0,1.0,1.0,1.0,1.0,1.0,1.0,1.0,0.0,0.0,1.0,1.0,1.0,1.0,1.0,1.0,1.0,0.6726731646460113,1.0,1.0,1.0,0.33333333333333337,1.0,0.74287026138671,0.047420655584319626,1.0,0.0,1.0,0.75,1.0,1.0,1.0,1.0,1.0,1.0,1.0,1.0,1.0,1.0,1.0,1.0,1.0,1.0,1.0,0.29289321881345254,1.0,1.0,1.0,1.0,1.0,1.0,1.0,1.0
Sebell,0.8075499102701248,1.0,1.0,1.0,1.0,1.0,0.8571428571428572,1.0,1.0,1.0,1.0,0.7142857142857143,1.0,0.7289476291284247,1.0,1.0,0.7979694910895578,1.0,0.2857142857142857,0.7142857142857143,1.0,0.7142857142857143,0.8989847455447789,0.9175213901157677,0.9618198225839394,1.0,0.88844731293671,0.5302886076989792,1.0,1.0,0.5285954792089682,1.0,1.0,1.0,0.8571428571428572,1.0,0.8571428571428572,0.7954773905981312,0.7142857142857143,1.0,1.0,1.0,1.0,0.8571428571428572,0.6969542366343369,1.0,1.0,0.8155722216091706,1.0,1.0,0.4167881564801956,1.0,0.45861662217152355,1.0,0.7474618638619474,0.7979694910895578,1.0,0.8571428571428572,1.0,1.0,1.0,1.0,1.0,1.0,1.0,0.5959389821791157,0.7979694910895578,1.0,1.0,0.8551164134751115,0.3453463292920228,1.0,0.7142857142857143,1.0,0.9047619047619048,1.0,0.7979694910895578,0.9222384208640261,1.0,1.0,0.0,0.6071428571428572,0.29289321881345254,1.0,1.0,0.3520609034127534,1.0,1.0,1.0,1.0,0.5714285714285714,0.7142857142857143,1.0,1.0,1.0,0.7434209971046073,1.0,0.4949237277238947,1.0,1.0,0.8571428571428572,0.6969542366343369,1.0,1.0,1.0,1.0
Sharra,0.8556624327025936,1.0,1.0,1.0,1.0,1.0,0.5,0.75,1.0,1.0,1.0,1.0,1.0,1.0,1.0,1.0,0.4696699141100894,1.0,1.0,1.0,0.75,1.0,0.6464466094067263,1.0,0.8663693790437879,1.0,0.6876524762227878,0.6301022785629461,0.9535761654557371,1.0,0.5875210443078472,1.0,0.8232233047033631,1.0,0.5,1.0,1.0,0.34733226117344784,1.0,1.0,0.75,1.0,1.0,0.5,0.11611652351681567,1.0,1.0,0.6772513878160487,1.0,1.0,1.0,1.0,0.8947310098666851,1.0,1.0,0.4696699141100894,1.0,1.0,1.0,1.0,1.0,0.75,0.75,1.0,1.0,0.8232233047033631,1.0,1.0,1.0,1.0,0.6726731646460113,1.0,1.0,1.0,0.5833333333333334,1.0,0.7750114787133713,0.5577310186641484,1.0,0.75,0.6071428571428572,0.0,1.0,1.0,1.0,1.0,1.0,1.0,1.0,1.0,0.75,1.0,1.0,1.0,1.0,0.5509867449330628,1.0,0.8232233047033631,1.0,1.0,0.5,0.8232233047033631,1.0,1.0,1.0,1.0
Shonagar,1.0,1.0,1.0,1.0,1.0,1.0,1.0,1.0,1.0,1.0,1.0,0.29289321881345254,1.0,0.3291796067500632,1.0,1.0,1.0,1.0,0.29289321881345254,0.29289321881345254,1.0,0.29289321881345254,1.0,1.0,1.0,1.0,1.0,1.0,1.0,1.0,1.0,1.0,1.0,1.0,1.0,1.0,1.0,1.0,0.29289321881345254,1.0,1.0,1.0,1.0,1.0,1.0,1.0,1.0,1.0,1.0,1.0,0.42264973081037416,1.0,0.2258612655719623,1.0,0.75,1.0,1.0,1.0,1.0,1.0,1.0,1.0,1.0,1.0,1.0,1.0,0.5000000000000001,1.0,1.0,0.641431417199682,0.1513315752084945,1.0,0.29289321881345254,1.0,1.0,1.0,0.9090909090909091,1.0,1.0,1.0,0.29289321881345254,1.0,0.0,1.0,1.0,0.19821627426272703,1.0,1.0,1.0,1.0,1.0,0.29289321881345254,1.0,1.0,1.0,0.8729998729998095,1.0,0.5000000000000001,1.0,1.0,1.0,1.0,1.0,1.0,1.0,1.0
Sh’gall,1.0,0.30689671991632805,1.0,1.0,0.29289321881345254,1.0,1.0,1.0,0.29289321881345254,1.0,1.0,1.0,1.0,1.0,1.0,0.3291796067500632,1.0,0.5000000000000001,1.0,1.0,1.0,1.0,1.0,1.0,1.0,0.29289321881345254,1.0,1.0,1.0,1.0,1.0,1.0,1.0,1.0,1.0,0.29289321881345254,1.0,1.0,1.0,0.29289321881345254,1.0,1.0,0.29289321881345254,1.0,1.0,1.0,0.29289321881345254,1.0,0.29289321881345254,0.29289321881345254,1.0,1.0,1.0,1.0,1.0,1.0,1.0,1.0,0.48395315345786005,1.0,1.0,1.0,1.0,1.0,1.0,1.0,0.5000000000000001,0.07417990022744858,1.0,1.0,1.0,1.0,1.0,1.0,1.0,0.29289321881345254,1.0,1.0,1.0,1.0,1.0,1.0,1.0,0.0,1.0,1.0,1.0,1.0,0.8709005551264195,0.29289321881345254,1.0,1.0,0.29289321881345254,1.0,0.29289321881345254,1.0,1.0,1.0,1.0,1.0,1.0,1.0,1.0,1.0,1.0,1.0
Sigomal,1.0,1.0,1.0,1.0,1.0,1.0,1.0,1.0,1.0,1.0,1.0,1.0,1.0,1.0,1.0,1.0,1.0,1.0,1.0,1.0,1.0,1.0,1.0,1.0,1.0,1.0,0.8438262381113939,1.0,1.0,1.0,1.0,1.0,1.0,1.0,1.0,1.0,1.0,1.0,1.0,1.0,1.0,1.0,1.0,1.0,1.0,1.0,1.0,0.7418011102528389,1.0,1.0,1.0,1.0,1.0,1.0,1.0,1.0,1.0,1.0,1.0,1.0,1.0,1.0,1.0,1.0,1.0,1.0,1.0,1.0,1.0,1.0,1.0,1.0,1.0,1.0,1.0,1.0,0.9357175653466775,1.0,1.0,1.0,1.0,1.0,1.0,1.0,0.0,1.0,1.0,1.0,1.0,1.0,1.0,1.0,1.0,1.0,1.0,1.0,1.0,1.0,1.0,1.0,1.0,1.0,0.0,1.0,1.0,1.0
Silvina,1.0,1.0,1.0,1.0,1.0,0.6220355269907728,1.0,1.0,1.0,1.0,1.0,0.6220355269907728,1.0,0.641431417199682,1.0,1.0,1.0,1.0,0.2440710539815456,0.6220355269907728,1.0,0.6220355269907728,1.0,1.0,0.7979694910895578,1.0,1.0,1.0,0.9298137593656404,1.0,1.0,1.0,1.0,1.0,1.0,1.0,1.0,1.0,0.6220355269907728,1.0,1.0,1.0,1.0,1.0,1.0,1.0,1.0,1.0,1.0,1.0,0.38278660015163235,1.0,0.5225447394405773,0.7327387580875757,0.7327387580875757,1.0,1.0,1.0,1.0,1.0,0.6220355269907728,1.0,1.0,1.0,1.0,1.0,0.7327387580875757,1.0,1.0,0.48889874800004807,0.340171120926142,1.0,0.6220355269907728,1.0,1.0,1.0,0.5626634223251237,1.0,1.0,1.0,0.3520609034127534,1.0,0.19821627426272703,1.0,1.0,0.0,1.0,0.7327387580875757,1.0,1.0,1.0,0.6220355269907728,1.0,1.0,1.0,0.8642311533395739,1.0,0.4654775161751513,1.0,1.0,1.0,1.0,1.0,1.0,1.0,1.0
Sograny,1.0,1.0,0.0,1.0,1.0,1.0,1.0,1.0,1.0,0.0,0.1296117202215108,1.0,1.0,1.0,1.0,1.0,1.0,1.0,1.0,1.0,1.0,1.0,0.29289321881345254,0.42264973081037416,1.0,1.0,0.6876524762227878,1.0,0.6286093236458963,1.0,1.0,0.0,0.29289321881345254,0.0,1.0,1.0,1.0,0.8315696157866962,1.0,1.0,1.0,0.75,1.0,1.0,1.0,1.0,1.0,0.7418011102528389,1.0,1.0,0.5917517095361369,1.0,1.0,1.0,0.29289321881345254,1.0,0.42264973081037416,1.0,1.0,0.0,1.0,1.0,1.0,0.0,1.0,1.0,1.0,1.0,0.0,1.0,1.0,1.0,1.0,0.1982162742627268,0.6666666666666667,1.0,1.0,1.0,1.0,1.0,1.0,1.0,1.0,1.0,1.0,1.0,0.0,1.0,1.0,1.0,1.0,1.0,1.0,0.0,1.0,1.0,0.0,1.0,1.0,1.0,1.0,0.29289321881345254,1.0,0.29289321881345254,1.0,1.0
Stupide,1.0,1.0,1.0,1.0,1.0,0.29289321881345254,1.0,1.0,1.0,1.0,0.7538170180413345,1.0,1.0,1.0,1.0,1.0,1.0,1.0,1.0,1.0,1.0,1.0,1.0,1.0,0.6220355269907728,1.0,1.0,1.0,0.6060807014208324,1.0,1.0,1.0,1.0,1.0,1.0,1.0,1.0,1.0,1.0,1.0,1.0,1.0,1.0,1.0,1.0,1.0,1.0,0.8174258141649446,1.0,1.0,1.0,0.29289321881345254,0.9404508665824587,0.5000000000000001,1.0,0.5000000000000001,1.0,1.0,1.0,1.0,0.29289321881345254,1.0,1.0,1.0,1.0,1.0,1.0,1.0,1.0,0.4023856953328032,1.0,1.0,1.0,1.0,1.0,1.0,0.36363636363636365,1.0,1.0,1.0,1.0,1.0,1.0,1.0,1.0,0.7327387580875757,1.0,0.0,1.0,1.0,1.0,1.0,1.0,1.0,1.0,1.0,1.0,1.0,1.0,1.0,1.0,1.0,1.0,1.0,1.0,1.0
Suriana,1.0,0.41199350855034933,1.0,0.0871290708247231,1.0,1.0,1.0,1.0,0.8174258141649446,1.0,1.0,1.0,0.26213521262737804,1.0,1.0,0.8267949192431123,1.0,0.8709005551264195,1.0,1.0,1.0,1.0,1.0,1.0,1.0,0.8174258141649446,1.0,1.0,1.0,1.0,1.0,1.0,1.0,1.0,1.0,0.8174258141649446,1.0,1.0,1.0,0.8174258141649446,1.0,1.0,1.0,1.0,1.0,1.0,0.8174258141649446,1.0,1.0,0.8174258141649446,1.0,1.0,1.0,1.0,1.0,1.0,1.0,1.0,0.14343963891975886,1.0,1.0,1.0,1.0,1.0,0.0963038858849361,1.0,0.8709005551264195,0.9203180927110404,1.0,1.0,1.0,1.0,1.0,1.0,1.0,0.8174258141649446,1.0,1.0,1.0,1.0,1.0,1.0,1.0,0.8709005551264195,1.0,1.0,1.0,1.0,0.0,0.8174258141649446,1.0,1.0,1.0,1.0,0.8174258141649446,1.0,1.0,1.0,1.0,1.0,1.0,1.0,1.0,1.0,1.0,1.0
S’gor,1.0,0.15983194958319413,1.0,1.0,1.0,1.0,1.0,1.0,0.0,1.0,1.0,1.0,1.0,1.0,1.0,0.05131670194948623,1.0,0.29289321881345254,1.0,1.0,1.0,1.0,1.0,1.0,1.0,0.0,1.0,1.0,1.0,1.0,1.0,1.0,1.0,1.0,1.0,0.0,1.0,1.0,1.0,0.0,1.0,1.0,1.0,1.0,1.0,1.0,0.0,1.0,1.0,0.0,1.0,1.0,1.0,1.0,1.0,1.0,1.0,1.0,0.37445675782877563,1.0,1.0,1.0,1.0,1.0,1.0,1.0,0.29289321881345254,0.5635642195280153,1.0,1.0,1.0,1.0,1.0,1.0,1.0,0.0,1.0,1.0,1.0,1.0,1.0,1.0,1.0,0.29289321881345254,1.0,1.0,1.0,1.0,0.8174258141649446,0.0,1.0,1.0,1.0,1.0,0.0,1.0,1.0,1.0,1.0,1.0,1.0,1.0,1.0,1.0,1.0,1.0
Tagetarl,1.0,1.0,1.0,1.0,1.0,1.0,1.0,1.0,1.0,1.0,1.0,1.0,1.0,1.0,1.0,1.0,1.0,1.0,1.0,1.0,1.0,1.0,1.0,1.0,1.0,1.0,0.8438262381113939,0.013606076167856251,1.0,1.0,0.05719095841793653,1.0,1.0,1.0,1.0,1.0,1.0,0.9157848078933482,1.0,1.0,1.0,1.0,1.0,1.0,1.0,1.0,1.0,0.7418011102528389,1.0,1.0,1.0,1.0,0.8315696157866962,1.0,1.0,1.0,1.0,1.0,1.0,1.0,1.0,1.0,1.0,1.0,1.0,0.29289321881345254,1.0,1.0,1.0,1.0,1.0,1.0,1.0,1.0,1.0,1.0,0.871435130693355,1.0,1.0,1.0,0.5714285714285714,0.75,1.0,1.0,1.0,1.0,1.0,1.0,1.0,1.0,0.0,1.0,1.0,1.0,1.0,1.0,1.0,1.0,1.0,1.0,1.0,0.29289321881345254,1.0,1.0,1.0,1.0
Talmor,1.0,1.0,1.0,1.0,1.0,1.0,1.0,1.0,1.0,1.0,1.0,0.0,1.0,0.05131670194948623,1.0,1.0,1.0,1.0,1.0,0.0,1.0,0.0,1.0,1.0,1.0,1.0,1.0,1.0,1.0,1.0,1.0,1.0,1.0,1.0,1.0,1.0,1.0,1.0,0.0,1.0,1.0,1.0,1.0,1.0,1.0,1.0,1.0,1.0,1.0,1.0,1.0,1.0,0.07363288682682911,1.0,1.0,1.0,1.0,1.0,1.0,1.0,1.0,1.0,1.0,1.0,1.0,1.0,0.29289321881345254,1.0,1.0,0.49290744716289003,0.3453463292920228,1.0,0.0,1.0,1.0,1.0,1.0,1.0,1.0,1.0,0.7142857142857143,1.0,0.29289321881345254,1.0,1.0,0.6220355269907728,1.0,1.0,1.0,1.0,1.0,0.0,1.0,1.0,1.0,1.0,1.0,1.0,1.0,1.0,1.0,1.0,1.0,1.0,1.0,1.0
Talpan,1.0,0.8599719915971991,1.0,1.0,0.0,1.0,1.0,1.0,1.0,1.0,1.0,1.0,1.0,1.0,1.0,1.0,1.0,1.0,1.0,1.0,1.0,1.0,1.0,1.0,1.0,1.0,1.0,1.0,1.0,1.0,1.0,1.0,1.0,1.0,1.0,1.0,1.0,1.0,1.0,1.0,1.0,1.0,0.0,1.0,1.0,1.0,1.0,1.0,0.0,1.0,1.0,1.0,1.0,1.0,1.0,1.0,1.0,1.0,0.8957427929714626,1.0,1.0,1.0,1.0,1.0,1.0,1.0,1.0,0.12712843905603044,1.0,1.0,1.0,1.0,1.0,1.0,1.0,1.0,1.0,1.0,1.0,1.0,1.0,1.0,1.0,0.29289321881345254,1.0,1.0,1.0,1.0,1.0,1.0,1.0,1.0,0.0,1.0,1.0,1.0,1.0,1.0,1.0,1.0,1.0,1.0,1.0,1.0,1.0,1.0
Terry,1.0,1.0,0.0,1.0,1.0,1.0,1.0,1.0,1.0,0.0,0.1296117202215108,1.0,1.0,1.0,1.0,1.0,1.0,1.0,1.0,1.0,1.0,1.0,0.29289321881345254,0.42264973081037416,1.0,1.0,0.6876524762227878,1.0,0.6286093236458963,1.0,1.0,0.0,0.29289321881345254,0.0,1.0,1.0,1.0,0.8315696157866962,1.0,1.0,1.0,0.75,1.0,1.0,1.0,1.0,1.0,0.7418011102528389,1.0,1.0,0.5917517095361369,1.0,1.0,1.0,0.29289321881345254,1.0,0.42264973081037416,1.0,1.0,0.0,1.0,1.0,1.0,0.0,1.0,1.0,1.0,1.0,0.0,1.0,1.0,1.0,1.0,0.1982162742627268,0.6666666666666667,1.0,1.0,1.0,1.0,1.0,1.0,1.0,1.0,1.0,1.0,1.0,0.0,1.0,1.0,1.0,1.0,1.0,1.0,0.0,1.0,1.0,0.0,1.0,1.0,1.0,1.0,0.29289321881345254,1.0,0.29289321881345254,1.0,1.0
Tirone,1.0,0.15983194958319413,1.0,1.0,1.0,1.0,1.0,1.0,0.0,1.0,1.0,1.0,1.0,1.0,1.0,0.05131670194948623,1.0,0.29289321881345254,1.0,1.0,1.0,1.0,1.0,1.0,1.0,0.0,1.0,1.0,1.0,1.0,1.0,1.0,1.0,1.0,1.0,0.0,1.0,1.0,1.0,0.0,1.0,1.0,1.0,1.0,1.0,1.0,0.0,1.0,1.0,0.0,1.0,1.0,1.0,1.0,1.0,1.0,1.0,1.0,0.37445675782877563,1.0,1.0,1.0,1.0,1.0,1.0,1.0,0.29289321881345254,0.5635642195280153,1.0,1.0,1.0,1.0,1.0,1.0,1.0,0.0,1.0,1.0,1.0,1.0,1.0,1.0,1.0,0.29289321881345254,1.0,1.0,1.0,1.0,0.8174258141649446,0.0,1.0,1.0,1.0,1.0,0.0,1.0,1.0,1.0,1.0,1.0,1.0,1.0,1.0,1.0,1.0,1.0
Toric,1.0,1.0,1.0,1.0,1.0,1.0,0.10197348986612542,1.0,1.0,1.0,1.0,1.0,1.0,1.0,1.0,1.0,1.0,1.0,0.8203946979732251,1.0,1.0,1.0,0.3649993649990475,1.0,0.7599923196313403,1.0,1.0,1.0,1.0,1.0,1.0,1.0,1.0,1.0,0.10197348986612542,1.0,1.0,0.9243725249322096,1.0,1.0,1.0,1.0,1.0,0.10197348986612542,0.3649993649990475,1.0,1.0,1.0,1.0,1.0,0.7067057699572934,1.0,0.8941215349050934,1.0,0.9364999364999047,1.0,0.8963048305269574,1.0,1.0,1.0,1.0,1.0,1.0,1.0,1.0,1.0,1.0,1.0,1.0,1.0,0.5296829189982276,1.0,1.0,1.0,0.9401315659910751,1.0,0.9191817373635152,1.0,1.0,1.0,0.7434209971046073,0.5509867449330628,0.8729998729998095,1.0,1.0,0.8642311533395739,1.0,1.0,1.0,1.0,1.0,1.0,1.0,1.0,1.0,0.0,1.0,0.8729998729998095,1.0,0.6407893959464501,0.10197348986612542,1.0,1.0,1.0,1.0,1.0
T’bor,1.0,1.0,0.0,1.0,1.0,1.0,1.0,1.0,1.0,0.0,0.1296117202215108,1.0,1.0,1.0,1.0,1.0,1.0,1.0,1.0,1.0,1.0,1.0,0.29289321881345254,0.42264973081037416,1.0,1.0,0.6876524762227878,1.0,0.6286093236458963,1.0,1.0,0.0,0.29289321881345254,0.0,1.0,1.0,1.0,0.8315696157866962,1.0,1.0,1.0,0.75,1.0,1.0,1.0,1.0,1.0,0.7418011102528389,1.0,1.0,0.5917517095361369,1.0,1.0,1.0,0.29289321881345254,1.0,0.42264973081037416,1.0,1.0,0.0,1.0,1.0,1.0,0.0,1.0,1.0,1.0,1.0,0.0,1.0,1.0,1.0,1.0,0.1982162742627268,0.6666666666666667,1.0,1.0,1.0,1.0,1.0,1.0,1.0,1.0,1.0,1.0,1.0,0.0,1.0,1.0,1.0,1.0,1.0,1.0,0.0,1.0,1.0,0.0,1.0,1.0,1.0,1.0,0.29289321881345254,1.0,0.29289321881345254,1.0,1.0
T’kul,1.0,1.0,1.0,1.0,1.0,1.0,1.0,0.29289321881345254,1.0,1.0,1.0,1.0,1.0,1.0,1.0,1.0,1.0,1.0,0.29289321881345254,1.0,0.29289321881345254,1.0,1.0,1.0,1.0,1.0,0.5582738957006139,1.0,0.8686935671402775,1.0,1.0,1.0,0.5000000000000001,1.0,1.0,1.0,1.0,0.46405779924212776,1.0,1.0,0.29289321881345254,1.0,1.0,1.0,1.0,1.0,1.0,0.8174258141649446,1.0,1.0,0.42264973081037416,1.0,0.8213525997473758,1.0,0.75,1.0,1.0,1.0,1.0,1.0,1.0,0.29289321881345254,0.29289321881345254,1.0,1.0,1.0,1.0,1.0,1.0,1.0,0.38278660015163235,1.0,1.0,1.0,0.5285954792089684,1.0,0.7272727272727273,0.3264246859454367,1.0,0.29289321881345254,0.4949237277238947,0.8232233047033631,0.5000000000000001,1.0,1.0,0.4654775161751513,1.0,1.0,1.0,1.0,1.0,1.0,1.0,1.0,1.0,0.8729998729998095,1.0,0.0,1.0,1.0,1.0,1.0,1.0,1.0,1.0,1.0
T’reb,1.0,1.0,1.0,1.0,1.0,1.0,1.0,1.0,1.0,1.0,0.6518446880886043,1.0,1.0,1.0,0.42264973081037416,1.0,1.0,1.0,1.0,1.0,1.0,1.0,1.0,1.0,1.0,1.0,0.8438262381113939,1.0,0.8143046618229481,1.0,1.0,1.0,1.0,1.0,1.0,1.0,1.0,1.0,1.0,1.0,1.0,0.5,1.0,1.0,1.0,1.0,1.0,1.0,1.0,1.0,1.0,1.0,1.0,1.0,0.6464466094067263,1.0,1.0,1.0,1.0,1.0,1.0,1.0,1.0,1.0,1.0,1.0,1.0,1.0,1.0,1.0,1.0,1.0,1.0,0.4654775161751512,1.0,1.0,0.9357175653466775,1.0,1.0,1.0,1.0,1.0,1.0,1.0,1.0,1.0,1.0,1.0,1.0,1.0,1.0,1.0,1.0,1.0,1.0,1.0,1.0,1.0,0.0,1.0,1.0,1.0,1.0,0.29289321881345254,1.0,1.0
T’ton,1.0,1.0,1.0,1.0,1.0,1.0,1.0,1.0,1.0,1.0,1.0,1.0,1.0,1.0,1.0,1.0,1.0,1.0,1.0,1.0,1.0,1.0,1.0,1.0,1.0,1.0,1.0,1.0,1.0,1.0,1.0,1.0,1.0,1.0,1.0,1.0,1.0,1.0,1.0,1.0,1.0,1.0,1.0,1.0,1.0,1.0,1.0,1.0,1.0,1.0,0.5917517095361369,1.0,1.0,1.0,1.0,1.0,1.0,1.0,1.0,1.0,1.0,1.0,1.0,1.0,1.0,1.0,1.0,1.0,1.0,1.0,0.7817821097640076,1.0,1.0,1.0,1.0,1.0,1.0,1.0,1.0,1.0,1.0,1.0,1.0,1.0,1.0,1.0,1.0,1.0,1.0,1.0,1.0,1.0,1.0,1.0,1.0,0.6407893959464501,1.0,1.0,1.0,0.0,1.0,1.0,1.0,1.0,1.0,1.0
Vincet,1.0,1.0,1.0,1.0,1.0,1.0,0.0,1.0,1.0,1.0,1.0,1.0,1.0,1.0,1.0,1.0,1.0,1.0,1.0,1.0,1.0,1.0,0.29289321881345254,1.0,0.7327387580875756,1.0,1.0,1.0,1.0,1.0,1.0,1.0,1.0,1.0,0.0,1.0,1.0,0.9157848078933482,1.0,1.0,1.0,1.0,1.0,0.0,0.29289321881345254,1.0,1.0,1.0,1.0,1.0,1.0,1.0,0.9157848078933482,1.0,1.0,1.0,1.0,1.0,1.0,1.0,1.0,1.0,1.0,1.0,1.0,1.0,1.0,1.0,1.0,1.0,0.6726731646460113,1.0,1.0,1.0,1.0,1.0,0.9357175653466775,1.0,1.0,1.0,0.8571428571428572,0.5,1.0,1.0,1.0,1.0,1.0,1.0,1.0,1.0,1.0,1.0,1.0,1.0,1.0,0.10197348986612542,1.0,1.0,1.0,1.0,0.0,1.0,1.0,1.0,1.0,1.0
Wansor,1.0,1.0,0.29289321881345254,1.0,1.0,1.0,1.0,1.0,1.0,0.29289321881345254,0.3845425451033364,1.0,1.0,1.0,1.0,1.0,1.0,1.0,1.0,1.0,1.0,1.0,0.5000000000000001,0.591751709536137,1.0,1.0,0.6687054217754604,0.3025141675370844,0.7373871342805549,1.0,0.33333333333333337,0.29289321881345254,0.5000000000000001,0.29289321881345254,1.0,1.0,1.0,0.8213525997473758,1.0,1.0,1.0,0.8232233047033631,1.0,1.0,1.0,1.0,1.0,0.6348516283298893,1.0,1.0,0.7113248654051871,1.0,0.8809017331649173,1.0,0.5000000000000001,1.0,0.591751709536137,1.0,1.0,0.29289321881345254,1.0,1.0,1.0,0.29289321881345254,1.0,0.5000000000000001,1.0,1.0,0.29289321881345254,1.0,1.0,1.0,1.0,0.43305329048615915,0.7642977396044842,1.0,0.9090909090909091,1.0,1.0,1.0,0.6969542366343369,0.8232233047033631,1.0,1.0,1.0,1.0,0.29289321881345254,1.0,1.0,1.0,0.29289321881345254,1.0,1.0,0.29289321881345254,1.0,1.0,0.29289321881345254,1.0,1.0,1.0,1.0,0.0,1.0,0.5000000000000001,1.0,1.0
Warbret,1.0,1.0,1.0,1.0,1.0,1.0,1.0,1.0,1.0,1.0,1.0,1.0,1.0,1.0,1.0,1.0,1.0,1.0,1.0,1.0,1.0,1.0,1.0,1.0,1.0,1.0,0.8438262381113939,1.0,1.0,1.0,1.0,1.0,1.0,1.0,1.0,1.0,1.0,1.0,1.0,1.0,1.0,1.0,1.0,1.0,1.0,1.0,1.0,0.7418011102528389,1.0,1.0,1.0,1.0,1.0,1.0,1.0,1.0,1.0,1.0,1.0,1.0,1.0,1.0,1.0,1.0,1.0,1.0,1.0,1.0,1.0,1.0,1.0,1.0,1.0,1.0,1.0,1.0,0.9357175653466775,1.0,1.0,1.0,1.0,1.0,1.0,1.0,0.0,1.0,1.0,1.0,1.0,1.0,1.0,1.0,1.0,1.0,1.0,1.0,1.0,1.0,1.0,1.0,1.0,1.0,0.0,1.0,1.0,1.0
Wirenth,1.0,1.0,0.29289321881345254,1.0,1.0,1.0,1.0,1.0,1.0,0.29289321881345254,0.1383595631446709,1.0,1.0,1.0,0.591751709536137,1.0,1.0,1.0,1.0,1.0,1.0,1.0,0.5000000000000001,0.591751709536137,1.0,1.0,0.6687054217754604,1.0,0.6060807014208324,1.0,1.0,0.29289321881345254,0.5000000000000001,0.29289321881345254,1.0,1.0,1.0,0.8809017331649173,1.0,1.0,1.0,0.4696699141100894,1.0,1.0,1.0,1.0,1.0,0.8174258141649446,1.0,1.0,0.7113248654051871,1.0,1.0,1.0,0.2500000000000001,1.0,0.591751709536137,1.0,1.0,0.29289321881345254,1.0,1.0,1.0,0.29289321881345254,1.0,1.0,1.0,1.0,0.29289321881345254,1.0,1.0,1.0,1.0,0.05508881747693195,0.7642977396044842,1.0,0.9545454545454546,1.0,1.0,1.0,1.0,1.0,1.0,1.0,1.0,1.0,0.29289321881345254,1.0,1.0,1.0,1.0,1.0,1.0,0.29289321881345254,1.0,1.0,0.29289321881345254,1.0,0.29289321881345254,1.0,1.0,0.5000000000000001,1.0,0.0,1.0,1.0
Zair,1.0,1.0,1.0,1.0,1.0,1.0,1.0,1.0,1.0,1.0,1.0,1.0,1.0,1.0,0.42264973081037416,1.0,1.0,1.0,1.0,1.0,1.0,1.0,1.0,1.0,1.0,1.0,1.0,1.0,0.8143046618229481,1.0,1.0,1.0,1.0,1.0,1.0,1.0,1.0,0.6631392315733924,1.0,1.0,1.0,0.75,1.0,1.0,1.0,1.0,1.0,1.0,1.0,1.0,1.0,1.0,1.0,1.0,1.0,1.0,1.0,1.0,1.0,1.0,1.0,1.0,1.0,1.0,1.0,1.0,1.0,1.0,1.0,1.0,1.0,1.0,1.0,0.7327387580875756,1.0,1.0,1.0,0.8639172365120457,1.0,1.0,1.0,1.0,1.0,1.0,1.0,1.0,1.0,1.0,1.0,1.0,1.0,1.0,1.0,1.0,1.0,1.0,1.0,1.0,1.0,1.0,1.0,1.0,1.0,1.0,0.0,1.0
Zurg,1.0,1.0,1.0,1.0,1.0,1.0,1.0,1.0,1.0,1.0,1.0,1.0,1.0,1.0,1.0,1.0,1.0,1.0,1.0,1.0,1.0,1.0,1.0,0.42264973081037416,0.1982162742627268,1.0,0.3753049524455757,1.0,0.25721864729179256,0.0,1.0,1.0,1.0,1.0,1.0,1.0,1.0,1.0,1.0,1.0,1.0,0.25,1.0,1.0,1.0,1.0,1.0,0.2254033307585166,1.0,1.0,1.0,1.0,1.0,1.0,0.6464466094067263,1.0,0.42264973081037416,1.0,0.8957427929714626,1.0,1.0,1.0,1.0,1.0,1.0,1.0,1.0,1.0,1.0,1.0,1.0,1.0,1.0,1.0,1.0,1.0,1.0,1.0,1.0,1.0,1.0,1.0,1.0,1.0,1.0,1.0,1.0,1.0,1.0,1.0,1.0,1.0,1.0,1.0,1.0,1.0,1.0,1.0,1.0,1.0,1.0,1.0,1.0,1.0,1.0,0.0
