Source,Target,Distance,Weight_similarity
Alemi,Fandarel,0.4444444444444444,0.5555555555555556
Alemi,Idarolan,0.037749551350623745,0.9622504486493763
Alemi,Monarth,0.037749551350623745,0.9622504486493763
Alemi,Oldive,0.3195861825602284,0.6804138174397716
Alessan,Anella,0.5799159747915971,0.42008402520840293
Alessan,Berchar,0.15983194958319413,0.8401680504168059
Alessan,B’lerion,0.5149287499273341,0.48507125007266594
Alessan,Capiam,0.11438511445990485,0.8856148855400952
Alessan,Dag,0.20788196561866057,0.7921180343813394
Alessan,Fergal,0.15983194958319413,0.8401680504168059
Alessan,Holth,0.15983194958319413,0.8401680504168059
Alessan,Kadith,0.15983194958319413,0.8401680504168059
Alessan,Leef,0.7199439831943981,0.2800560168056019
Alessan,Leri,0.15983194958319413,0.8401680504168059
Alessan,L’mal,0.15983194958319413,0.8401680504168059
Alessan,Moreta,0.09486639816563525,0.9051336018343648
Alessan,Oklina,0.6039409828093303,0.3960590171906697
Alessan,Oncle,0.4059114742139954,0.5940885257860046
Alessan,Orlith,0.44998090178307326,0.5500190982169267
Alessan,Ratoshigan,0.15983194958319413,0.8401680504168059
Alessan,Sh’gall,0.30689671991632805,0.693103280083672
Alessan,Suriana,0.41199350855034933,0.5880064914496507
Alessan,S’gor,0.15983194958319413,0.8401680504168059
Alessan,Tirone,0.15983194958319413,0.8401680504168059
Andemon,Berd,0.0,1.0
Andemon,Brekke,0.1296117202215108,0.8703882797784892
Andemon,D’ram,0.29289321881345254,0.7071067811865475
Andemon,Fandarel,0.42264973081037416,0.5773502691896258
Andemon,F’lar,0.6876524762227878,0.3123475237772122
Andemon,F’nor,0.6286093236458963,0.3713906763541037
Andemon,Grall,0.0,1.0
Andemon,Groghe,0.29289321881345254,0.7071067811865475
Andemon,G’narish,0.0,1.0
Andemon,Kylara,0.75,0.25
Andemon,Lessa,0.7418011102528389,0.2581988897471611
Andemon,Mardra,0.5917517095361369,0.40824829046386313
Andemon,Meron,0.29289321881345254,0.7071067811865475
Andemon,Mnementh,0.42264973081037416,0.5773502691896258
Andemon,Nadira,0.0,1.0
Andemon,N’ton,0.0,1.0
Andemon,Oterel,0.0,1.0
Andemon,Prideth,0.1982162742627268,0.8017837257372732
Andemon,Ramoth,0.6666666666666667,0.33333333333333326
Andemon,Sograny,0.0,1.0
Andemon,Terry,0.0,1.0
Andemon,T’bor,0.0,1.0
Andemon,Wansor,0.29289321881345254,0.7071067811865475
Andemon,Wirenth,0.29289321881345254,0.7071067811865475
Anella,B’lerion,0.42264973081037416,0.5773502691896258
Anella,Moreta,0.2701995508002383,0.7298004491997617
Anella,Oklina,0.29289321881345254,0.7071067811865475
Anella,Suriana,0.0871290708247231,0.9128709291752769
A’murry,K’lon,0.0,1.0
A’murry,Lidora,0.0,1.0
A’murry,Orlith,0.12712843905603044,0.8728715609439696
A’murry,Sh’gall,0.29289321881345254,0.7071067811865475
A’murry,Talpan,0.0,1.0
Bargen,Fax,0.4654775161751512,0.5345224838248488
Bargen,Merelan,0.29289321881345254,0.7071067811865475
Bargen,Nemorth,0.0,1.0
Bargen,Petiron,0.15484574527148343,0.8451542547285166
Bargen,Robinton,0.10004591485348491,0.8999540851465151
Bargen,Silvina,0.6220355269907728,0.3779644730092272
Bargen,Stupide,0.29289321881345254,0.7071067811865475
Bedella,D’ram,0.29289321881345254,0.7071067811865475
Bedella,Fax,0.7327387580875756,0.2672612419124244
Bedella,Heth,0.0,1.0
Bedella,K’van,0.0,1.0
Bedella,Larad,0.29289321881345254,0.7071067811865475
Bedella,Piemur,0.6726731646460113,0.32732683535398865
Bedella,Sharra,0.5,0.5
Bedella,Toric,0.10197348986612542,0.8980265101338746
Bedella,Vincet,0.0,1.0
Benelek,Dorse,0.0,1.0
Benelek,F’lar,0.3753049524455757,0.6246950475544243
Benelek,Groghe,0.29289321881345254,0.7071067811865475
Benelek,Jaxom,0.24206327104013292,0.7579367289598671
Benelek,Kern,0.0,1.0
Benelek,Lessa,0.7418011102528389,0.2581988897471611
Benelek,Nessel,0.0,1.0
Benelek,Nicat,0.0,1.0
Benelek,Piemur,0.6726731646460113,0.32732683535398865
Benelek,Ramoth,0.33333333333333337,0.6666666666666666
Benelek,Robinton,0.74287026138671,0.25712973861329
Benelek,Ruth,0.047420655584319626,0.9525793444156804
Benelek,Sangel,0.0,1.0
Benelek,Sharra,0.75,0.25
Benelek,T’kul,0.29289321881345254,0.7071067811865475
Berchar,Capiam,0.05131670194948623,0.9486832980505138
Berchar,Dag,0.29289321881345254,0.7071067811865475
Berchar,Fergal,0.0,1.0
Berchar,Holth,0.0,1.0
Berchar,Kadith,0.0,1.0
Berchar,Leri,0.0,1.0
Berchar,L’mal,0.0,1.0
Berchar,Moreta,0.37445675782877563,0.6255432421712244
Berchar,Oncle,0.29289321881345254,0.7071067811865475
Berchar,Orlith,0.5635642195280153,0.4364357804719847
Berchar,Ratoshigan,0.0,1.0
Berchar,Sh’gall,0.29289321881345254,0.7071067811865475
Berchar,S’gor,0.0,1.0
Berchar,Tirone,0.0,1.0
Berd,Brekke,0.1296117202215108,0.8703882797784892
Berd,D’ram,0.29289321881345254,0.7071067811865475
Berd,Fandarel,0.42264973081037416,0.5773502691896258
Berd,F’lar,0.6876524762227878,0.3123475237772122
Berd,F’nor,0.6286093236458963,0.3713906763541037
Berd,Grall,0.0,1.0
Berd,Groghe,0.29289321881345254,0.7071067811865475
Berd,G’narish,0.0,1.0
Berd,Kylara,0.75,0.25
Berd,Lessa,0.7418011102528389,0.2581988897471611
Berd,Mardra,0.5917517095361369,0.40824829046386313
Berd,Meron,0.29289321881345254,0.7071067811865475
Berd,Mnementh,0.42264973081037416,0.5773502691896258
Berd,Nadira,0.0,1.0
Berd,N’ton,0.0,1.0
Berd,Oterel,0.0,1.0
Berd,Prideth,0.1982162742627268,0.8017837257372732
Berd,Ramoth,0.6666666666666667,0.33333333333333326
Berd,Sograny,0.0,1.0
Berd,Terry,0.0,1.0
Berd,T’bor,0.0,1.0
Berd,Wansor,0.29289321881345254,0.7071067811865475
Berd,Wirenth,0.29289321881345254,0.7071067811865475
Brekke,D’ram,0.3845425451033364,0.6154574548966636
Brekke,Fandarel,0.49748109237039384,0.5025189076296062
Brekke,F’lar,0.6737636513037779,0.3262363486962221
Brekke,F’nor,0.4827934529318113,0.5172065470681887
Brekke,Grall,0.1296117202215108,0.8703882797784892
Brekke,Groghe,0.3845425451033364,0.6154574548966636
Brekke,G’narish,0.1296117202215108,0.8703882797784892
Brekke,Kylara,0.6083252740996798,0.39167472590032015
Brekke,Lessa,0.6853733975171536,0.31462660248284635
Brekke,Mardra,0.6446654727406492,0.3553345272593508
Brekke,Mavi,0.6518446880886043,0.3481553119113957
Brekke,Meron,0.2614510541240037,0.7385489458759963
Brekke,Mnementh,0.49748109237039384,0.5025189076296062
Brekke,Nadira,0.1296117202215108,0.8703882797784892
Brekke,N’ton,0.1296117202215108,0.8703882797784892
Brekke,Oterel,0.1296117202215108,0.8703882797784892
Brekke,Prideth,0.11604000012145255,0.8839599998785475
Brekke,Ramoth,0.7098705734071703,0.2901294265928297
Brekke,Sograny,0.1296117202215108,0.8703882797784892
Brekke,Terry,0.1296117202215108,0.8703882797784892
Brekke,T’bor,0.1296117202215108,0.8703882797784892
Brekke,T’reb,0.6518446880886043,0.3481553119113957
Brekke,Wansor,0.3845425451033364,0.6154574548966636
Brekke,Wirenth,0.1383595631446709,0.8616404368553291
Briala,Camo,0.05131670194948623,0.9486832980505138
Briala,Domick,0.0,1.0
Briala,Dunca,0.0,1.0
Briala,Jerint,0.0,1.0
Briala,Menolly,0.07363288682682911,0.9263671131731709
Briala,Oncle,0.29289321881345254,0.7071067811865475
Briala,Petiron,0.49290744716289003,0.50709255283711
Briala,Piemur,0.3453463292920228,0.6546536707079772
Briala,Pona,0.0,1.0
Briala,Sebell,0.7142857142857143,0.2857142857142857
Briala,Shonagar,0.29289321881345254,0.7071067811865475
Briala,Silvina,0.6220355269907728,0.3779644730092272
Briala,Talmor,0.0,1.0
B’lerion,Dag,0.591751709536137,0.408248290463863
B’lerion,Leef,0.42264973081037416,0.5773502691896258
B’lerion,Moreta,0.39807073457115383,0.6019292654288462
B’lerion,Oklina,0.18350341907227397,0.816496580927726
B’lerion,Suriana,0.26213521262737804,0.737864787372622
Camo,Domick,0.05131670194948623,0.9486832980505138
Camo,Dunca,0.05131670194948623,0.9486832980505138
Camo,Jerint,0.05131670194948623,0.9486832980505138
Camo,Menolly,0.12117099186934266,0.8788290081306573
Camo,Oncle,0.3291796067500632,0.6708203932499368
Camo,Petiron,0.4654775161751512,0.5345224838248488
Camo,Piemur,0.3789409965918812,0.6210590034081188
Camo,Pona,0.05131670194948623,0.9486832980505138
Camo,Sebell,0.7289476291284247,0.2710523708715753
Camo,Shonagar,0.3291796067500632,0.6708203932499368
Camo,Silvina,0.641431417199682,0.358568582800318
Camo,Talmor,0.05131670194948623,0.9486832980505138
Canth,Kylara,0.5669872981077806,0.4330127018922194
Canth,Prideth,0.5370899501137242,0.4629100498862758
Canth,T’reb,0.42264973081037416,0.5773502691896258
Canth,Wirenth,0.591751709536137,0.408248290463863
Canth,Zair,0.42264973081037416,0.5773502691896258
Capiam,Dag,0.10557280900008426,0.8944271909999157
Capiam,Fergal,0.05131670194948623,0.9486832980505138
Capiam,Holth,0.05131670194948623,0.9486832980505138
Capiam,Kadith,0.05131670194948623,0.9486832980505138
Capiam,Leef,0.683772233983162,0.316227766016838
Capiam,Leri,0.05131670194948623,0.9486832980505138
Capiam,L’mal,0.05131670194948623,0.9486832980505138
Capiam,Moreta,0.3735885502740023,0.6264114497259977
Capiam,Oncle,0.3291796067500632,0.6708203932499368
Capiam,Orlith,0.5169541084603521,0.48304589153964794
Capiam,Ratoshigan,0.05131670194948623,0.9486832980505138
Capiam,Sh’gall,0.3291796067500632,0.6708203932499368
Capiam,S’gor,0.05131670194948623,0.9486832980505138
Capiam,Tirone,0.05131670194948623,0.9486832980505138
Corman,Golanth,0.6666666666666667,0.33333333333333326
Corman,Jaxom,0.6427051994947518,0.3572948005052482
Corman,Larad,0.5000000000000001,0.4999999999999999
Corman,Mirrim,0.5000000000000001,0.4999999999999999
Corman,Sharra,0.4696699141100894,0.5303300858899106
Dag,Fergal,0.29289321881345254,0.7071067811865475
Dag,Holth,0.29289321881345254,0.7071067811865475
Dag,Kadith,0.29289321881345254,0.7071067811865475
Dag,Leef,0.29289321881345254,0.7071067811865475
Dag,Leri,0.29289321881345254,0.7071067811865475
Dag,L’mal,0.29289321881345254,0.7071067811865475
Dag,Moreta,0.48395315345786005,0.51604684654214
Dag,Oncle,0.5000000000000001,0.4999999999999999
Dag,Orlith,0.5370899501137243,0.4629100498862757
Dag,Ratoshigan,0.29289321881345254,0.7071067811865475
Dag,Sh’gall,0.5000000000000001,0.4999999999999999
Dag,S’gor,0.29289321881345254,0.7071067811865475
Dag,Tirone,0.29289321881345254,0.7071067811865475
Deckter,Mardra,0.18350341907227385,0.8164965809277261
Deckter,Meron,0.6464466094067263,0.35355339059327373
Deckter,Piemur,0.454455274410019,0.545544725589981
Deckter,Sebell,0.2857142857142857,0.7142857142857143
Deckter,Shonagar,0.29289321881345254,0.7071067811865475
Deckter,Silvina,0.2440710539815456,0.7559289460184544
Deckter,T’kul,0.29289321881345254,0.7071067811865475
Domick,Dunca,0.0,1.0
Domick,Jerint,0.0,1.0
Domick,Menolly,0.07363288682682911,0.9263671131731709
Domick,Oncle,0.29289321881345254,0.7071067811865475
Domick,Petiron,0.49290744716289003,0.50709255283711
Domick,Piemur,0.3453463292920228,0.6546536707079772
Domick,Pona,0.0,1.0
Domick,Sebell,0.7142857142857143,0.2857142857142857
Domick,Shonagar,0.29289321881345254,0.7071067811865475
Domick,Silvina,0.6220355269907728,0.3779644730092272
Domick,Talmor,0.0,1.0
Dorse,F’lar,0.3753049524455757,0.6246950475544243
Dorse,Groghe,0.29289321881345254,0.7071067811865475
Dorse,Jaxom,0.24206327104013292,0.7579367289598671
Dorse,Kern,0.0,1.0
Dorse,Lessa,0.7418011102528389,0.2581988897471611
Dorse,Nessel,0.0,1.0
Dorse,Nicat,0.0,1.0
Dorse,Piemur,0.6726731646460113,0.32732683535398865
Dorse,Ramoth,0.33333333333333337,0.6666666666666666
Dorse,Robinton,0.74287026138671,0.25712973861329
Dorse,Ruth,0.047420655584319626,0.9525793444156804
Dorse,Sangel,0.0,1.0
Dorse,Sharra,0.75,0.25
Dorse,T’kul,0.29289321881345254,0.7071067811865475
Dunca,Jerint,0.0,1.0
Dunca,Menolly,0.07363288682682911,0.9263671131731709
Dunca,Oncle,0.29289321881345254,0.7071067811865475
Dunca,Petiron,0.49290744716289003,0.50709255283711
Dunca,Piemur,0.3453463292920228,0.6546536707079772
Dunca,Pona,0.0,1.0
Dunca,Sebell,0.7142857142857143,0.2857142857142857
Dunca,Shonagar,0.29289321881345254,0.7071067811865475
Dunca,Silvina,0.6220355269907728,0.3779644730092272
Dunca,Talmor,0.0,1.0
D’ram,Fandarel,0.591751709536137,0.408248290463863
D’ram,F’nor,0.7373871342805549,0.2626128657194451
D’ram,Grall,0.29289321881345254,0.7071067811865475
D’ram,Groghe,0.5000000000000001,0.4999999999999999
D’ram,G’narish,0.29289321881345254,0.7071067811865475
D’ram,Heth,0.29289321881345254,0.7071067811865475
D’ram,K’van,0.29289321881345254,0.7071067811865475
D’ram,Larad,0.5000000000000001,0.4999999999999999
D’ram,Mardra,0.7113248654051871,0.28867513459481287
D’ram,Meron,0.5000000000000001,0.4999999999999999
D’ram,Mnementh,0.591751709536137,0.408248290463863
D’ram,Nadira,0.29289321881345254,0.7071067811865475
D’ram,N’ton,0.29289321881345254,0.7071067811865475
D’ram,Oterel,0.29289321881345254,0.7071067811865475
D’ram,Prideth,0.43305329048615915,0.5669467095138409
D’ram,Sharra,0.6464466094067263,0.35355339059327373
D’ram,Sograny,0.29289321881345254,0.7071067811865475
D’ram,Terry,0.29289321881345254,0.7071067811865475
D’ram,Toric,0.3649993649990475,0.6350006350009525
D’ram,T’bor,0.29289321881345254,0.7071067811865475
D’ram,Vincet,0.29289321881345254,0.7071067811865475
D’ram,Wansor,0.5000000000000001,0.4999999999999999
D’ram,Wirenth,0.5000000000000001,0.4999999999999999
Fandarel,Fax,0.5370899501137242,0.4629100498862758
Fandarel,F’lar,0.45899821919954054,0.5410017808004595
Fandarel,F’nor,0.356732479097323,0.643267520902677
Fandarel,Gemma,0.42264973081037416,0.5773502691896258
Fandarel,Grall,0.42264973081037416,0.5773502691896258
Fandarel,Groghe,0.591751709536137,0.408248290463863
Fandarel,G’narish,0.42264973081037416,0.5773502691896258
Fandarel,Idarolan,0.42264973081037416,0.5773502691896258
Fandarel,Kylara,0.42264973081037416,0.5773502691896258
Fandarel,Lessa,0.40371520600005595,0.596284793999944
Fandarel,Meron,0.3876275643042054,0.6123724356957946
Fandarel,Mnementh,0.33333333333333315,0.6666666666666669
Fandarel,Monarth,0.42264973081037416,0.5773502691896258
Fandarel,Nadira,0.42264973081037416,0.5773502691896258
Fandarel,N’ton,0.42264973081037416,0.5773502691896258
Fandarel,Oldive,0.591751709536137,0.408248290463863
Fandarel,Oterel,0.42264973081037416,0.5773502691896258
Fandarel,Prideth,0.5370899501137242,0.4629100498862758
Fandarel,Sograny,0.42264973081037416,0.5773502691896258
Fandarel,Terry,0.42264973081037416,0.5773502691896258
Fandarel,T’bor,0.42264973081037416,0.5773502691896258
Fandarel,Wansor,0.591751709536137,0.408248290463863
Fandarel,Wirenth,0.591751709536137,0.408248290463863
Fandarel,Zurg,0.42264973081037416,0.5773502691896258
Fax,F’lar,0.4991296773221906,0.5008703226778094
Fax,F’nor,0.30519166622034877,0.6948083337796512
Fax,Gemma,0.1982162742627268,0.8017837257372732
Fax,Heth,0.7327387580875756,0.2672612419124244
Fax,Kylara,0.39866220569704514,0.6013377943029549
Fax,K’van,0.7327387580875756,0.2672612419124244
Fax,Lessa,0.3789409965918812,0.6210590034081188
Fax,Merelan,0.6220355269907728,0.3779644730092272
Fax,Meron,0.7165266452430796,0.28347335475692037
Fax,Mnementh,0.5370899501137242,0.4629100498862758
Fax,Nemorth,0.4654775161751512,0.5345224838248488
Fax,Petiron,0.5482460485473744,0.45175395145262565
Fax,Robinton,0.5017741037605641,0.4982258962394359
Fax,Stupide,0.6220355269907728,0.3779644730092272
Fax,Vincet,0.7327387580875756,0.2672612419124244
Fax,Zurg,0.1982162742627268,0.8017837257372732
Fergal,Holth,0.0,1.0
Fergal,Kadith,0.0,1.0
Fergal,Leri,0.0,1.0
Fergal,L’mal,0.0,1.0
Fergal,Moreta,0.37445675782877563,0.6255432421712244
Fergal,Oncle,0.29289321881345254,0.7071067811865475
Fergal,Orlith,0.5635642195280153,0.4364357804719847
Fergal,Ratoshigan,0.0,1.0
Fergal,Sh’gall,0.29289321881345254,0.7071067811865475
Fergal,S’gor,0.0,1.0
Fergal,Tirone,0.0,1.0
F’lar,F’nor,0.27498151179282304,0.725018488207177
F’lar,Gemma,0.3753049524455757,0.6246950475544243
F’lar,Grall,0.6876524762227878,0.3123475237772122
F’lar,Groghe,0.33741084355092077,0.6625891564490792
F’lar,G’narish,0.6876524762227878,0.3123475237772122
F’lar,Jaxom,0.3818464421050288,0.6181535578949712
F’lar,Kern,0.3753049524455757,0.6246950475544243
F’lar,Kylara,0.3753049524455757,0.6246950475544243
F’lar,Lessa,0.1531982695272126,0.8468017304727874
F’lar,Meron,0.5030581326631907,0.49694186733680934
F’lar,Mnementh,0.45899821919954054,0.5410017808004595
F’lar,Nadira,0.6876524762227878,0.3123475237772122
F’lar,Nessel,0.3753049524455757,0.6246950475544243
F’lar,Nicat,0.3753049524455757,0.6246950475544243
F’lar,N’ton,0.6876524762227878,0.3123475237772122
F’lar,Oterel,0.6876524762227878,0.3123475237772122
F’lar,Prideth,0.6660864515481271,0.33391354845187293
F’lar,Ramoth,0.4273628730751111,0.5726371269248889
F’lar,Ruth,0.3624232869366617,0.6375767130633383
F’lar,Sangel,0.3753049524455757,0.6246950475544243
F’lar,Sharra,0.6876524762227878,0.3123475237772122
F’lar,Sograny,0.6876524762227878,0.3123475237772122
F’lar,Terry,0.6876524762227878,0.3123475237772122
F’lar,T’bor,0.6876524762227878,0.3123475237772122
F’lar,T’kul,0.5582738957006139,0.4417261042993861
F’lar,Wansor,0.6687054217754604,0.33129457822453956
F’lar,Wirenth,0.6687054217754604,0.33129457822453956
F’lar,Zurg,0.3753049524455757,0.6246950475544243
F’lessan,Golanth,0.03126967713483919,0.9687303228651608
F’lessan,Lessa,0.7028665480153938,0.29713345198460617
F’lessan,Oldive,0.3025141675370844,0.6974858324629156
F’lessan,Sebell,0.5302886076989792,0.46971139230102077
F’lessan,Sharra,0.6301022785629461,0.3698977214370539
F’lessan,Tagetarl,0.013606076167856251,0.9863939238321437
F’lessan,Wansor,0.3025141675370844,0.6974858324629156
F’nor,Gemma,0.25721864729179256,0.7427813527082074
F’nor,Grall,0.6286093236458963,0.3713906763541037
F’nor,Groghe,0.6060807014208324,0.39391929857916763
F’nor,G’narish,0.6286093236458963,0.3713906763541037
F’nor,Jaxom,0.7341477341758681,0.2658522658241319
F’nor,Kylara,0.21079481274752965,0.7892051872524704
F’nor,Lessa,0.18491238747484706,0.8150876125251529
F’nor,Mavi,0.6286093236458963,0.3713906763541037
F’nor,Meron,0.4091210521312486,0.5908789478687514
F’nor,Mirrim,0.7373871342805549,0.2626128657194451
F’nor,Mnementh,0.356732479097323,0.643267520902677
F’nor,Nadira,0.6286093236458963,0.3713906763541037
F’nor,N’ton,0.6286093236458963,0.3713906763541037
F’nor,Oterel,0.6286093236458963,0.3713906763541037
F’nor,Prideth,0.5533374997130813,0.4466625002869187
F’nor,Ramoth,0.6905077697049136,0.30949223029508643
F’nor,Robinton,0.7493240827223479,0.25067591727765215
F’nor,Sograny,0.6286093236458963,0.3713906763541037
F’nor,Stupide,0.6060807014208324,0.39391929857916763
F’nor,Terry,0.6286093236458963,0.3713906763541037
F’nor,T’bor,0.6286093236458963,0.3713906763541037
F’nor,Wansor,0.7373871342805549,0.2626128657194451
F’nor,Wirenth,0.6060807014208324,0.39391929857916763
F’nor,Zurg,0.25721864729179256,0.7427813527082074
Gemma,Kylara,0.25,0.75
Gemma,Lessa,0.2254033307585166,0.7745966692414834
Gemma,Meron,0.6464466094067263,0.35355339059327373
Gemma,Mnementh,0.42264973081037416,0.5773502691896258
Gemma,Zurg,0.0,1.0
Golanth,Lessa,0.6957096902749077,0.3042903097250923
Golanth,Oldive,0.33333333333333337,0.6666666666666666
Golanth,Sebell,0.5285954792089682,0.4714045207910318
Golanth,Sharra,0.5875210443078472,0.41247895569215276
Golanth,Tagetarl,0.05719095841793653,0.9428090415820635
Golanth,Wansor,0.33333333333333337,0.6666666666666666
Grall,Groghe,0.29289321881345254,0.7071067811865475
Grall,G’narish,0.0,1.0
Grall,Kylara,0.75,0.25
Grall,Lessa,0.7418011102528389,0.2581988897471611
Grall,Mardra,0.5917517095361369,0.40824829046386313
Grall,Meron,0.29289321881345254,0.7071067811865475
Grall,Mnementh,0.42264973081037416,0.5773502691896258
Grall,Nadira,0.0,1.0
Grall,N’ton,0.0,1.0
Grall,Oterel,0.0,1.0
Grall,Prideth,0.1982162742627268,0.8017837257372732
Grall,Ramoth,0.6666666666666667,0.33333333333333326
Grall,Sograny,0.0,1.0
Grall,Terry,0.0,1.0
Grall,T’bor,0.0,1.0
Grall,Wansor,0.29289321881345254,0.7071067811865475
Grall,Wirenth,0.29289321881345254,0.7071067811865475
Groghe,G’narish,0.29289321881345254,0.7071067811865475
Groghe,Jaxom,0.344959532407045,0.655040467592955
Groghe,Kern,0.29289321881345254,0.7071067811865475
Groghe,Lessa,0.6348516283298893,0.3651483716701107
Groghe,Mardra,0.7113248654051871,0.28867513459481287
Groghe,Meron,0.5000000000000001,0.4999999999999999
Groghe,Mnementh,0.591751709536137,0.408248290463863
Groghe,Nadira,0.29289321881345254,0.7071067811865475
Groghe,Nessel,0.29289321881345254,0.7071067811865475
Groghe,Nicat,0.29289321881345254,0.7071067811865475
Groghe,N’ton,0.29289321881345254,0.7071067811865475
Groghe,Oterel,0.29289321881345254,0.7071067811865475
Groghe,Prideth,0.43305329048615915,0.5669467095138409
Groghe,Ramoth,0.29289321881345254,0.7071067811865475
Groghe,Ruth,0.3264246859454367,0.6735753140545633
Groghe,Sangel,0.29289321881345254,0.7071067811865475
Groghe,Sograny,0.29289321881345254,0.7071067811865475
Groghe,Terry,0.29289321881345254,0.7071067811865475
Groghe,T’bor,0.29289321881345254,0.7071067811865475
Groghe,T’kul,0.5000000000000001,0.4999999999999999
Groghe,Wansor,0.5000000000000001,0.4999999999999999
Groghe,Wirenth,0.5000000000000001,0.4999999999999999
G’narish,Kylara,0.75,0.25
G’narish,Lessa,0.7418011102528389,0.2581988897471611
G’narish,Mardra,0.5917517095361369,0.40824829046386313
G’narish,Meron,0.29289321881345254,0.7071067811865475
G’narish,Mnementh,0.42264973081037416,0.5773502691896258
G’narish,Nadira,0.0,1.0
G’narish,N’ton,0.0,1.0
G’narish,Oterel,0.0,1.0
G’narish,Prideth,0.1982162742627268,0.8017837257372732
G’narish,Ramoth,0.6666666666666667,0.33333333333333326
G’narish,Sograny,0.0,1.0
G’narish,Terry,0.0,1.0
G’narish,T’bor,0.0,1.0
G’narish,Wansor,0.29289321881345254,0.7071067811865475
G’narish,Wirenth,0.29289321881345254,0.7071067811865475
Heth,K’van,0.0,1.0
Heth,Larad,0.29289321881345254,0.7071067811865475
Heth,Piemur,0.6726731646460113,0.32732683535398865
Heth,Sharra,0.5,0.5
Heth,Toric,0.10197348986612542,0.8980265101338746
Heth,Vincet,0.0,1.0
Holth,Kadith,0.0,1.0
Holth,Leri,0.0,1.0
Holth,L’mal,0.0,1.0
Holth,Moreta,0.37445675782877563,0.6255432421712244
Holth,Oncle,0.29289321881345254,0.7071067811865475
Holth,Orlith,0.5635642195280153,0.4364357804719847
Holth,Ratoshigan,0.0,1.0
Holth,Sh’gall,0.29289321881345254,0.7071067811865475
Holth,S’gor,0.0,1.0
Holth,Tirone,0.0,1.0
Idarolan,Monarth,0.0,1.0
Idarolan,Oldive,0.29289321881345254,0.7071067811865475
Jaxom,Kern,0.24206327104013292,0.7579367289598671
Jaxom,Larad,0.5831560660772104,0.4168439339227896
Jaxom,Lessa,0.6086031561679347,0.3913968438320653
Jaxom,Mirrim,0.6427051994947518,0.3572948005052482
Jaxom,Nessel,0.24206327104013292,0.7579367289598671
Jaxom,Nicat,0.24206327104013292,0.7579367289598671
Jaxom,Piemur,0.6692092921480173,0.3307907078519827
Jaxom,Ramoth,0.2701350017423503,0.7298649982576497
Jaxom,Robinton,0.7184950056625317,0.28150499433746834
Jaxom,Ruth,0.09464135050617006,0.9053586494938299
Jaxom,Sangel,0.24206327104013292,0.7579367289598671
Jaxom,Sharra,0.34733226117344784,0.6526677388265522
Jaxom,T’kul,0.46405779924212776,0.5359422007578722
Jaxom,Zair,0.6631392315733924,0.3368607684266076
Jerint,Menolly,0.07363288682682911,0.9263671131731709
Jerint,Oncle,0.29289321881345254,0.7071067811865475
Jerint,Petiron,0.49290744716289003,0.50709255283711
Jerint,Piemur,0.3453463292920228,0.6546536707079772
Jerint,Pona,0.0,1.0
Jerint,Sebell,0.7142857142857143,0.2857142857142857
Jerint,Shonagar,0.29289321881345254,0.7071067811865475
Jerint,Silvina,0.6220355269907728,0.3779644730092272
Jerint,Talmor,0.0,1.0
Kadith,Leri,0.0,1.0
Kadith,L’mal,0.0,1.0
Kadith,Moreta,0.37445675782877563,0.6255432421712244
Kadith,Oncle,0.29289321881345254,0.7071067811865475
Kadith,Orlith,0.5635642195280153,0.4364357804719847
Kadith,Ratoshigan,0.0,1.0
Kadith,Sh’gall,0.29289321881345254,0.7071067811865475
Kadith,S’gor,0.0,1.0
Kadith,Tirone,0.0,1.0
Kern,Lessa,0.7418011102528389,0.2581988897471611
Kern,Nessel,0.0,1.0
Kern,Nicat,0.0,1.0
Kern,Piemur,0.6726731646460113,0.32732683535398865
Kern,Ramoth,0.33333333333333337,0.6666666666666666
Kern,Robinton,0.74287026138671,0.25712973861329
Kern,Ruth,0.047420655584319626,0.9525793444156804
Kern,Sangel,0.0,1.0
Kern,Sharra,0.75,0.25
Kern,T’kul,0.29289321881345254,0.7071067811865475
Kylara,Lessa,0.3545027756320972,0.6454972243679028
Kylara,Meron,0.29289321881345254,0.7071067811865475
Kylara,Mnementh,0.42264973081037416,0.5773502691896258
Kylara,Nadira,0.75,0.25
Kylara,N’ton,0.75,0.25
Kylara,Oterel,0.75,0.25
Kylara,Prideth,0.4654775161751512,0.5345224838248488
Kylara,Sograny,0.75,0.25
Kylara,Terry,0.75,0.25
Kylara,T’bor,0.75,0.25
Kylara,T’reb,0.5,0.5
Kylara,Wirenth,0.4696699141100894,0.5303300858899106
Kylara,Zair,0.75,0.25
Kylara,Zurg,0.25,0.75
K’lon,Lidora,0.0,1.0
K’lon,Orlith,0.12712843905603044,0.8728715609439696
K’lon,Sh’gall,0.29289321881345254,0.7071067811865475
K’lon,Talpan,0.0,1.0
K’van,Larad,0.29289321881345254,0.7071067811865475
K’van,Piemur,0.6726731646460113,0.32732683535398865
K’van,Sharra,0.5,0.5
K’van,Toric,0.10197348986612542,0.8980265101338746
K’van,Vincet,0.0,1.0
Larad,Mirrim,0.5000000000000001,0.4999999999999999
Larad,Piemur,0.6913933000758161,0.3086066999241839
Larad,Sebell,0.6969542366343369,0.30304576336566313
Larad,Sharra,0.11611652351681567,0.8838834764831843
Larad,Toric,0.3649993649990475,0.6350006350009525
Larad,Vincet,0.29289321881345254,0.7071067811865475
Leri,L’mal,0.0,1.0
Leri,Moreta,0.37445675782877563,0.6255432421712244
Leri,Oncle,0.29289321881345254,0.7071067811865475
Leri,Orlith,0.5635642195280153,0.4364357804719847
Leri,Ratoshigan,0.0,1.0
Leri,Sh’gall,0.29289321881345254,0.7071067811865475
Leri,S’gor,0.0,1.0
Leri,Tirone,0.0,1.0
Lessa,Mavi,0.7418011102528389,0.2581988897471611
Lessa,Meron,0.5435645354123616,0.4564354645876384
Lessa,Mirrim,0.6348516283298893,0.3651483716701107
Lessa,Mnementh,0.40371520600005595,0.596284793999944
Lessa,Nadira,0.7418011102528389,0.2581988897471611
Lessa,Nessel,0.7418011102528389,0.2581988897471611
Lessa,Nicat,0.7418011102528389,0.2581988897471611
Lessa,N’ton,0.7418011102528389,0.2581988897471611
Lessa,Oterel,0.7418011102528389,0.2581988897471611
Lessa,Ramoth,0.6557348136704519,0.34426518632954806
Lessa,Ruth,0.6837722339831621,0.3162277660168379
Lessa,Sangel,0.7418011102528389,0.2581988897471611
Lessa,Sharra,0.6772513878160487,0.32274861218395134
Lessa,Sigomal,0.7418011102528389,0.2581988897471611
Lessa,Sograny,0.7418011102528389,0.2581988897471611
Lessa,Tagetarl,0.7418011102528389,0.2581988897471611
Lessa,Terry,0.7418011102528389,0.2581988897471611
Lessa,T’bor,0.7418011102528389,0.2581988897471611
Lessa,Wansor,0.6348516283298893,0.3651483716701107
Lessa,Warbret,0.7418011102528389,0.2581988897471611
Lessa,Zurg,0.2254033307585166,0.7745966692414834
Lidora,Orlith,0.12712843905603044,0.8728715609439696
Lidora,Sh’gall,0.29289321881345254,0.7071067811865475
Lidora,Talpan,0.0,1.0
L’mal,Moreta,0.37445675782877563,0.6255432421712244
L’mal,Oncle,0.29289321881345254,0.7071067811865475
L’mal,Orlith,0.5635642195280153,0.4364357804719847
L’mal,Ratoshigan,0.0,1.0
L’mal,Sh’gall,0.29289321881345254,0.7071067811865475
L’mal,S’gor,0.0,1.0
L’mal,Tirone,0.0,1.0
Mardra,Meron,0.42264973081037416,0.5773502691896258
Mardra,Nadira,0.5917517095361369,0.40824829046386313
Mardra,N’ton,0.5917517095361369,0.40824829046386313
Mardra,Oterel,0.5917517095361369,0.40824829046386313
Mardra,Piemur,0.4654775161751511,0.5345224838248489
Mardra,Prideth,0.6726731646460113,0.32732683535398865
Mardra,Sebell,0.4167881564801956,0.5832118435198044
Mardra,Shonagar,0.42264973081037416,0.5773502691896258
Mardra,Silvina,0.38278660015163235,0.6172133998483676
Mardra,Sograny,0.5917517095361369,0.40824829046386313
Mardra,Terry,0.5917517095361369,0.40824829046386313
Mardra,Toric,0.7067057699572934,0.2932942300427066
Mardra,T’bor,0.5917517095361369,0.40824829046386313
Mardra,T’kul,0.42264973081037416,0.5773502691896258
Mardra,T’ton,0.5917517095361369,0.40824829046386313
Mardra,Wansor,0.7113248654051871,0.28867513459481287
Mardra,Wirenth,0.7113248654051871,0.28867513459481287
Mavi,Mirrim,0.29289321881345254,0.7071067811865475
Mavi,Stupide,0.29289321881345254,0.7071067811865475
Menolly,Oncle,0.344959532407045,0.655040467592955
Menolly,Petiron,0.5302461357166728,0.4697538642833272
Menolly,Piemur,0.2465322765593725,0.7534677234406275
Menolly,Pona,0.07363288682682911,0.9263671131731709
Menolly,Sebell,0.45861662217152355,0.5413833778284765
Menolly,Shonagar,0.2258612655719623,0.7741387344280377
Menolly,Silvina,0.5225447394405773,0.47745526055942267
Menolly,Talmor,0.07363288682682911,0.9263671131731709
Merelan,Nemorth,0.29289321881345254,0.7071067811865475
Merelan,Petiron,0.2828628343993639,0.7171371656006361
Merelan,Robinton,0.2272727272727273,0.7727272727272727
Merelan,Silvina,0.7327387580875757,0.2672612419124243
Merelan,Stupide,0.5000000000000001,0.4999999999999999
Meron,Mnementh,0.3876275643042054,0.6123724356957946
Meron,Nadira,0.29289321881345254,0.7071067811865475
Meron,N’ton,0.29289321881345254,0.7071067811865475
Meron,Oterel,0.29289321881345254,0.7071067811865475
Meron,Prideth,0.2440710539815455,0.7559289460184545
Meron,Sebell,0.7474618638619474,0.25253813613805265
Meron,Shonagar,0.75,0.25
Meron,Silvina,0.7327387580875757,0.2672612419124243
Meron,Sograny,0.29289321881345254,0.7071067811865475
Meron,Terry,0.29289321881345254,0.7071067811865475
Meron,T’bor,0.29289321881345254,0.7071067811865475
Meron,T’kul,0.75,0.25
Meron,T’reb,0.6464466094067263,0.35355339059327373
Meron,Wansor,0.5000000000000001,0.4999999999999999
Meron,Wirenth,0.2500000000000001,0.7499999999999999
Meron,Zurg,0.6464466094067263,0.35355339059327373
Mirrim,Sharra,0.4696699141100894,0.5303300858899106
Mirrim,Stupide,0.5000000000000001,0.4999999999999999
Mnementh,Nadira,0.42264973081037416,0.5773502691896258
Mnementh,N’ton,0.42264973081037416,0.5773502691896258
Mnementh,Oterel,0.42264973081037416,0.5773502691896258
Mnementh,Prideth,0.5370899501137242,0.4629100498862758
Mnementh,Ramoth,0.6150998205402495,0.3849001794597505
Mnementh,Sograny,0.42264973081037416,0.5773502691896258
Mnementh,Terry,0.42264973081037416,0.5773502691896258
Mnementh,T’bor,0.42264973081037416,0.5773502691896258
Mnementh,Wansor,0.591751709536137,0.408248290463863
Mnementh,Wirenth,0.591751709536137,0.408248290463863
Mnementh,Zurg,0.42264973081037416,0.5773502691896258
Monarth,Oldive,0.29289321881345254,0.7071067811865475
Moreta,Oklina,0.33651119730296297,0.663488802697037
Moreta,Oncle,0.5576741315353086,0.44232586846469135
Moreta,Orlith,0.6132366080857035,0.38676339191429654
Moreta,Ratoshigan,0.37445675782877563,0.6255432421712244
Moreta,Sh’gall,0.48395315345786005,0.51604684654214
Moreta,Suriana,0.14343963891975886,0.8565603610802411
Moreta,S’gor,0.37445675782877563,0.6255432421712244
Moreta,Tirone,0.37445675782877563,0.6255432421712244
Nadira,N’ton,0.0,1.0
Nadira,Oterel,0.0,1.0
Nadira,Prideth,0.1982162742627268,0.8017837257372732
Nadira,Ramoth,0.6666666666666667,0.33333333333333326
Nadira,Sograny,0.0,1.0
Nadira,Terry,0.0,1.0
Nadira,T’bor,0.0,1.0
Nadira,Wansor,0.29289321881345254,0.7071067811865475
Nadira,Wirenth,0.29289321881345254,0.7071067811865475
Nemorth,Petiron,0.15484574527148343,0.8451542547285166
Nemorth,Robinton,0.10004591485348491,0.8999540851465151
Nemorth,Silvina,0.6220355269907728,0.3779644730092272
Nemorth,Stupide,0.29289321881345254,0.7071067811865475
Nessel,Nicat,0.0,1.0
Nessel,Piemur,0.6726731646460113,0.32732683535398865
Nessel,Ramoth,0.33333333333333337,0.6666666666666666
Nessel,Robinton,0.74287026138671,0.25712973861329
Nessel,Ruth,0.047420655584319626,0.9525793444156804
Nessel,Sangel,0.0,1.0
Nessel,Sharra,0.75,0.25
Nessel,T’kul,0.29289321881345254,0.7071067811865475
Nicat,Piemur,0.6726731646460113,0.32732683535398865
Nicat,Ramoth,0.33333333333333337,0.6666666666666666
Nicat,Robinton,0.74287026138671,0.25712973861329
Nicat,Ruth,0.047420655584319626,0.9525793444156804
Nicat,Sangel,0.0,1.0
Nicat,Sharra,0.75,0.25
Nicat,T’kul,0.29289321881345254,0.7071067811865475
N’ton,Oterel,0.0,1.0
N’ton,Prideth,0.1982162742627268,0.8017837257372732
N’ton,Ramoth,0.6666666666666667,0.33333333333333326
N’ton,Sograny,0.0,1.0
N’ton,Terry,0.0,1.0
N’ton,T’bor,0.0,1.0
N’ton,Wansor,0.29289321881345254,0.7071067811865475
N’ton,Wirenth,0.29289321881345254,0.7071067811865475
Oklina,Suriana,0.0963038858849361,0.9036961141150639
Oldive,Sebell,0.5959389821791157,0.4040610178208843
Oldive,Tagetarl,0.29289321881345254,0.7071067811865475
Oldive,Wansor,0.5000000000000001,0.4999999999999999
Oncle,Orlith,0.6913933000758161,0.3086066999241839
Oncle,Petiron,0.641431417199682,0.358568582800318
Oncle,Piemur,0.5370899501137243,0.4629100498862757
Oncle,Pona,0.29289321881345254,0.7071067811865475
Oncle,Ratoshigan,0.29289321881345254,0.7071067811865475
Oncle,Shonagar,0.5000000000000001,0.4999999999999999
Oncle,Sh’gall,0.5000000000000001,0.4999999999999999
Oncle,Silvina,0.7327387580875757,0.2672612419124243
Oncle,S’gor,0.29289321881345254,0.7071067811865475
Oncle,Talmor,0.29289321881345254,0.7071067811865475
Oncle,Tirone,0.29289321881345254,0.7071067811865475
Orlith,Ratoshigan,0.5635642195280153,0.4364357804719847
Orlith,Sh’gall,0.07417990022744858,0.9258200997725514
Orlith,S’gor,0.5635642195280153,0.4364357804719847
Orlith,Talpan,0.12712843905603044,0.8728715609439696
Orlith,Tirone,0.5635642195280153,0.4364357804719847
Oterel,Prideth,0.1982162742627268,0.8017837257372732
Oterel,Ramoth,0.6666666666666667,0.33333333333333326
Oterel,Sograny,0.0,1.0
Oterel,Terry,0.0,1.0
Oterel,T’bor,0.0,1.0
Oterel,Wansor,0.29289321881345254,0.7071067811865475
Oterel,Wirenth,0.29289321881345254,0.7071067811865475
Petiron,Piemur,0.668029998896507,0.33197000110349295
Petiron,Pona,0.49290744716289003,0.50709255283711
Petiron,Robinton,0.20680283198717508,0.7931971680128249
Petiron,Shonagar,0.641431417199682,0.358568582800318
Petiron,Silvina,0.48889874800004807,0.5111012519999519
Petiron,Stupide,0.4023856953328032,0.5976143046671968
Petiron,Talmor,0.49290744716289003,0.50709255283711
Piemur,Pona,0.3453463292920228,0.6546536707079772
Piemur,Ramoth,0.7454124613913422,0.2545875386086578
Piemur,Ruth,0.6584995242230133,0.3415004757769867
Piemur,Sangel,0.6726731646460113,0.32732683535398865
Piemur,Sebell,0.3453463292920228,0.6546536707079772
Piemur,Sharra,0.6726731646460113,0.32732683535398865
Piemur,Shonagar,0.1513315752084945,0.8486684247915055
Piemur,Silvina,0.340171120926142,0.659828879073858
Piemur,Talmor,0.3453463292920228,0.6546536707079772
Piemur,Toric,0.5296829189982276,0.4703170810017724
Piemur,T’kul,0.38278660015163235,0.6172133998483676
Piemur,Vincet,0.6726731646460113,0.32732683535398865
Pol,Sallah,0.0,1.0
Pona,Sebell,0.7142857142857143,0.2857142857142857
Pona,Shonagar,0.29289321881345254,0.7071067811865475
Pona,Silvina,0.6220355269907728,0.3779644730092272
Pona,Talmor,0.0,1.0
Prideth,Ramoth,0.7327387580875756,0.2672612419124244
Prideth,Sograny,0.1982162742627268,0.8017837257372732
Prideth,Terry,0.1982162742627268,0.8017837257372732
Prideth,T’bor,0.1982162742627268,0.8017837257372732
Prideth,T’reb,0.4654775161751512,0.5345224838248488
Prideth,Wansor,0.43305329048615915,0.5669467095138409
Prideth,Wirenth,0.05508881747693195,0.944911182523068
Prideth,Zair,0.7327387580875756,0.2672612419124244
Ramoth,Robinton,0.74287026138671,0.25712973861329
Ramoth,Ruth,0.27422526139757686,0.7257747386024231
Ramoth,Sangel,0.33333333333333337,0.6666666666666666
Ramoth,Sharra,0.5833333333333334,0.41666666666666663
Ramoth,Sograny,0.6666666666666667,0.33333333333333326
Ramoth,Terry,0.6666666666666667,0.33333333333333326
Ramoth,T’bor,0.6666666666666667,0.33333333333333326
Ramoth,T’kul,0.5285954792089684,0.47140452079103157
Ratoshigan,Sh’gall,0.29289321881345254,0.7071067811865475
Ratoshigan,S’gor,0.0,1.0
Ratoshigan,Tirone,0.0,1.0
Robinton,Ruth,0.7200725967565451,0.2799274032434549
Robinton,Sangel,0.74287026138671,0.25712973861329
Robinton,Silvina,0.5626634223251237,0.4373365776748763
Robinton,Stupide,0.36363636363636365,0.6363636363636364
Robinton,T’kul,0.7272727272727273,0.2727272727272727
Ruth,Sangel,0.047420655584319626,0.9525793444156804
Ruth,Sharra,0.5577310186641484,0.4422689813358516
Ruth,T’kul,0.3264246859454367,0.6735753140545633
Sangel,Sharra,0.75,0.25
Sangel,T’kul,0.29289321881345254,0.7071067811865475
Sebell,Sharra,0.6071428571428572,0.3928571428571428
Sebell,Shonagar,0.29289321881345254,0.7071067811865475
Sebell,Silvina,0.3520609034127534,0.6479390965872466
Sebell,Tagetarl,0.5714285714285714,0.4285714285714286
Sebell,Talmor,0.7142857142857143,0.2857142857142857
Sebell,Toric,0.7434209971046073,0.2565790028953927
Sebell,T’kul,0.4949237277238947,0.5050762722761053
Sebell,Wansor,0.6969542366343369,0.30304576336566313
Sharra,Tagetarl,0.75,0.25
Sharra,Toric,0.5509867449330628,0.44901325506693723
Sharra,Vincet,0.5,0.5
Shonagar,Silvina,0.19821627426272703,0.801783725737273
Shonagar,Talmor,0.29289321881345254,0.7071067811865475
Shonagar,T’kul,0.5000000000000001,0.4999999999999999
Sh’gall,S’gor,0.29289321881345254,0.7071067811865475
Sh’gall,Talpan,0.29289321881345254,0.7071067811865475
Sh’gall,Tirone,0.29289321881345254,0.7071067811865475
Sigomal,Warbret,0.0,1.0
Silvina,Stupide,0.7327387580875757,0.2672612419124243
Silvina,Talmor,0.6220355269907728,0.3779644730092272
Silvina,T’kul,0.4654775161751513,0.5345224838248487
Sograny,Terry,0.0,1.0
Sograny,T’bor,0.0,1.0
Sograny,Wansor,0.29289321881345254,0.7071067811865475
Sograny,Wirenth,0.29289321881345254,0.7071067811865475
S’gor,Tirone,0.0,1.0
Tagetarl,Wansor,0.29289321881345254,0.7071067811865475
Terry,T’bor,0.0,1.0
Terry,Wansor,0.29289321881345254,0.7071067811865475
Terry,Wirenth,0.29289321881345254,0.7071067811865475
Toric,T’ton,0.6407893959464501,0.3592106040535499
Toric,Vincet,0.10197348986612542,0.8980265101338746
T’bor,Wansor,0.29289321881345254,0.7071067811865475
T’bor,Wirenth,0.29289321881345254,0.7071067811865475
T’reb,Wirenth,0.29289321881345254,0.7071067811865475
Wansor,Wirenth,0.5000000000000001,0.4999999999999999
