Noms humains,Second nom,Troisième nom,Quatrième nom,ID unique,aliases
Adessa,,,,6,Adessa
Armald,,,,33,Armald
B’ner,,,,49,B’ner
Barly,,,,67,Barly
Berchar,Berch,,,88,Berchar Berch | Berchar | Berch
Betrice,,,,96,Betrice
Brare,,,,119,Brare
C’gan,,,,143,C’gan
Caesar,Galliani,,,151,Caesar Galliani | Galliani | Caesar
Carola,,,,162,Carola
Catherine,Radelin,Doyle,,164,Catherine Radelin Doyle | Catherine Radelin | Catherine Doyle | Radelin Doyle | Catherine | Radelin | Doyle
Ch’mon,,,,167,Ch’mon
Dowell,,,,246,Dowell
Esselin,,,,269,Esselin
F’lon,Falloner,,,279,F’lon Falloner | Falloner | F’lon
Fanna,,,,291,Fanna
Farevene,,,,293,Farevene
Faroguy,,,,296,Faroguy
Fax,,,,298,Fax
G’lanar,,,,335,G’lanar
Gemma,,,,364,Gemma
Gennell,,,,366,Gennell
Gledia,,,,373,Gledia
Grogellan,,,,386,Grogellan
Jim,Tillek,James,,451,Jim Tillek James | Tillek James | Jim Tillek | Jim James | Tillek | James | Jim
Jora,,,,461,Jora
K’dall,,,,467,K’dall
Kale,,,,477,Kale
Kasia,,,,487,Kasia
Kenjo,Fusaiyuki,,,492,Kenjo Fusaiyuki | Fusaiyuki | Kenjo
Kista,,,,501,Kista
L’mal,,,,516,L’mal
Larna,Lama,,,533,Larna Lama | Larna | Lama
Lucy,Tubberman,,,569,Lucy Tubberman | Tubberman | Lucy
M’odon,,,,577,M’odon
Maidir,,,,590,Maidir
Marco,Galliani,,,604,Marco Galliani | Galliani | Marco
Matsen,,,,614,Matsen
Mercia,,,,625,Mercia
Merelan,,,,627,Merelan
Merin,,,,629,Merin
Meron,,,,630,Meron
Milla,,,,637,Milla
Moreta,Moretta,,,643,Moreta Moretta | Moretta | Moreta
Norman,,,,686,Norman
Pendra,,,,723,Pendra
Petiron,,,,734,Petiron
Robinton,Rob,Robie,,779,Robinton Rob Robie | Robinton Robie | Robinton Rob | Rob Robie | Robinton | Robie | Rob
Runel,,,,787,Runel
S’loner,,,,797,S’loner
Sallah,,,,807,Sallah
Silma,,,,853,Silma
Stev,Kimmer,,,873,Stev Kimmer | Kimmer | Stev
Suriana,,,,881,Suriana
T’kul,T’kull,,,893,T’kul T’kull | T’kull | T’kul
T’ron,,,,904,T’ron
Talpan,,,,913,Talpan
Tarathel,,,,915,Tarathel
Ted ,Tubberman,Tubbermann,,922,Ted Tubberman Tubbermann | Tubberman Tubbermann | Ted Tubbermann | Ted Tubberman | Tubbermann | Tubberman | Ted
Thella,,,,933,Thella
Trume,,,,969,Trume
Varena,Vanira,Nanira,,990,Varena Vanira Nanira | Vanira Nanira | Varena Nanira | Varena Vanira | Nanira | Vanira | Varena
Varney,,,,991,Varney
A. C.,Sopers,,,1,A. C. Sopers | Sopers | A. C.
A’dan,,,,2,A’dan
A’murry,,,,3,A’murry
Abula,,,,4,Abula
Abuna,,,,5,Abuna
Adrea,Beljeth,,,7,Adrea Beljeth | Beljeth | Adrea
Afnor,,,,8,Afnor
Aida,,,,9,Aida
Aisling,Hempenstahl,,,10,Aisling Hempenstahl | Hempenstahl | Aisling
Albuna,,,,11,Albuna
Alda,,,,12,Alda
Aleki,,,,13,Aleki
Alemi,,,,15,Alemi
Alemi,Onclemi,Lemi,,14,Alemi Onclemi Lemi | Alemi Onclemi | Onclemi Lemi | Alemi Lemi | Onclemi | Alemi | Lemi
Alessan,,,,16,Alessan
Alianne,Zulueta,,,17,Alianne Zulueta | Alianne | Zulueta
Aliena,Zuleita,,,18,Aliena Zuleita | Zuleita | Aliena
Almie,,,,19,Almie
Amilla,,,,20,Amilla
Ampris,,,,21,Ampris
Anama,,,,22,Anama
Anchoran,,,,23,Anchoran
Andemon,,,,24,Andemon
Ander,,,,25,Ander
Andremon,,,,26,Andremon
Anella,,,,27,Anella
Anguille,,,,28,Anguille
Anskono,,,,29,Anskono
Anta,,,,30,Anta
Aramina,Mina,Ara,,31,Aramina Mina Ara | Aramina Mina | Aramina Ara | Mina Ara | Aramina | Mina | Ara
Aranya,,,,32,Aranya
Arminet,,,,34,Arminet
Armor,,,,35,Armor
Arnor,,,,36,Arnor
Arthied,Desi,,,37,Arthied Desi | Arthied | Desi
Asgenar,,,,38,Asgenar
Ashmichel,,,,39,Ashmichel
Athpathis,,,,40,Athpathis
Audiva,,,,41,Audiva
Avril,Bitra,,,42,Avril Bitra | Avril | Bitra
Azury,,,,43,Azury
B’dor,,,,44,B’dor
B’fol,,,,45,B’fol
B’greal,,,,46,B’greal
B’lerion,,,,47,B’lerion
B’naj,,,,48,B’naj
B’nurrin,,,,50,B’nurrin
B’rant,,,,51,B’rant
B’refli,,,,52,B’refli
B’zon,,,,53,B’zon
Bahka,,,,54,Bahka
Baid,,,,55,Baid
Baldor,,,,56,Baldor
Balfor,,,,57,Balfor
Ballora,,,,58,Ballora
Banak,,,,59,Banak
Bandarek,,,,60,Bandarek
Banger,,,,61,Banger
Bantur,,,,62,Bantur
Barba,,,,63,Barba
Bardie,,,,64,Bardie
Bargen,,,,65,Bargen
Barla,,,,66,Barla
Barndy,,,,68,Barndy
Barr,Hamil,,,69,Barr Hamil | Hamil | Barr
Bart,Lemos,,,70,Bart Lemos | Lemos | Bart
Basil,,,,71,Basil
Bastom,,,,72,Bastom
Batim,,,,73,Batim
Batunon,,,,74,Batunon
Bay,Harkenon,,,75,Bay Harkenon | Harkenon | Bay
Becky,Nielsen,,,76,Becky Nielsen | Nielsen | Becky
Bedda,,,,77,Bedda
Bedella,,,,78,Bedella
Begamon,,,,79,Begamon
Belesdan,Belesden,,,80,Belesdan Belesden | Belesdan | Belesden
Belterac,,,,81,Belterac
Ben,,,,82,Ben
Bendarek,,,,83,Bendarek
Benelek,,,,84,Benelek
Benini,,,,85,Benini
Benis,,,,86,Benis
Benoria,,,,87,Benoria
Berdine,,,,89,Berdine
Besel,,,,90,Besel
Besic,,,,91,Besic
Bessel,,,,92,Bessel
Bessera,,,,93,Bessera
Bestrum,,,,94,Bestrum
Bethany,,,,95,Bethany
Betsy,,,,97,Betsy
Betty,Musgrave,Blake,,98,Betty Musgrave Blake | Betty Musgrave | Musgrave Blake | Betty Blake | Musgrave | Betty | Blake
Bill,Duff,,,99,Bill Duff | Bill | Duff
Binness,,,,100,Binness
Birsan,,,,101,Birsan
Birto,,,,102,Birto
Blesserel,,,,103,Blesserel
Bloors,,,,104,Bloors
Bob,Jorgensen,,,106,Bob Jorgensen | Jorgensen | Bob
Bob,Jepson,,,105,Bob Jepson | Jepson | Bob
Bonna,,,,107,Bonna
Bonz,,,,108,Bonz
Boranda,,,,109,Boranda
Borel,,,,110,Borel
Borgald,Amhold,,,111,Borgald Amhold | Borgald | Amhold
Boris,Pahlevi,,,112,Boris Pahlevi | Pahlevi | Boris
Boskoney,,,,113,Boskoney
Bosler,,,,114,Bosler
Bourdon,,,,115,Bourdon
Brace,,,,116,Brace
Brahil,,,,117,Brahil
Brand,,,,118,Brand
Brashia,,,,120,Brashia
Bravonner,,,,121,Bravonner
Breda,,,,122,Breda
Breide,,,,123,Breide
Brekke,Brekker,,,124,Brekke Brekker | Brekker | Brekke
Brenton,,,,125,Brenton
Brestolli,,,,126,Brestolli
Brever,,,,127,Brever
Briala,,,,128,Briala
Brian,,,,129,Brian
Briaret,,,,130,Briaret
Bridgely,,,,131,Bridgely
Brinaret,,,,132,Brinaret
Brindel,,,,133,Brindel
Brinna,,,,134,Brinna
Briskin,,,,135,Briskin
Bristol,,,,136,Bristol
Brodo,,,,137,Brodo
Brolly,,,,138,Brolly
Brookie,,,,139,Brookie
Brosil,,,,140,Brosil
Brudegan,Bruddie,,,141,Brudegan Bruddie | Brudegan | Bruddie
Burdion,,,,142,Burdion
C’reel ,,,,144,C’reel
C’rob,,,,145,C’rob
C’tarel,,,,146,C’tarel
C’ver,,,,147,C’ver
C’vert,,,,148,C’vert
C’vrel,,,,149,C’vrel
Cabot,Francis,Carter,,150,Cabot Francis Carter | Francis Carter | Cabot Francis | Cabot Carter | Francis | Carter | Cabot
Calewis,,,,152,Calewis
Camo,,,,154,Camo
Camo,,,,153,Camo
Campen,,,,155,Campen
Campila,,,,156,Campila
Candler ,,,,157,Candler
Canell,,,,158,Canell
Capiam,,,,159,Capiam
Cara,,,,160,Cara
Carol,Duff,Vassaloe,,161,Carol Duff Vassaloe | Carol Vassaloe | Duff Vassaloe | Carol Duff | Vassaloe | Carol | Duff
Caselon,,,,163,Caselon
Cathy,,,,165,Cathy
Celina,,,,166,Celina
Chad,,,,168,Chad
Chaila,Zavior,Kimmage,,169,Chaila Zavior Kimmage | Chaila Kimmage | Zavior Kimmage | Chaila Zavior | Kimmage | Chaila | Zavior
Chaldon,,,,170,Chaldon
Chalkin,,,,171,Chalkin
Chenoa,,,,172,Chenoa
Cherry,Duff,,,173,Cherry Duff | Cherry | Duff
Chesmic,,,,174,Chesmic
Chichis-Fusi,,,,175,Chichis-Fusi
Childon,,,,176,Childon
Chio-Chio,,,,177,Chio-Chio
Chochol,,,,178,Chochol
Chomas,,,,179,Chomas
Chris,MacArdle,Cooney,,180,Chris MacArdle Cooney | MacArdle Cooney | Chris MacArdle | Chris Cooney | MacArdle | Cooney | Chris
Christee,,,,181,Christee
Chuck,Havers,,,183,Chuck Havers | Havers | Chuck
Chuck,Kimmage,,,182,Chuck Kimmage | Kimmage | Chuck
Chung,,,,184,Chung
Ciparis,,,,185,Ciparis
Clagesh,,,,186,Clagesh
Clargesh,,,,187,Clargesh
Clell,,,,188,Clell
Clim,,,,189,Clim
Clisser,Cliss,,,190,Clisser Cliss | Clisser | Cliss
Clostan,,,,191,Clostan
Cobber,Alhinwa,,,192,Cobber Alhinwa | Alhinwa | Cobber
Cogneur,,,,193,Cogneur
Colmin,,,,194,Colmin
Conwy,,,,195,Conwy
Corana,,,,196,Corana
Cording,,,,197,Cording
Corman,,,,198,Corman
Cosira,,,,199,Cosira
Cr’not,,,,200,Cr’not
Creline,,,,201,Creline
Crenden,Cren,,,202,Crenden Cren | Crenden | Cren
Crivelan,Crivellan-aux-doigts-agiles,,,203,Crivelan Crivellan-aux-doigts-agiles | Crivellan-aux-doigts-agiles | Crivelan
Curella,,,,204,Curella
Curmir,,,,205,Curmir
Curran,,,,206,Curran
D’clan,,,,207,D’clan
D’fio,,,,208,D’fio
D’miel,,,,209,D’miel
D’namal,,,,210,D’namal
D’nek,,,,211,D’nek
D’nol,,,,212,D’nol
D’ram,,,,213,D’ram
D’say,,,,214,D’say
D’wer,,,,215,D’wer
Dag,,,,216,Dag
Dalma,,,,217,Dalma
Dalova,,,,218,Dalova
Danegga,,,,219,Danegga
Dangel,,,,220,Dangel
Danja,,,,221,Danja
Dannell,,,,222,Dannell
David,Catarel,Dave,,223,David Catarel Dave | David Catarel | Catarel Dave | David Dave | Catarel | David | Dave
Debera,Deb,,,224,Debera Deb | Debera | Deb
Decker,,,,225,Decker
Deckter,,,,226,Deckter
Declan,,,,227,Declan
Deece,,,,228,Deece
Deefer,,,,229,Deefer
Deegan,,,,230,Deegan
Deelan,,,,231,Deelan
Delart,,,,232,Delart
Denol,,,,233,Denol
Dermently,,,,234,Dermently
Desdra,,,,235,Desdra
Desi,Arthied,,,236,Desi Arthied | Arthied | Desi
Diatis,,,,237,Diatis
Dieter,Clissmann,,,238,Dieter Clissmann | Clissmann | Dieter
Diona,,,,239,Diona
Dirzan,,,,240,Dirzan
Domaize,,,,241,Domaize
Domick,,,,242,Domick
Dorai,,,,243,Dorai
Doral,,,,244,Doral
Dorse,,,,245,Dorse
Drake,Bonneau,,,247,Drake Bonneau | Bonneau | Drake
Dresda,,,,248,Dresda
Dugall,,,,249,Dugall
Dulsay,,,,250,Dulsay
Dunca,,,,251,Dunca
Dunegrine,,,,252,Dunegrine
Durak,,,,253,Durak
Durras,,,,254,Durras
Dushik,,,,255,Dushik
Eddik,,,,256,Eddik
Effram,,,,257,Effram
Egara,,,,258,Egara
Elgion,,,,259,Elgion
Elimona,,,,260,Elimona
Emilin,,,,261,Emilin
Emily,Boll,Em,,262,Emily Boll Em | Emily Boll | Emily Em | Boll Em | Emily | Boll | Em
Empie,,,,263,Empie
Emsor,,,,264,Emsor
Eric,Hegelman,,,265,Eric Hegelman | Hegelman | Eric
Erkin,,,,266,Erkin
Erragon,,,,267,Erragon
Esrella,,,,268,Esrella
Evan,,,,270,Evan
Evarel,,,,271,Evarel
Evelene,,,,272,Evelene
Evenek,,,,273,Evenek
Ezra,Keroon,,,274,Ezra Keroon | Keroon | Ezra
F’duril,,,,275,F’duril
F’gal,,,,276,F’gal
F’lar,Falla,Fallarnon,,277,F’lar Falla Fallarnon | Falla Fallarnon | F’lar Fallarnon | F’lar Falla | Fallarnon | Falla | F’lar
F’lessan,,,,278,F’lessan
F’neldril,,,,280,F’neldril
F’nor,F’lor,,,281,F’nor F’lor | F’lor | F’nor
F’rad,,,,282,F’rad
F’tol,,,,283,F’tol
Fabry,,,,284,Fabry
Facenden,,,,285,Facenden
Falawny,,,,286,Falawny
Falga,,,,287,Falga
Famanoran,,,,288,Famanoran
Famira,,,,289,Famira
Fandarel,,,,290,Fandarel
Farelly,,,,292,Farelly
Farley,,,,294,Farley
Farnol,,,,295,Farnol
Faselly,,,,297,Faselly
Federen,,,,299,Federen
Feldon,,,,300,Feldon
Felena,,,,301,Felena
Felessan,Fesselan,,,302,Felessan Fesselan | Felessan | Fesselan
Felicia,,,,303,Felicia
Felim,,,,304,Felim
Fender,,,,305,Fender
Fenela,,,,306,Fenela
Ferfar,,,,307,Ferfar
Fergal,,,,308,Fergal
Ferina,,,,309,Ferina
Fesnal,,,,310,Fesnal
Fidello,,,,311,Fidello
Filatric,,,,312,Filatric
Finder,,,,313,Finder
Fira,,,,314,Fira
Fitatric,,,,315,Fitatric
Fleur,du Vent,,,316,Fleur du Vent | du Vent | Fleur
Florist,,,,317,Florist
Follen,,,,318,Follen
Fondarel,,,,319,Fondarel
Forris,,,,320,Forris
Fortine,,,,321,Fortine
Fosdak,,,,322,Fosdak
Franco,,,,323,Franco
Fransman,,,,324,Fransman
Frenkal,,,,325,Frenkal
Fromelin,,,,326,Fromelin
Fulmar,Stone,,,327,Fulmar Stone | Fulmar | Stone
Furet,,,,328,Furet
Furlo,,,,329,Furlo
G’bear,,,,330,G’bear
G’bol,,,,331,G’bol
G’dened,G’neded,,,332,G’dened G’neded | G’dened | G’neded
G’don,,,,333,G’don
G’drel,,,,334,G’drel
G’nag,,,,336,G’nag
G’narish,,,,337,G’narish
G’ranad,,,,338,G’ranad
G’rannat,,,,339,G’rannat
G’ron,Giron,,,340,G’ron Giron | Giron | G’ron
G’sel,,,,341,G’sel
Gabin,,,,342,Gabin
Gabred,,,,343,Gabred
Gaby,,,,344,Gaby
Gallardy,,,,345,Gallardy
Gallen,,,,346,Gallen
Gallian,Galli,,,347,Gallian Galli | Gallian | Galli
Galnich,Galnish,,,348,Galnich Galnish | Galnich | Galnish
Galter,,,,349,Galter
Gana,,,,350,Gana
Gandidan,Gandiran,,,351,Gandidan Gandiran | Gandidan | Gandiran
Ganmar,,,,352,Ganmar
Garben,,,,353,Garben
Gardillon,,,,354,Gardillon
Gardner,,,,355,Gardner
Gardrow,,,,356,Gardrow
Garm,,,,357,Garm
Garrel,,,,359,Garrel
Garrel,,,,358,Garrel
Gayton,,,,360,Gayton
Gedenase,,,,361,Gedenase
Geger,,,,362,Geger
Gellim,,,,363,Gellim
Genjon,,,,365,Genjon
Germathen,,,,367,Germathen
Gifflen,,,,368,Gifflen
Ginia,,,,369,Ginia
Gisa,,,,370,Gisa
Glammie,,,,371,Glammie
Glay,,,,372,Glay
Gomalsi,,,,374,Gomalsi
Gorazde,,,,375,Gorazde
Gorby,,,,376,Gorby
Gorta,,,,377,Gorta
Gostol,,,,378,Gostol
Gram,,,,379,Gram
Grasella,,,,380,Grasella
Greg,Keating,,,381,Greg Keating | Keating | Greg
Greta,,,,382,Greta
Grevil,,,,383,Grevil
Grisella,,,,384,Grisella
Grodon,,,,385,Grodon
Groghe,,,,387,Groghe
Gyorgy,,,,388,Gyorgy
H’ages,,,,389,H’ages
H’grave,,,,390,H’grave
H’mar,,,,391,H’mar
H’nalt,,,,392,H’nalt
H’nor,,,,393,H’nor
H’redan,,,,394,H’redan
Halanna,,,,395,Halanna
Halefor,,,,396,Halefor
Halibran,,,,397,Halibran
Haligon,,,,398,Haligon
Hally,,,,399,Hally
Hamian,,,,400,Hamian
Haura,,,,401,Haura
Hayara,,,,402,Hayara
Hayon,,,,403,Hayon
Hedelman,,,,404,Hedelman
Hegmon,,,,405,Hegmon
Heinrich,,,,406,Heinrich
Helly,,,,407,Helly
Hillegel,,,,408,Hillegel
Hittet,,,,409,Hittet
Hobson,,,,410,Hobson
Holht,,,,411,Holht
Horon,,,,412,Horon
Hosbon,,,,413,Hosbon
Iantine,Ian,,,414,Iantine Ian | Iantine | Ian
Idarolan,Iddie,,,415,Idarolan Iddie | Idarolan | Iddie
Idoralan,,,,416,Idoralan
Ifor,,,,417,Ifor
Irene,,,,418,Irene
Irtine,,,,419,Irtine
Isla,,,,420,Isla
Issony,,,,421,Issony
Ita,,,,422,Ita
Ivan,le Terrible,,,423,Ivan le Terrible | le Terrible | Ivan
J’dar,,,,424,J’dar
J’fery,,,,425,J’fery
J’lono,,,,426,J’lono
J’ralt,Jeralte,,,427,J’ralt Jeralte | Jeralte | J’ralt
Jacob,Chernoff,,,428,Jacob Chernoff | Chernoff | Jacob
Jake,Chernoff,,,429,Jake Chernoff | Chernoff | Jake
Jallora,,,,430,Jallora
Jamson,,,,431,Jamson
Janara,,,,432,Janara
Jancis,,,,433,Jancis
Jane,,,,434,Jane
Janissian,,,,435,Janissian
Jarrol,,,,436,Jarrol
Jaxom,Jax,,,438,Jaxom Jax | Jaxom | Jax
Jayge,Lilcamp,,,439,Jayge Lilcamp | Lilcamp | Jayge
Jemmy,,,,440,Jemmy
Jenfa,,,,441,Jenfa
Jepson,,,,442,Jepson
Jerin,,,,443,Jerin
Jerint,,,,444,Jerint
Jerrint,,,,445,Jerrint
Jerry,Mercer,,,446,Jerry Mercer | Mercer | Jerry
Jesken,,,,447,Jesken
Jess,,,,448,Jess
Jessuan,,,,449,Jessuan
Jez,,,,450,Jez
Jiro,Akamoto,,,452,Jiro Akamoto | Akamoto | Jiro
Jissamy,,,,453,Jissamy
Jivan,,,,454,Jivan
Joanson,,,,455,Joanson
Joe,Millan,,,456,Joe Millan | Millan | Joe
Joël,Lilienkamp,Joel,Lili,457,Joël Lilienkamp Joel | Joël Lilienkamp | Lilienkamp Joel | Lilienkamp | Joël Joel | Joel | Joël
Johnny ,Greene,,,458,Johnny Greene | Greene | Johnny
Jol,,,,459,Jol
Jonno,,,,460,Jonno
Josetta,,,,462,Josetta
Ju,Adjai,Adjar,,463,Ju Adjai Adjar | Adjai Adjar | Ju Adjai | Ju Adjar | Adjai | Adjar | Ju
Jubb,,,,464,Jubb
Jule,,,,465,Jule
Juvana,,,,466,Juvana
K’dor,,,,468,K’dor
K’dren,,,,469,K’dren
K’drin,,,,470,K’drin
K’lon ,,,,471,K’lon
K’nebel,,,,472,K’nebel
K’net,,,,473,K’net
K’van,,,,474,K’van
K’vin,Kev,,,475,K’vin Kev | K’vin | Kev
Kailey,,,,476,Kailey
Kalem,,,,478,Kalem
Kaljan,,,,479,Kaljan
Kalvi,,,,480,Kalvi
Kami,,,,481,Kami
Kamiana,,,,482,Kamiana
Kamina,,,,483,Kamina
Kanadin,K’din,,,484,Kanadin K’din | Kanadin | K’din
Karenchok,,,,485,Karenchok
Kashman,,,,486,Kashman
Kathy,Duff,,,488,Kathy Duff | Kathy | Duff
Kayla,,,,489,Kayla
Keita,,,,490,Keita
Kenalas,,,,491,Kenalas
Kepiru,,,,493,Kepiru
Ker,,,,494,Ker
Kern,,,,495,Kern
Ketrin,,,,496,Ketrin
Kevelon,,,,497,Kevelon
Kinsale,,,,498,Kinsale
Kinver,,,,499,Kinver
Kirnety,,,,500,Kirnety
Kit,Ping,Kitti,,502,Kit Ping Kitti | Ping Kitti | Kit Kitti | Kit Ping | Kitti | Ping | Kit
Kitral,,,,503,Kitral
Kitrin,,,,504,Kitrin
Kizan,,,,505,Kizan
Klada,,,,506,Klada
Kubisa,,,,507,Kubisa
Kulan,,,,508,Kulan
Kulla,,,,509,Kulla
Kung,,,,510,Kung
Kurt,,,,511,Kurt
Kwan ,Marceau,,,512,Kwan Marceau | Marceau | Kwan
Kylara,,,,513,Kylara
Kylos,,,,514,Kylos
L’bol,,,,515,L’bol
L’rad,,,,517,L’rad
L’rayl,,,,518,L’rayl
L’sur,,,,519,L’sur
L’tol,Lytol,Lytonal,,520,L’tol Lytol Lytonal | Lytol Lytonal | L’tol Lytonal | L’tol Lytol | Lytonal | Lytol | L’tol
L’trel,,,,521,L’trel
L’vin,,,,522,L’vin
L’zal,,,,523,L’zal
L’zan,,,,524,L’zan
Laela,,,,525,Laela
Laland,,,,526,Laland
Lally,Moorhouse,,,527,Lally Moorhouse | Moorhouse | Lally
Landon,,,,528,Landon
Langrell,,,,529,Langrell
Larad,,,,530,Larad
Laradian,,,,532,Laradian
Laradian,,,,531,Laradian
Laudey,,,,534,Laudey
Lauley,,,,535,Lauley
Laura,,,,536,Laura
Lavel,,,,537,Lavel
Layrence,,,,538,Layrence
Lear,,,,539,Lear
Lechi,,,,540,Lechi
Leef,Leff,,,541,Leef Leff | Leef | Leff
Lemsia,,,,542,Lemsia
Lensdale,,,,543,Lensdale
Léo,Léopol,,,544,Léo Léopol | Léopol | Léo
Leri,,,,545,Leri
Lesnour,,,,546,Lesnour
Lessa,,,,547,Lessa
Lesselam,,,,548,Lesselam
Lesselden,,,,549,Lesselden
Levalla,,,,550,Levalla
Lexey,,,,551,Lexey
Lias,,,,552,Lias
Libby,,,,553,Libby
Lidora,,,,554,Lidora
Ligand,,,,555,Ligand
Lilla,,,,556,Lilla
Lissala,,,,557,Lissala
Lobirn,,,,558,Lobirn
Lonada,,,,559,Lonada
Londik,,,,560,Londik
Loreana,,,,561,Loreana
Lorra,,,,562,Lorra
Losacot,,,,563,Losacot
Lotricia,,,,565,Lotricia
Lotricia,,,,564,Lotricia
Lozell,,,,566,Lozell
Luccha,,,,567,Luccha
Lucil,,,,568,Lucil
Lur,,,,570,Lur
M’barak,,,,571,M’barak
M’dani,,,,572,M’dani
M’gent,,,,573,M’gent
M’hall,,,,574,M’hall
M’leng,,,,575,M’leng
M’ling,,,,576,M’ling
M’rak,,,,578,M’rak
M’rand,,,,579,M’rand
M’ray,,,,580,M’ray
M’rek,,,,581,M’rek
M’ridin,,,,582,M’ridin
M’shall,,,,583,M’shall
M’sur,,,,584,M’sur
M’tani,,,,585,M’tani
Macabir,,,,586,Macabir
Macester,,,,587,Macester
Macy,,,,588,Macy
Magalia,,,,589,Magalia
Mairi,,,,591,Mairi
Mairian,,,,592,Mairian
Maizella,,,,593,Maizella
Makfar,,,,594,Makfar
Mallan,,,,595,Mallan
Manora,,,,596,Manora
Manotti,,,,597,Manotti
Mar,Dook,,,598,Mar Dook | Dook | Mar
Mara,,,,599,Mara
Maranis,,,,600,Maranis
Marcator,,,,601,Marcator
Marchane,,,,602,Marchane
Marcine,,,,603,Marcine
Mardra,,,,605,Mardra
Mardy,,,,606,Mardy
Marella,,,,607,Marella
Margatta,,,,608,Margatta
Mari,,,,609,Mari
Marley,,,,610,Marley
Marlifin,,,,611,Marlifin
Marshal,,,,612,Marshal
Mary,Tubberman,,,613,Mary Tubberman | Tubberman | Mary
Mattew,Matt,,,615,Mattew Matt | Mattew | Matt
Mavi,,,,616,Mavi
Maxilant,,,,617,Maxilant
Maylone,,,,618,Maylone
Mechalla,,,,619,Mechalla
Medaman,,,,620,Medaman
Medda,,,,621,Medda
Mekelroy,Pinch,,,622,Mekelroy Pinch | Mekelroy | Pinch
Melongel,,,,623,Melongel
Menolly,Nolly,Monolly,,624,Menolly Nolly Monolly | Menolly Monolly | Menolly Nolly | Nolly Monolly | Menolly | Monolly | Nolly
Merdine,,,,626,Merdine
Merika,,,,628,Merika
Mesla,,,,631,Mesla
Miata,,,,632,Miata
Mibbut,,,,633,Mibbut
Michael,,,,634,Michael
Mick,,,,635,Mick
Mickulin,,,,636,Mickulin
Minnarden,,,,638,Minnarden
Miridan,,,,639,Miridan
Mirrim,,,,640,Mirrim
Miskin,,,,641,Miskin
Mislue,,,,642,Mislue
Morif,,,,644,Morif
Morilton,,,,645,Morilton
Morin,,,,646,Morin
Morshal,Morshall,,,647,Morshal Morshall | Morshall | Morshal
Mosser,,,,648,Mosser
Mostar,,,,649,Mostar
Mumolon,,,,650,Mumolon
Munchaun,,,,651,Munchaun
Murda,,,,652,Murda
Murfytwen,,,,653,Murfytwen
Murolin,,,,654,Murolin
N’bil,,,,655,N’bil
N’gent,,,,656,N’gent
N’men,,,,657,N’men
N’mool,,,,658,N’mool
N’ran,N’nan,,,659,N’ran N’nan | N’nan | N’ran
N’ton,,,,660,N’ton
Nabhi,Nabol,,,661,Nabhi Nabol | Nabhi | Nabol
Nadira,,,,662,Nadira
Nadona,,,,663,Nadona
Nalka,,,,664,Nalka
Namurra,,,,665,Namurra
Naprila,,,,666,Naprila
Nataly,,,,667,Nataly
Naton,,,,668,Naton
Nattai,,,,669,Nattai
Naylor,,,,670,Naylor
Nazer,,,,671,Nazer
Ned,Tubberman,,,672,Ned Tubberman | Tubberman | Ned
Neilla,,,,673,Neilla
Neldama,,,,674,Neldama
Nera,,,,675,Nera
Nessel,,,,676,Nessel
Nesso,,,,677,Nesso
Nia,,,,678,Nia
Nicat,,,,679,Nicat
Nielsen,,,,680,Nielsen
Nika,,,,681,Nika
Niness,,,,682,Niness
Nip,,,,683,Nip
Nora,Sejby,,,684,Nora Sejby | Sejby | Nora
Norist,,,,685,Norist
Nurevin,,,,687,Nurevin
Nyassa,Clissmann,,,688,Nyassa Clissmann | Clissmann | Nyassa
O’ney,,,,689,O’ney
Ogolly,,,,690,Ogolly
Oharan,,,,691,Oharan
Oklina,,,,692,Oklina
Oldive,,,,693,Oldive
Olodkey,,,,694,Olodkey
Olos,,,,695,Olos
Oma,,,,696,Oma
Ongola,,,,697,Ongola
Orna,,,,698,Orna
Osemore,,,,699,Osemore
Oterel,,,,700,Oterel
Otto,Hegelman,,,701,Otto Hegelman | Hegelman | Otto
Ozzie,Munson,Oz,,702,Ozzie Munson Oz | Ozzie Munson | Munson Oz | Ozzie Oz | Munson | Ozzie | Oz
P’leen,,,,703,P’leen
P’nine,,,,704,P’nine
P’ratan,,,,705,P’ratan
P’tero,,,,706,P’tero
P’zar,,,,707,P’zar
Palim,,,,708,Palim
Palla,,,,709,Palla
Pardure,,,,711,Pardure
Pardure,,,,710,Pardure
Parren,,,,712,Parren
Pat,Hempenstall,,,713,Pat Hempenstall | Hempenstall | Pat
Patrice,de Broglie,,,714,Patrice de Broglie | de Broglie | Patrice
Patry,,,,715,Patry
Patsy,Swann,,,716,Patsy Swann | Patsy | Swann
Paul,Benden,,,718,Paul Benden | Benden | Paul
Paul,Logorides,,,717,Paul Logorides | Logorides | Paul
Paulin,,,,719,Paulin
Pell,,,,720,Pell
Pellomar,,,,721,Pellomar
Pendora,,,,722,Pendora
Pergamol,,,,724,Pergamol
Perschar,Pershar,,,725,Perschar Pershar | Perschar | Pershar
Persellan,,,,726,Persellan
Pessia,,,,727,Pessia
Petan,,,,728,Petan
Peter,Semling,,,729,Peter Semling | Semling | Peter
Peterpar,,,,730,Peterpar
Petey,Pete,,,731,Petey Pete | Petey | Pete
Peth,,,,732,Peth
Petillo,,,,733,Petillo
Phas,Radamanth,,,735,Phas Radamanth | Radamanth | Phas
Piemur,,,,737,Piemur
Pierre,de Courcis,,,738,Pierre de Courcis | de Courcis | Pierre
Pilgra,,,,739,Pilgra
Pol,,,,740,Pol
Pol ,Nietro,,,741,Pol Nietro | Nietro | Pol
Pona,,,,742,Pona
Porrig,Connell,,,743,Porrig Connell | Connell | Porrig
Possil,,,,744,Possil
Pragal,,,,745,Pragal
Pressen,,,,746,Pressen
Prilla,,,,747,Prilla
Quitrin,,,,748,Quitrin
R’gul,Rangul,,,749,R’gul Rangul | Rangul | R’gul
R’limeak,,,,750,R’limeak
R’mart,,,,751,R’mart
R’miel,R’mel,,,752,R’miel R’mel | R’miel | R’mel
R’nor,,,,753,R’nor
R’yar,,,,754,R’yar
Raid,,,,755,Raid
Raïd,,,,756,Raïd
Ram,Da,,,757,Ram Da | Ram | Da
Ramala,,,,758,Ramala
Rammany,,,,759,Rammany
Rampesi,,,,760,Rampesi
Randy,,,,761,Randy
Ranly,,,,762,Ranly
Rannelly,Rannely,,,763,Rannelly Rannely | Rannelly | Rannely
Ranneth,,,,764,Ranneth
Ranrel,,,,765,Ranrel
Rapal,,,,766,Rapal
Rasa,,,,767,Rasa
Ratoshigan,Ratoshinga,,,768,Ratoshigan Ratoshinga | Ratoshigan | Ratoshinga
Readis,,,,769,Readis
Red,Hanrahan,,,770,Red Hanrahan | Hanrahan | Red
Relna,,,,771,Relna
Rency,,,,772,Rency
René,Mallibeau,,,773,René Mallibeau | Mallibeau | René
Ricardy,,,,774,Ricardy
Richud,,,,775,Richud
Rill,Nerilka,,,776,Rill Nerilka | Nerilka | Rill
Riller,,,,777,Riller
Robina,,,,778,Robina
Roblyn,,,,780,Roblyn
Robse,,,,781,Robse
Rokayas,,,,782,Rokayas
Ronchin,,,,783,Ronchin
Rosheen,,,,784,Rosheen
Rudi,Shwartz,Rudolph,,785,Rudi Shwartz Rudolph | Shwartz Rudolph | Rudi Rudolph | Rudi Shwartz | Rudolph | Shwartz | Rudi
Rulyar,,,,786,Rulyar
S’bran,,,,788,S’bran
S’dra,,,,789,S’dra
S’gar,,,,790,S’gar
S’gor,,,,791,S’gor
S’goral,,,,792,S’goral
S’lan,Selessan,Sellie,,793,S’lan Selessan Sellie | Selessan Sellie | S’lan Selessan | S’lan Sellie | Selessan | Sellie | S’lan
S’lel,,,,794,S’lel
S’len,,,,795,S’len
S’ligar,,,,796,S’ligar
S’mon,Thomas,,,798,S’mon Thomas | Thomas | S’mon
S’nan,,,,799,S’nan
S’peren,,,,800,S’peren
S’rond,,,,801,S’rond
Sabra,Ongola,Stein,,802,Sabra Ongola Stein | Ongola Stein | Sabra Ongola | Sabra Stein | Ongola | Sabra | Stein
Saday,,,,803,Saday
Sagassy,,,,804,Sagassy
Sal,,,,805,Sal
Salda,,,,806,Salda
Sallah ,Telgar-Andiyar,,,808,Sallah Telgar-Andiyar | Telgar-Andiyar | Sallah
Sallisha,,,,809,Sallisha
Saltor,,,,810,Saltor
Samvel,,,,811,Samvel
Saneter,,,,812,Saneter
Sangel,,,,813,Sangel
Sanra,,,,814,Sanra
Sarah,,,,815,Sarah
Sarai,,,,816,Sarai
Sarra,,,,817,Sarra
Scallak,,,,818,Scallak
Scand,,,,819,Scand
Sch’gall,,,,820,Sch’gall
Sean,Connell,O’Connell,,821,Sean Connell O’Connell | Connell O’Connell | Sean O’Connell | Sean Connell | O’Connell | Connell | Sean
Sebell,Sebel,Sevell,,822,Sebell Sebel Sevell | Sebell Sevell | Sebel Sevell | Sebell Sebel | Sebell | Sevell | Sebel
Sefal,,,,823,Sefal
Sefran,,,,824,Sefran
Segoina,,,,825,Segoina
Sella,,,,826,Sella
Sellel,,,,827,Sellel
Semment,,,,828,Semment
Serubil,,,,829,Serubil
Sev,Ritecamp,,,830,Sev Ritecamp | Ritecamp | Sev
Severeid,,,,831,Severeid
Sh’gall,,,,832,Sh’gall
Shadder,,,,833,Shadder
Shankolin,Glasstol de Crom,,,834,Shankolin Glasstol de Crom | Glasstol de Crom | Shankolin
Shanna,,,,835,Shanna
Sharra,,,,837,Sharra
Sharra,Sharrie,,,836,Sharra Sharrie | Sharrie | Sharra
Shavva,Fahroud,,,838,Shavva Fahroud | Fahroud | Shavva
Shawan,,,,839,Shawan
Sheledon,Shel,,,840,Sheledon Shel | Sheledon | Shel
Sherris,,,,841,Sherris
Sheve,,,,842,Sheve
Shih,Lao,,,843,Shih Lao | Shih | Lao
Shonagar,,,,844,Shonagar
Shonagor,,,,845,Shonagor
Shulse,,,,846,Shulse
Shuvin,,,,847,Shuvin
Sicca,,,,848,Sicca
Sifer,,,,849,Sifer
Sigomal,,,,850,Sigomal
Sigomel,,,,851,Sigomel
Silga,,,,852,Silga
Silon,,,,854,Silon
Silton,,,,855,Silton
Silvana,,,,856,Silvana
Silvina,,,,857,Silvina
Sim,,,,858,Sim
Sintary,,,,859,Sintary
Sira,,,,860,Sira
Sirrie,,,,861,Sirrie
Sitta,,,,862,Sitta
Sneel,,,,863,Sneel
Sograny,,,,864,Sograny
Solth,,,,865,Solth
Soover,,,,866,Soover
Soreel,,,,867,Soreel
Sorka,,,,868,Sorka
Sousmal,,,,869,Sousmal
Sparling,,,,870,Sparling
St’ven,,,,871,St’ven
Stella,,,,872,Stella
Stinar,,,,874,Stinar
Stolla,,,,875,Stolla
Struan,,,,876,Struan
Strud,,,,877,Strud
Sucho,,,,878,Sucho
Sue,Havers,,,879,Sue Havers | Havers | Sue
Sufur,,,,880,Sufur
Suze,,,,882,Suze
Svenda,Olubushtu,,,883,Svenda Olubushtu | Olubushtu | Svenda
Sydra,,,,884,Sydra
T’bor,,,,885,T’bor
T’bot,,,,886,T’bot
T’dam,,,,887,T’dam
T’gellan,,,,888,T’gellan
T’gor,,,,889,T’gor
T’gran,,,,890,T’gran
T’grel,,,,891,T’grel
T’kil,,,,892,T’kil
T’lan,,,,894,T’lan
T’ledon,,,,895,T’ledon
T’lion,Gaddie,,,896,T’lion Gaddie | Gaddie | T’lion
T’lonneg,,,,897,T’lonneg
T’nure,,,,898,T’nure
T’ragel,,,,899,T’ragel
T’ral,,,,900,T’ral
T’ran,,,,901,T’ran
T’reb,,,,902,T’reb
T’red,,,,903,T’red
T’sen,,,,905,T’sen
T’sum,,,,906,T’sum
T’tel,T’lel,,,907,T’tel T’lel | T’lel | T’tel
T’ton,,,,908,T’ton
Tagetarl,Tag,,,909,Tagetarl Tag | Tagetarl | Tag
Tai,,,,910,Tai
Talina,,,,911,Talina
Talmor,,,,912,Talmor
Tanus,,,,914,Tanus
Targus,,,,916,Targus
Tarrie,Chernoff,,,917,Tarrie Chernoff | Chernoff | Tarrie
Tarvi,Andiyar,Andivar,,918,Tarvi Andiyar Andivar | Andiyar Andivar | Tarvi Andivar | Tarvi Andiyar | Andivar | Andiyar | Tarvi
Tashkovich,,,,919,Tashkovich
Tashvi,,,,920,Tashvi
Tawkin,,,,921,Tawkin
Tegger,,,,923,Tegger
Tela,,,,924,Tela
Tellani,,,,925,Tellani
Temma,,,,926,Temma
Tenna,,,,927,Tenna
Terentel,,,,928,Terentel
Terry,,,,929,Terry
Tesner,,,,930,Tesner
Texur,,,,931,Texur
Thea,,,,932,Thea
Theng,,,,934,Theng
Théo,Force,,,935,Théo Force | Force | Théo
Theskin,,,,936,Theskin
Thomas,,,,937,Thomas
Tikini,,,,938,Tikini
Tilarek,,,,939,Tilarek
Tilgin,,,,940,Tilgin
Tilsit,,,,941,Tilsit
Timareen,,,,942,Timareen
Timiny,Tim,,,943,Timiny Tim | Timiny | Tim
Tinamon,,,,944,Tinamon
Tino,,,,945,Tino
Tippel,,,,946,Tippel
Tirone,,,,947,Tirone
Tisha,,,,948,Tisha
Tolocamp,,,,949,Tolocamp
Tom,Patrick,,,950,Tom Patrick | Patrick | Tom
Tomlinson,,,,951,Tomlinson
Tomol,,,,952,Tomol
Tordril,,,,953,Tordril
Torene,,,,954,Torene
Toric,,,,955,Toric
Torjus,,,,956,Torjus
Torlin,,,,957,Torlin
Torlo,,,,958,Torlo
Toronas,,,,959,Toronas
Torsten,,,,960,Torsten
Tortole,,,,961,Tortole
Tosikin,,,,962,Tosikin
Tracey Train,,,,963,Tracey Train
Tragger,,,,964,Tragger
Traller,,,,965,Traller
Tranilty,,,,966,Tranilty
Trelbin,,,,967,Trelbin
Triana,,,,968,Triana
Tuck,,,,970,Tuck
Tuero,,,,972,Tuero
Tuero,,,,971,Tuero
Tumara,,,,973,Tumara
Tunge,,,,974,Tunge
Turlon,,,,975,Turlon
Turvine,Turving,,,976,Turvine Turving | Turvine | Turving
Tuvor,,,,977,Tuvor
Twenone,,,,978,Twenone
Ussie,,,,979,Ussie
Usuai,,,,980,Usuai
Uvor,,,,981,Uvor
V’last,,,,982,V’last
V’line,,,,983,V’line
V’mul,,,,984,V’mul
Valden,,,,985,Valden
Valli,Lieb,,,986,Valli Lieb | Valli | Lieb
Valrol,,,,987,Valrol
Vandentine,,,,988,Vandentine
Vander,,,,989,Vander
Venabil,,,,992,Venabil
Vendross,,,,993,Vendross
Vergerin,,,,994,Vergerin
Vesna,,,,995,Vesna
Vessa,,,,996,Vessa
Viderian,,,,997,Viderian
Vieil Oncle,,,,998,Vieil Oncle
Vincet,,,,999,Vincet
Viredian,,,,1000,Viredian
Virginia,,,,1001,Virginia
Vormital,,,,1002,Vormital
W’ter,,,,1003,W’ter
Wade,Lorenzo,,,1004,Wade Lorenzo | Lorenzo | Wade
Waine,,,,1005,Waine
Wanson,,,,1006,Wanson
Wansor,,,,1007,Wansor
Wansôr,,,,1008,Wansôr
Warbret,,,,1009,Warbret
Warlow,,,,1010,Warlow
Washell,Wachell,Wash,,1011,Washell Wachell Wash | Washell Wachell | Wachell Wash | Washell Wash | Wachell | Washell | Wash
Wil,,,,1012,Wil
Wimmia,,,,1013,Wimmia
Winalla,,,,1014,Winalla
Winnia,,,,1015,Winnia
Wonegal,,,,1016,Wonegal
Wyzall,,,,1017,Wyzall
Xi,Chi,Yuen,,1018,Xi Chi Yuen | Chi Yuen | Xi Yuen | Xi Chi | Yuen | Chi | Xi
Yanus,,,,1019,Yanus
Yorag,,,,1020,Yorag
Yvonne,Yves,,,1021,Yvonne Yves | Yvonne | Yves
Z’gal,,,,1022,Z’gal
Z’ran,,,,1023,Z’ran
Zalla,,,,1024,Zalla
Zewe,,,,1025,Zewe
Zi,Ongola,,,1026,Zi Ongola | Ongola | Zi
Zulaya,,,,1027,Zulaya
Zurg,,,,1028,Zurg
