Noms humains,Second nom,Troisième nom,Quatrième nom,H/F/Na,ID unique,Morts,book_1,book_2,book_3,book_4,book_5,book_6,book_7,book_8,book_9,book_10,book_11,book_12,book_13,book_14,book_15,total_occurrences
Adessa,,,,FEMME,6,True,0,0,0,0,0,0,4,0,0,0,0,0,0,0,0,4
Armald,,,,HOMME,33,True,0,0,0,0,0,25,0,0,0,0,0,0,0,0,0,25
B’ner,,,,HOMME,49,True,0,0,10,0,0,0,0,0,0,0,0,0,0,0,0,10
Barly,,,,HOMME,67,True,0,0,0,2,0,1,0,0,0,0,0,0,0,0,0,3
Berchar,Berch,,,HOMME,88,True,0,0,0,40,0,1,0,0,0,0,0,0,0,0,0,41
Betrice,,,,FEMME,96,True,0,0,0,0,0,0,73,0,0,0,0,0,0,0,0,73
Brare,,,,HOMME,119,True,0,0,0,0,0,24,0,0,0,0,0,0,0,0,0,24
C’gan,,,,HOMME,143,True,0,0,0,0,0,0,50,17,2,0,0,0,0,0,0,69
Caesar,Galliani,,,HOMME,151,True,14,0,0,0,0,0,0,0,0,0,0,0,0,0,0,14
Carola,,,,FEMME,162,True,0,0,0,0,0,0,19,0,0,0,0,0,0,0,0,19
Catherine,Radelin,Doyle,,FEMME,164,True,21,1,0,0,0,0,0,0,0,0,0,0,0,13,10,45
Ch’mon,,,,HOMME,167,True,0,0,0,3,0,0,0,0,0,0,0,0,0,0,0,3
Dowell,,,,FEMME,246,True,0,0,0,0,0,53,0,0,0,0,0,0,0,2,0,55
Esselin,,,,HOMME,269,True,0,0,0,0,0,29,0,0,0,0,0,0,0,44,32,105
F’lon,Falloner,,,HOMME,279,True,0,0,0,0,0,0,438,7,0,0,0,0,0,0,0,445
Fanna,,,,FEMME,291,True,0,0,0,0,0,1,0,0,5,0,0,0,8,0,0,14
Farevene,,,,HOMME,293,True,0,0,0,0,0,0,16,0,0,0,0,0,0,0,0,16
Faroguy,,,,HOMME,296,True,0,0,0,0,0,0,41,0,0,0,0,0,0,0,0,41
Fax,,,,HOMME,298,True,11,3,0,0,0,28,252,251,4,0,0,1,6,4,3,563
G’lanar,,,,HOMME,335,True,0,0,0,0,0,0,0,0,0,0,0,0,0,34,0,34
Gemma,,,,FEMME,364,True,0,0,0,0,0,1,15,56,2,0,0,0,2,0,0,76
Gennell,,,,HOMME,366,True,0,0,0,0,0,0,194,0,0,0,0,0,0,0,0,194
Gledia,,,,FEMME,373,True,0,0,0,0,0,4,0,0,0,0,0,0,0,0,0,4
Grogellan,,,,HOMME,386,True,0,0,0,0,0,0,33,0,0,0,0,0,0,0,0,33
Jim,Tillek,James,,HOMME,451,True,108,78,13,21,5,11,60,7,28,1,3,2,8,35,13,393
Jora,,,,FEMME,461,True,0,0,0,0,0,0,33,24,0,0,0,0,0,0,0,57
K’dall,,,,HOMME,467,True,0,0,0,1,0,1,0,0,0,0,0,0,0,0,0,2
Kale,,,,HOMME,477,True,0,0,0,0,0,4,25,0,0,0,0,0,0,0,0,29
Kasia,,,,FEMME,487,True,0,0,0,0,0,0,198,0,0,0,0,0,0,0,0,198
Kenjo,Fusaiyuki,,,Cyborg,492,True,175,0,0,0,0,0,0,0,0,0,0,0,0,2,11,188
Kista,,,,FEMME,501,True,0,0,0,0,2,1,0,0,0,0,0,0,0,0,0,3
L’mal,,,,HOMME,516,True,0,0,0,20,0,1,0,0,0,0,0,0,0,0,0,21
Larna,Lama,,,FEMME,533,True,0,0,0,0,0,0,14,0,0,0,0,0,0,0,0,14
Lucy,Tubberman,,,FEMME,569,True,88,0,4,0,0,0,0,0,0,0,0,0,0,0,3,95
M’odon,,,,HOMME,577,True,0,0,0,0,0,0,4,0,0,0,0,0,0,0,0,4
Maidir,,,,HOMME,590,True,0,0,0,0,0,0,46,0,0,0,0,0,0,0,0,46
Marco,Galliani,,,HOMME,604,True,28,0,0,0,0,0,0,0,0,0,0,0,0,0,0,28
Matsen,,,,HOMME,614,True,0,0,0,0,0,0,11,0,0,0,0,0,0,0,0,11
Mercia,,,,FEMME,625,True,0,0,0,0,1,1,0,0,0,0,0,0,0,0,0,2
Merelan,,,,FEMME,627,True,0,0,0,0,0,0,337,0,0,0,2,0,0,0,0,339
Merin,,,,FEMME,629,True,0,0,0,0,2,1,0,0,0,0,0,0,0,0,0,3
Meron,,,,HOMME,630,True,0,0,0,0,0,7,0,28,141,0,1,108,8,1,0,294
Milla,,,,FEMME,637,True,0,0,2,0,0,0,1,0,0,0,0,0,0,0,0,3
Moreta,Moretta,,,FEMME,643,True,0,0,0,1118,41,4,3,7,1,0,8,0,0,0,3,1185
Norman,,,,HOMME,686,True,0,0,0,27,1,1,0,0,0,0,0,0,0,0,0,29
Pendra,,,,FEMME,723,True,0,0,0,16,5,1,0,0,0,0,0,0,0,0,0,22
Petiron,,,,HOMME,734,True,0,3,0,0,0,0,299,0,0,75,66,0,0,0,0,443
Robinton,Rob,Robie,,HOMME,779,True,0,47,0,0,0,212,1756,54,206,34,155,101,457,472,33,3527
Runel,,,,HOMME,787,True,0,0,0,19,1,1,0,0,0,0,0,0,0,0,0,21
S’loner,,,,HOMME,797,True,0,0,0,0,0,0,59,0,0,0,0,0,0,0,0,59
Sallah,,,,FEMME,807,True,294,0,0,0,0,1,0,0,0,0,0,0,0,22,0,317
Silma,,,,FEMME,853,True,0,0,0,0,2,1,0,0,0,0,0,0,0,0,0,3
Stev,Kimmer,,,HOMME,873,True,77,0,0,0,0,0,0,0,0,0,0,0,0,0,13,90
Suriana,,,,FEMME,881,True,0,0,0,4,29,1,0,0,0,0,0,0,0,0,0,34
T’kul,T’kull,,,HOMME,893,True,0,0,0,0,0,19,0,0,62,0,0,4,60,0,0,145
T’ron,,,,HOMME,904,True,0,0,0,0,0,4,0,46,197,0,0,17,20,2,0,286
Talpan,,,,HOMME,913,True,0,0,0,32,0,1,0,0,0,0,0,0,0,0,0,33
Tarathel,,,,HOMME,915,True,0,0,0,0,0,6,37,0,0,0,0,0,0,0,0,43
Ted ,Tubberman,Tubbermann,,HOMME,922,True,112,0,5,0,0,0,0,0,0,0,0,0,0,0,3,120
Thella,,,,FEMME,933,True,0,2,0,0,0,315,1,0,0,0,0,0,0,0,0,318
Trume,,,,HOMME,969,True,0,0,0,2,0,1,0,0,0,0,0,0,0,0,0,3
Varena,Vanira,Nanira,,FEMME,990,True,0,0,0,0,0,0,0,0,6,0,0,0,0,0,0,6
Varney,,,,HOMME,991,True,0,0,0,2,0,1,0,0,0,0,0,0,0,0,0,3
A. C.,Sopers,,,,1,,1,0,0,0,0,0,0,0,0,0,0,0,0,0,0,1
A’dan,,,,HOMME,2,,0,0,0,28,0,1,0,0,0,0,0,0,0,0,0,29
A’murry,,,,HOMME,3,,0,0,0,21,0,1,0,0,0,0,0,0,0,0,0,22
Abula,,,,FEMME,4,,0,0,0,0,0,0,0,0,0,0,1,0,0,0,0,1
Abuna,,,,FEMME,5,,0,0,0,0,0,0,0,0,0,0,20,3,0,0,0,23
Adrea,Beljeth,,,FEMME,7,,0,4,0,0,0,5,0,0,0,0,0,0,0,2,11,22
Afnor,,,,HOMME,8,,0,0,0,0,0,0,0,0,0,0,0,0,0,3,1,4
Aida,,,,FEMME,9,,7,4,2,6,1,14,5,1,4,4,1,5,5,8,1,68
Aisling,Hempenstahl,,,,10,,2,0,0,0,0,0,0,0,0,0,0,0,0,0,0,2
Albuna,,,,,11,,0,0,0,0,0,0,0,0,0,0,0,1,0,0,0,1
Alda,,,,FEMME,12,,0,0,0,0,0,1,0,0,0,0,0,0,0,0,0,1
Aleki,,,,HOMME,13,,0,3,0,0,0,0,0,0,0,0,0,0,0,0,0,3
Alemi,,,,HOMME,15,,0,435,0,0,0,12,0,0,0,97,2,0,0,21,0,567
Alemi,Onclemi,Lemi,,HOMME,14,,0,465,0,0,0,12,0,0,0,97,2,0,0,21,0,597
Alessan,,,,HOMME,16,,0,0,0,595,150,8,0,0,0,0,0,0,0,0,0,753
Alianne,Zulueta,,,FEMME,17,,1,0,0,0,0,0,0,0,0,0,0,0,0,0,0,1
Aliena,Zuleita,,,FEMME,18,,0,0,1,0,0,0,0,0,0,0,0,0,0,0,0,1
Almie,,,,FEMME,19,,0,6,0,0,0,0,0,0,0,0,0,0,0,0,0,6
Amilla,,,,FEMME,20,,0,0,0,0,3,1,0,0,0,0,0,0,0,0,0,4
Ampris,,,,HOMME,21,,0,0,0,0,0,0,0,0,0,0,0,0,0,1,0,1
Anama,,,,FEMME,22,,0,0,0,0,0,2,0,0,0,0,0,0,0,0,0,2
Anchoran,,,,HOMME,23,,0,0,0,0,0,1,0,0,0,0,0,0,0,0,0,1
Andemon,,,,HOMME,24,,0,1,0,0,0,0,0,0,50,0,0,0,3,0,0,54
Ander,,,,,25,,0,0,0,0,0,1,0,0,0,0,0,0,0,0,0,1
Andremon,,,,HOMME,26,,0,1,0,0,0,0,0,0,0,0,0,0,0,0,0,1
Anella,,,,FEMME,27,,0,0,0,0,51,1,0,0,0,0,0,0,0,0,0,52
Anguille,,,,HOMME,28,,2,0,0,0,0,0,133,0,0,0,0,0,0,0,0,135
Anskono,,,,HOMME,29,,0,2,0,0,0,0,0,0,0,0,0,0,0,0,0,2
Anta,,,,,30,,0,0,0,0,0,0,3,0,0,0,0,0,0,0,0,3
Aramina,Mina,Ara,,FEMME,31,,0,81,0,0,0,185,0,0,0,0,0,0,0,11,1,278
Aranya,,,,FEMME,32,,0,12,0,0,0,0,0,0,0,0,0,0,0,1,0,13
Arminet,,,,HOMME,34,,0,0,0,0,0,0,0,0,0,0,0,0,0,0,15,15
Armor,,,,HOMME,35,,0,0,0,0,0,1,0,0,0,0,0,0,0,0,0,1
Arnor,,,,HOMME,36,,0,0,0,0,0,3,0,0,0,0,12,3,2,7,0,27
Arthied,Desi,,,HOMME,37,,24,0,0,0,0,0,0,0,0,0,0,0,0,0,0,24
Asgenar,,,,HOMME,38,,0,6,0,0,0,123,0,0,89,0,1,0,4,45,2,270
Ashmichel,,,,HOMME,39,,0,0,0,0,0,0,5,0,0,0,0,0,0,0,0,5
Athpathis,,,,HOMME,40,,2,0,0,0,0,0,0,0,0,0,0,0,0,0,0,2
Audiva,,,,FEMME,41,,0,0,0,0,0,0,0,0,0,0,78,0,0,0,0,78
Avril,Bitra,,,FEMME,42,,194,0,145,4,1,19,2,6,8,0,1,1,0,22,7,410
Azury,,,,HOMME,43,,0,0,39,0,0,0,0,0,0,0,0,0,0,0,0,39
B’dor,,,,HOMME,44,,0,0,0,0,0,0,0,0,6,0,0,0,0,0,0,6
B’fol,,,,,45,,0,0,0,0,0,0,0,2,0,0,0,0,0,0,0,2
B’greal,,,,,46,,0,0,0,3,0,1,0,0,0,0,0,0,0,0,0,4
B’lerion,,,,HOMME,47,,0,0,0,115,23,2,0,0,0,0,0,0,0,0,0,140
B’naj,,,,HOMME,48,,0,0,0,0,0,0,0,0,13,0,0,0,0,0,0,13
B’nurrin,,,,HOMME,50,,0,0,32,0,0,0,0,0,0,0,0,0,0,0,0,32
B’rant,,,,HOMME,51,,0,0,0,0,0,0,1,5,0,0,0,0,0,0,0,6
B’refli,,,,,52,,0,0,0,0,0,0,1,0,0,0,0,0,0,0,0,1
B’zon,,,,HOMME,53,,0,0,0,0,0,5,0,0,0,0,0,0,9,0,0,14
Bahka,,,,HOMME,54,,2,0,0,0,0,0,0,0,0,0,0,0,0,0,0,2
Baid,,,,HOMME,55,,0,0,0,1,0,1,0,0,0,0,0,0,0,0,0,2
Baldor,,,,HOMME,56,,0,0,0,0,0,0,0,0,0,0,0,0,8,0,0,8
Balfor,,,,HOMME,57,,0,0,0,10,2,1,0,0,0,0,0,0,0,0,0,13
Ballora,,,,FEMME,58,,0,0,0,0,0,0,0,0,0,0,0,0,0,0,14,14
Banak,,,,HOMME,59,,0,0,0,0,0,0,0,0,0,0,0,11,0,0,0,11
Bandarek,,,,,60,,0,0,0,0,0,0,0,0,0,0,0,0,0,1,0,1
Banger,,,,HOMME,61,,0,0,0,0,0,0,0,2,0,0,0,0,0,0,0,2
Bantur,,,,HOMME,62,,0,0,0,0,0,0,0,0,0,0,1,8,0,0,0,9
Barba,,,,FEMME,63,,0,0,0,0,0,0,4,0,0,0,0,0,0,0,0,4
Bardie,,,,FEMME,64,,0,0,0,0,0,0,0,0,0,1,0,0,0,0,0,1
Bargen,,,,HOMME,65,,0,1,0,0,0,0,14,1,2,0,0,3,0,13,16,50
Barla,,,,FEMME,66,,0,0,0,0,0,28,0,0,0,0,0,0,0,2,0,30
Barndy,,,,HOMME,68,,0,0,0,0,4,1,0,0,0,0,0,0,0,0,0,5
Barr,Hamil,,,FEMME,69,,29,0,0,0,0,0,0,0,0,0,0,0,0,0,0,29
Bart,Lemos,,,HOMME,70,,43,1,0,6,2,32,2,4,54,0,1,0,1,13,3,162
Basil,,,,HOMME,71,,1,0,0,0,0,0,0,0,0,0,0,0,0,0,0,1
Bastom,,,,HOMME,72,,0,0,21,0,0,0,0,0,0,0,0,0,0,0,0,21
Batim,,,,HOMME,73,,0,0,0,0,0,0,0,0,0,0,0,0,0,0,18,18
Batunon,,,,HOMME,74,,0,0,0,0,0,0,0,0,0,0,0,0,2,0,0,2
Bay,Harkenon,,,FEMME,75,,206,0,0,0,0,0,0,0,0,0,0,0,0,0,0,206
Becky,Nielsen,,,HOMME,76,,3,0,0,0,0,0,0,0,0,0,0,0,0,0,0,3
Bedda,,,,FEMME,77,,0,0,0,0,0,1,0,0,0,0,0,0,0,0,0,1
Bedella,,,,FEMME,78,,0,0,0,0,0,1,0,0,8,0,0,0,0,0,3,12
Begamon,,,,HOMME,79,,0,1,0,0,0,0,0,0,0,0,0,0,5,26,0,32
Belesdan,Belesden,,,HOMME,80,,0,0,0,0,0,1,0,0,5,0,0,0,0,0,0,6
Belterac,,,,HOMME,81,,0,0,0,0,0,0,0,0,0,0,0,0,0,14,0,14
Ben,,,,,82,,4,1,1,0,0,0,0,0,0,0,1,0,0,0,0,7
Bendarek,,,,HOMME,83,,0,1,0,0,0,2,0,0,16,0,1,0,7,37,1,65
Benelek,,,,HOMME,84,,0,6,0,0,0,1,0,0,0,0,2,0,18,38,6,71
Benini,,,,HOMME,85,,0,0,0,0,0,0,0,0,0,0,0,0,0,0,11,11
Benis,,,,HOMME,86,,0,0,0,0,0,0,0,0,0,0,35,0,0,0,0,35
Benoria,,,,FEMME,87,,0,0,0,0,0,0,3,0,0,0,0,0,0,0,0,3
Berdine,,,,HOMME,89,,0,0,0,0,0,0,0,0,0,0,0,12,0,0,0,12
Besel,,,,HOMME,90,,0,0,0,0,0,0,0,0,0,0,0,15,0,0,0,15
Besic,,,,HOMME,91,,0,0,0,0,0,0,0,0,0,0,0,0,0,0,14,14
Bessel,,,,HOMME,92,,0,0,0,1,0,1,0,0,0,0,0,0,0,0,0,2
Bessera,,,,FEMME,93,,0,0,0,0,1,1,0,0,0,0,0,0,0,0,0,2
Bestrum,,,,HOMME,94,,0,0,0,0,14,2,0,0,0,0,0,0,0,0,0,16
Bethany,,,,FEMME,95,,0,0,44,0,0,0,0,0,0,0,0,0,0,0,0,44
Betsy,,,,,97,,1,0,0,0,0,0,0,0,0,0,0,0,0,0,0,1
Betty,Musgrave,Blake,,FEMME,98,,16,0,0,0,0,0,0,0,0,0,0,0,0,0,0,16
Bill,Duff,,,HOMME,99,,24,0,0,0,0,0,0,0,0,0,0,0,0,0,0,24
Binness,,,,HOMME,100,,0,0,0,0,0,0,0,0,0,0,0,0,0,0,44,44
Birsan,,,,HOMME,101,,0,0,0,0,0,2,0,0,0,0,0,0,0,0,0,2
Birto,,,,,102,,0,0,0,0,0,0,0,0,2,0,0,0,0,0,0,2
Blesserel,,,,HOMME,103,,0,0,0,0,0,0,0,0,0,0,0,0,0,30,0,30
Bloors,,,,HOMME,104,,0,0,0,0,0,9,0,0,0,0,0,0,0,0,0,9
Bob,Jorgensen,,,HOMME,106,,2,0,0,0,0,0,0,0,0,0,0,0,0,0,0,2
Bob,Jepson,,,HOMME,105,,8,0,0,0,0,0,0,0,0,0,0,0,0,0,0,8
Bonna,,,,FEMME,107,,0,0,0,0,0,0,0,0,0,0,0,0,0,1,0,1
Bonz,,,,HOMME,108,,0,0,0,0,0,0,0,0,0,0,2,11,0,0,0,13
Boranda,,,,FEMME,109,,0,0,0,1,0,1,0,0,0,0,0,0,0,0,0,2
Borel,,,,HOMME,110,,0,0,0,0,0,6,0,0,0,0,0,0,0,0,0,6
Borgald,Amhold,,,HOMME,111,,0,0,0,0,0,46,0,0,0,0,0,0,0,0,0,46
Boris,Pahlevi,,,HOMME,112,,22,0,14,0,0,0,0,0,0,0,0,0,0,0,0,36
Boskoney,,,,HOMME,113,,0,41,0,0,0,0,0,0,0,0,0,0,0,0,0,41
Bosler,,,,HOMME,114,,0,0,0,0,0,0,15,0,0,0,0,0,0,0,0,15
Bourdon,,,,HOMME,115,,0,0,0,0,0,0,18,0,1,0,0,0,0,0,0,19
Brace,,,,HOMME,116,,0,0,0,0,4,1,0,0,0,0,0,0,0,0,0,5
Brahil,,,,HOMME,117,,0,0,0,0,0,0,2,0,0,0,0,0,0,0,0,2
Brand,,,,HOMME,118,,0,0,0,0,0,3,0,1,0,0,0,0,34,47,7,92
Brashia,,,,FEMME,120,,0,0,0,0,0,0,11,0,0,0,0,0,0,0,0,11
Bravonner,,,,HOMME,121,,0,0,0,0,0,0,5,0,0,0,0,0,0,0,0,5
Breda,,,,FEMME,122,,0,0,0,0,0,0,0,0,0,0,0,0,0,11,0,11
Breide,,,,HOMME,123,,0,0,0,0,0,43,0,0,0,0,0,0,0,12,0,55
Brekke,Brekker,,,FEMME,124,,0,0,0,0,0,16,0,0,375,37,16,7,165,10,6,632
Brenton,,,,HOMME,125,,0,0,1,0,0,0,0,0,0,0,0,0,0,0,0,1
Brestolli,,,,HOMME,126,,0,0,0,0,0,0,0,0,0,0,0,0,0,11,0,11
Brever,,,,HOMME,127,,0,0,0,0,0,2,0,0,0,0,0,0,0,0,0,2
Briala,,,,FEMME,128,,0,0,0,0,0,0,0,0,0,0,24,0,0,0,0,24
Brian,,,,HOMME,129,,27,0,0,0,0,0,0,0,0,0,0,0,0,0,0,27
Briaret,,,,HOMME,130,,0,0,0,0,0,6,0,0,0,0,0,1,1,2,0,10
Bridgely,,,,HOMME,131,,0,0,85,0,0,0,0,0,0,0,0,0,0,0,0,85
Brinaret,,,,HOMME,132,,0,0,0,0,0,0,0,0,0,0,0,1,0,0,0,1
Brindel,,,,,133,,0,0,0,0,0,1,0,0,0,0,0,0,0,0,0,1
Brinna,,,,FEMME,134,,0,0,0,0,0,0,0,0,0,0,0,0,0,1,0,1
Briskin,,,,HOMME,135,,0,0,2,0,0,0,0,0,0,0,0,0,0,0,0,2
Bristol,,,,HOMME,136,,0,0,0,0,0,0,3,0,0,0,0,0,0,0,0,3
Brodo,,,,HOMME,137,,0,0,0,0,0,0,3,0,0,0,0,0,0,0,0,3
Brolly,,,,HOMME,138,,0,0,0,0,0,0,0,0,0,0,12,8,0,0,0,20
Brookie,,,,HOMME,139,,0,0,3,0,0,0,0,0,0,0,0,0,0,0,0,3
Brosil,,,,HOMME,140,,0,0,0,0,0,0,1,0,0,0,0,0,0,0,0,1
Brudegan,Bruddie,,,HOMME,141,,0,0,0,0,0,0,0,0,14,0,41,0,0,0,0,55
Burdion,,,,HOMME,142,,0,0,0,5,0,1,0,0,0,0,0,0,0,0,0,6
C’reel ,,,,,144,,0,0,0,0,0,0,0,0,0,0,0,0,0,0,30,30
C’rob,,,,HOMME,145,,0,0,0,0,0,0,30,0,0,0,0,0,0,0,0,30
C’tarel,,,,HOMME,146,,0,0,0,0,0,0,0,0,0,2,0,0,0,0,0,2
C’ver,,,,HOMME,147,,0,0,0,6,0,1,0,0,0,0,0,0,0,0,0,7
C’vert,,,,HOMME,148,,0,0,0,2,0,0,0,0,0,0,0,0,0,0,0,2
C’vrel,,,,HOMME,149,,0,0,0,0,0,0,14,0,0,0,0,0,0,0,0,14
Cabot,Francis,Carter,,HOMME,150,,39,0,0,0,0,0,0,0,0,0,0,0,0,0,0,39
Calewis,,,,HOMME,152,,0,0,0,0,0,0,0,0,0,0,0,0,0,2,0,2
Camo,,,,HOMME,154,,0,12,0,0,0,0,11,0,0,0,140,6,0,0,0,169
Camo,,,,HOMME,153,,0,12,0,0,0,0,11,0,0,0,140,6,0,0,0,169
Campen,,,,HOMME,155,,0,0,0,4,41,2,0,0,0,0,0,0,0,0,0,47
Campila,,,,FEMME,156,,0,0,0,0,0,0,0,0,0,0,0,0,0,1,0,1
Candler ,,,,HOMME,157,,0,0,0,0,0,0,0,0,0,0,0,19,0,0,0,19
Canell,,,,HOMME,158,,0,0,3,0,0,0,0,0,0,0,0,0,0,0,0,3
Capiam,,,,HOMME,159,,0,0,0,447,60,1,0,0,0,0,3,0,0,0,0,511
Cara,,,,FEMME,160,,9,0,0,0,0,0,0,0,0,0,0,0,0,0,0,9
Carol,Duff,Vassaloe,,FEMME,161,,23,0,0,0,0,0,0,0,0,0,0,0,0,0,0,23
Caselon,,,,HOMME,163,,0,0,0,0,0,0,0,0,0,0,0,0,0,31,0,31
Cathy,,,,FEMME,165,,4,0,0,0,0,0,0,0,0,0,0,0,0,0,0,4
Celina,,,,FEMME,166,,0,0,0,0,0,0,0,0,0,0,0,0,0,2,0,2
Chad,,,,HOMME,168,,0,0,0,0,0,0,0,0,7,0,0,0,0,0,0,7
Chaila,Zavior,Kimmage,,FEMME,169,,7,0,0,0,0,20,0,0,0,0,0,0,0,0,0,27
Chaldon,,,,HOMME,170,,0,0,7,0,0,0,0,0,0,0,0,0,0,0,0,7
Chalkin,,,,HOMME,171,,0,0,303,0,0,0,0,0,0,0,0,0,0,0,0,303
Chenoa,,,,FEMME,172,,0,0,0,0,0,0,0,0,0,0,0,0,0,0,2,2
Cherry,Duff,,,FEMME,173,,38,0,6,0,0,0,0,0,0,0,0,0,0,0,0,44
Chesmic,,,,HOMME,174,,0,0,0,0,0,0,0,0,0,0,0,0,0,0,17,17
Chichis-Fusi,,,,HOMME,175,,3,0,0,0,0,0,0,0,0,0,0,0,0,0,0,3
Childon,,,,HOMME,176,,0,0,0,0,0,12,0,0,0,0,0,0,0,0,0,12
Chio-Chio,,,,FEMME,177,,2,0,0,0,0,0,0,0,0,0,0,0,0,0,0,2
Chochol,,,,HOMME,178,,0,0,0,0,0,0,15,0,0,0,0,0,0,0,0,15
Chomas,,,,HOMME,179,,0,0,4,0,0,0,0,0,0,0,0,0,0,0,0,4
Chris,MacArdle,Cooney,,,180,,2,0,0,0,0,0,0,0,0,0,0,0,0,0,0,2
Christee,,,,,181,,0,0,1,0,0,0,0,0,0,0,0,0,0,0,0,1
Chuck,Havers,,,HOMME,183,,14,0,0,0,0,0,0,0,0,0,0,0,0,0,0,14
Chuck,Kimmage,,,HOMME,182,,12,0,0,0,0,20,0,0,0,0,0,0,0,0,0,32
Chung,,,,HOMME,184,,8,0,0,0,0,0,0,0,0,0,0,0,0,0,0,8
Ciparis,,,,HOMME,185,,0,0,0,0,0,0,0,0,0,0,0,0,0,2,3,5
Clagesh,,,,HOMME,186,,0,0,0,3,0,0,0,0,0,0,0,0,0,0,0,3
Clargesh,,,,FEMME,187,,0,0,0,1,0,1,0,0,0,0,0,0,0,0,0,2
Clell,,,,HOMME,188,,0,0,0,0,0,0,0,0,0,0,0,25,0,0,0,25
Clim,,,,HOMME,189,,0,0,1,0,0,0,0,0,0,0,0,0,0,0,0,1
Clisser,Cliss,,,HOMME,190,,0,0,165,0,0,0,0,0,0,0,0,0,0,0,0,165
Clostan,,,,HOMME,191,,0,0,0,0,0,0,41,0,0,0,0,0,0,0,0,41
Cobber,Alhinwa,,,HOMME,192,,26,0,0,0,0,0,0,0,0,0,0,0,0,0,0,26
Cogneur,,,,HOMME,193,,0,0,0,0,0,48,0,0,0,0,0,0,0,0,0,48
Colmin,,,,HOMME,194,,0,0,0,0,0,0,0,0,0,0,0,0,0,0,1,1
Conwy,,,,HOMME,195,,0,0,0,0,0,17,0,0,0,0,0,0,0,0,0,17
Corana,,,,FEMME,196,,0,0,0,0,0,0,0,0,0,0,0,0,43,0,0,43
Cording,,,,HOMME,197,,0,0,0,0,0,0,4,0,0,0,0,0,0,0,0,4
Corman,,,,HOMME,198,,0,1,0,0,0,12,0,2,18,0,0,0,5,58,2,98
Cosira,,,,FEMME,199,,0,0,0,0,0,0,0,0,0,0,0,0,4,0,8,12
Cr’not,,,,HOMME,200,,0,0,0,9,0,1,0,0,0,0,0,0,0,0,0,10
Creline,,,,HOMME,201,,0,0,0,0,0,0,3,0,0,0,0,0,0,0,0,3
Crenden,Cren,,,HOMME,202,,0,0,0,0,0,75,0,0,0,0,0,0,0,0,0,75
Crivelan,Crivellan-aux-doigts-agiles,,,HOMME,203,,0,0,0,0,0,0,0,0,0,0,0,0,0,0,1,1
Curella,,,,FEMME,204,,0,0,0,0,0,0,0,0,0,0,0,0,0,0,1,1
Curmir,,,,HOMME,205,,0,0,0,13,0,1,0,0,0,0,0,0,0,0,0,14
Curran,,,,HOMME,206,,0,28,0,0,0,0,0,0,0,0,0,0,0,0,5,33
D’clan,,,,HOMME,207,,0,0,0,0,0,0,0,0,0,0,0,0,0,5,0,5
D’fio,,,,HOMME,208,,0,0,0,0,0,0,0,0,0,0,0,0,5,0,0,5
D’miel,,,,HOMME,209,,0,0,7,0,0,0,0,0,0,0,0,0,0,0,0,7
D’namal,,,,HOMME,210,,0,0,0,0,0,0,0,0,0,1,0,0,0,0,0,1
D’nek,,,,HOMME,211,,0,0,0,0,0,0,0,0,1,0,0,0,0,0,0,1
D’nol,,,,HOMME,212,,0,0,0,0,0,0,0,21,0,0,0,0,0,0,0,21
D’ram,,,,HOMME,213,,0,12,0,0,0,51,0,11,106,0,0,0,136,127,51,494
D’say,,,,HOMME,214,,0,0,0,19,0,3,0,0,0,0,0,0,0,0,0,22
D’wer,,,,HOMME,215,,0,0,0,0,0,0,0,0,10,0,0,0,0,0,0,10
Dag,,,,HOMME,216,,0,0,0,73,25,2,0,0,0,0,0,0,0,0,0,100
Dalma,,,,FEMME,217,,0,0,0,0,0,0,8,0,0,0,0,0,0,0,0,8
Dalova,,,,FEMME,218,,0,0,0,11,0,2,0,0,0,0,0,0,0,0,0,13
Danegga,,,,FEMME,219,,0,0,0,0,0,0,0,0,0,0,0,0,0,0,5,5
Dangel,,,,HOMME,220,,0,0,0,2,0,1,0,0,0,0,0,0,0,0,0,3
Danja,,,,FEMME,221,,0,0,19,0,0,0,0,0,0,0,0,0,0,0,0,19
Dannell,,,,HOMME,222,,0,0,0,2,0,1,0,0,0,0,0,0,0,0,0,3
David,Catarel,Dave,,HOMME,223,,53,0,0,0,0,0,0,0,0,0,0,0,0,0,0,53
Debera,Deb,,,FEMME,224,,0,0,172,0,0,0,0,0,0,0,0,0,0,0,0,172
Decker,,,,,225,,0,0,0,0,0,0,0,0,0,0,0,0,0,2,0,2
Deckter,,,,HOMME,226,,0,1,0,0,0,0,0,0,0,0,0,20,0,7,3,31
Declan,,,,HOMME,227,,0,0,0,10,0,1,0,0,0,0,0,0,0,0,0,11
Deece,,,,HOMME,228,,0,0,0,0,0,0,0,0,0,0,1,4,0,0,0,5
Deefer,,,,HOMME,229,,0,0,0,6,6,1,0,0,0,0,0,0,0,0,0,13
Deegan,,,,HOMME,230,,0,0,0,0,0,0,0,0,0,0,0,0,0,3,0,3
Deelan,,,,FEMME,231,,0,0,0,0,0,0,0,0,0,0,0,0,18,0,0,18
Delart,,,,FEMME,232,,0,0,0,0,0,0,0,0,0,0,0,0,0,0,1,1
Denol,,,,HOMME,233,,0,4,0,0,0,17,0,0,0,0,0,0,0,14,1,36
Dermently,,,,HOMME,234,,0,0,0,0,0,0,0,0,0,0,5,0,1,0,0,6
Desdra,,,,FEMME,235,,0,0,0,141,70,1,0,0,0,0,0,0,0,0,0,212
Desi,Arthied,,,HOMME,236,,21,0,0,0,0,0,0,0,0,0,0,0,0,0,0,21
Diatis,,,,HOMME,237,,0,0,0,4,0,2,0,0,0,0,0,0,0,0,0,6
Dieter,Clissmann,,,HOMME,238,,23,0,0,0,0,0,0,0,0,0,0,0,0,0,0,23
Diona,,,,FEMME,239,,0,0,0,18,0,1,0,0,0,0,0,0,0,0,0,19
Dirzan,,,,HOMME,240,,0,0,0,0,0,0,0,0,0,0,0,88,0,0,0,88
Domaize,,,,HOMME,241,,0,0,34,0,0,0,0,0,0,0,0,0,0,0,0,34
Domick,,,,HOMME,242,,0,0,0,0,0,1,2,0,0,0,172,32,0,8,0,215
Dorai,,,,HOMME,243,,0,0,0,0,0,1,0,0,0,0,0,0,0,0,0,1
Doral,,,,HOMME,244,,0,0,0,0,7,0,0,0,0,0,0,0,0,0,0,7
Dorse,,,,HOMME,245,,0,0,0,0,0,11,0,0,0,0,0,0,25,0,20,56
Drake,Bonneau,,,HOMME,247,,83,1,0,0,0,1,0,0,0,0,0,0,0,1,0,86
Dresda,,,,FEMME,248,,0,0,0,1,0,0,0,0,0,0,0,0,0,0,0,1
Dugall,,,,HOMME,249,,0,0,0,0,0,0,1,0,0,0,0,0,0,0,0,1
Dulsay,,,,FEMME,250,,0,0,0,0,0,4,0,0,0,0,0,0,0,0,11,15
Dunca,,,,FEMME,251,,0,0,0,0,0,0,0,0,0,0,98,0,0,0,0,98
Dunegrine,,,,,252,,0,0,0,0,1,0,0,0,0,0,0,0,0,0,0,1
Durak,,,,,253,,0,0,0,0,0,0,0,0,0,0,0,0,0,1,0,1
Durras,,,,FEMME,254,,0,3,0,0,0,0,0,0,0,0,0,0,0,0,0,3
Dushik,,,,HOMME,255,,0,0,0,0,0,65,0,0,0,0,0,0,0,0,0,65
Eddik,,,,HOMME,256,,0,0,0,0,0,2,0,0,0,0,0,0,0,0,0,2
Effram,,,,,257,,2,0,0,0,0,0,0,0,0,0,0,0,0,0,0,2
Egara,,,,FEMME,258,,0,0,0,0,0,0,0,0,0,0,0,0,0,0,1,1
Elgion,,,,HOMME,259,,0,0,0,0,0,0,0,0,0,154,8,0,0,0,0,162
Elimona,,,,FEMME,260,,0,0,0,0,0,0,0,0,0,0,0,0,0,2,0,2
Emilin,,,,HOMME,261,,0,0,1,0,0,0,0,0,0,0,0,0,0,0,0,1
Emily,Boll,Em,,FEMME,262,,245,6,10,14,5,14,13,3,22,0,5,1,4,7,31,380
Empie,,,,FEMME,263,,0,0,0,2,0,1,0,0,0,0,0,0,0,0,0,3
Emsor,,,,HOMME,264,,0,0,0,0,0,0,2,0,0,0,0,0,0,0,0,2
Eric,Hegelman,,,HOMME,265,,8,0,0,0,0,0,0,0,0,0,0,0,0,0,0,8
Erkin,,,,HOMME,266,,0,0,0,0,0,0,4,0,0,0,0,0,0,0,0,4
Erragon,,,,HOMME,267,,0,0,0,0,0,0,0,0,0,0,0,0,0,0,137,137
Esrella,,,,FEMME,268,,0,0,0,0,0,0,0,0,0,0,0,0,0,1,0,1
Evan,,,,FEMME,270,,0,0,0,0,0,0,0,0,0,0,0,0,0,16,0,16
Evarel,,,,HOMME,271,,0,0,0,0,0,0,18,0,0,0,0,0,0,0,0,18
Evelene,,,,FEMME,272,,0,0,0,0,0,0,6,0,0,0,0,0,0,0,0,6
Evenek,,,,HOMME,273,,0,0,0,0,0,0,17,0,0,0,0,0,0,0,0,17
Ezra,Keroon,,,HOMME,274,,123,2,13,82,16,41,10,25,18,2,0,2,11,13,36,394
F’duril,,,,HOMME,275,,0,0,0,21,0,1,0,0,0,0,0,0,0,0,0,22
F’gal,,,,HOMME,276,,0,0,0,15,0,2,0,0,0,0,0,0,0,0,0,17
F’lar,Falla,Fallarnon,,HOMME,277,,0,76,0,0,0,66,80,846,854,16,1,13,406,371,209,2938
F’lessan,,,,HOMME,278,,0,23,0,0,0,0,0,0,0,0,0,0,30,77,729,859
F’neldril,,,,HOMME,280,,0,0,0,19,1,1,0,0,0,0,0,0,0,0,0,21
F’nor,F’lor,,,HOMME,281,,0,0,0,0,0,13,23,245,545,13,16,9,146,32,40,1082
F’rad,,,,HOMME,282,,0,0,0,0,0,0,0,0,6,0,0,0,0,0,0,6
F’tol,,,,HOMME,283,,0,0,3,0,0,0,0,0,0,0,0,0,0,0,0,3
Fabry,,,,,284,,0,8,0,0,0,0,0,0,0,0,0,0,0,0,0,8
Facenden,,,,HOMME,285,,0,0,0,0,0,0,0,0,0,0,1,0,0,2,0,3
Falawny,,,,HOMME,286,,0,0,0,0,0,0,3,0,0,0,0,0,0,0,0,3
Falga,,,,FEMME,287,,0,0,0,50,1,2,0,0,0,0,0,0,0,0,0,53
Famanoran,,,,HOMME,288,,0,0,0,0,0,0,6,0,0,0,0,0,0,0,0,6
Famira,,,,FEMME,289,,0,0,0,0,0,0,0,0,11,0,0,0,0,0,0,11
Fandarel,,,,HOMME,290,,0,39,0,0,0,66,1,35,101,0,1,1,95,211,11,561
Farelly,,,,,292,,0,0,0,1,0,1,0,0,0,0,0,0,0,0,0,2
Farley,,,,HOMME,294,,0,0,3,0,0,0,0,0,0,0,0,0,0,0,0,3
Farnol,,,,HOMME,295,,0,0,0,0,0,0,0,0,0,0,1,0,0,0,0,1
Faselly,,,,FEMME,297,,0,0,0,0,0,0,0,0,0,0,0,0,0,1,0,1
Federen,,,,HOMME,299,,0,0,0,0,0,0,0,0,0,0,0,0,0,1,0,1
Feldon,,,,HOMME,300,,0,0,0,0,0,0,0,0,0,0,2,0,0,0,0,2
Felena,,,,FEMME,301,,0,0,0,0,0,0,0,0,0,25,3,0,0,0,0,28
Felessan,Fesselan,,,HOMME,302,,0,0,0,0,0,0,0,0,106,0,1,10,7,0,0,124
Felicia,,,,FEMME,303,,4,0,0,0,0,0,0,0,0,0,0,0,0,0,0,4
Felim,,,,HOMME,304,,0,0,0,0,15,1,0,0,0,0,0,0,0,0,0,16
Fender,,,,HOMME,305,,0,0,1,0,0,0,0,0,0,0,0,0,4,0,0,5
Fenela,,,,FEMME,306,,0,0,0,0,0,0,0,0,0,1,1,0,0,0,0,2
Ferfar,,,,HOMME,307,,0,0,0,0,0,3,0,0,0,0,0,0,0,0,0,3
Fergal,,,,HOMME,308,,0,0,0,15,28,1,0,0,0,0,0,0,0,0,0,44
Ferina,,,,FEMME,309,,0,0,5,0,0,0,0,0,0,0,0,0,0,0,0,5
Fesnal,,,,HOMME,310,,0,0,0,0,0,0,0,0,0,0,1,0,0,0,0,1
Fidello,,,,HOMME,311,,0,0,0,0,0,0,0,0,0,0,0,0,17,0,0,17
Filatric,,,,HOMME,312,,0,0,0,1,0,0,0,0,0,0,0,0,0,0,0,1
Finder,,,,HOMME,313,,0,0,0,0,0,0,0,0,0,0,0,0,14,0,0,14
Fira,,,,FEMME,314,,0,0,0,0,0,2,0,0,0,0,0,0,0,0,0,2
Fitatric,,,,HOMME,315,,0,0,0,2,0,2,0,0,0,0,0,0,0,0,0,4
Fleur,du Vent,,,FEMME,316,,67,1,3,2,0,1,2,3,0,5,0,1,3,1,3,92
Florist,,,,HOMME,317,,0,0,0,0,0,0,1,0,0,0,0,0,0,0,0,1
Follen,,,,HOMME,318,,0,0,0,29,5,1,0,0,0,0,0,0,0,0,0,35
Fondarel,,,,HOMME,319,,0,0,0,0,0,0,0,0,0,0,0,0,0,1,0,1
Forris,,,,,320,,0,0,0,0,0,1,0,0,0,0,0,0,0,0,0,1
Fortine,,,,HOMME,321,,0,0,0,37,6,1,0,0,0,0,0,0,0,0,2,46
Fosdak,,,,HOMME,322,,0,0,0,0,0,0,0,0,0,0,0,0,0,6,0,6
Franco,,,,HOMME,323,,0,0,13,0,0,0,0,0,0,0,0,0,0,0,0,13
Fransman,,,,FEMME,324,,0,0,0,0,0,0,0,0,0,0,1,0,0,0,0,1
Frenkal,,,,HOMME,325,,0,0,2,0,0,0,0,0,0,0,0,0,0,0,0,2
Fromelin,,,,HOMME,326,,0,0,0,0,0,0,0,0,0,0,0,0,0,0,1,1
Fulmar,Stone,,,HOMME,327,,42,0,2,0,0,0,0,0,0,0,0,0,0,0,0,44
Furet,,,,HOMME,328,,0,0,0,0,0,0,24,0,0,0,0,0,0,0,0,24
Furlo,,,,HOMME,329,,0,0,0,0,0,0,4,0,0,0,0,0,0,0,0,4
G’bear,,,,,330,,0,0,0,0,0,0,0,0,0,0,0,0,0,0,4,4
G’bol,,,,HOMME,331,,0,0,0,0,0,0,0,0,0,0,0,0,0,0,5,5
G’dened,G’neded,,,HOMME,332,,0,8,0,0,0,0,0,0,0,0,0,0,12,2,60,82
G’don,,,,HOMME,333,,0,0,22,0,0,0,0,0,0,0,0,0,0,0,0,22
G’drel,,,,HOMME,334,,0,0,0,0,3,1,0,0,0,0,0,0,0,0,0,4
G’nag,,,,HOMME,336,,0,0,0,0,0,0,0,0,3,0,0,0,0,0,0,3
G’narish,,,,HOMME,337,,0,1,0,0,0,0,0,0,69,0,0,2,5,1,11,89
G’ranad,,,,HOMME,338,,0,0,0,0,0,0,1,0,0,0,0,0,0,0,0,1
G’rannat,,,,,339,,0,0,0,0,0,0,0,0,0,0,0,0,0,2,0,2
G’ron,Giron,,,HOMME,340,,0,0,1,0,1,100,0,0,0,0,1,0,0,0,2,105
G’sel,,,,HOMME,341,,0,0,0,0,0,0,0,0,9,9,0,0,0,0,0,18
Gabin,,,,HOMME,342,,0,0,0,0,3,1,0,0,0,0,0,0,0,0,0,4
Gabred,,,,HOMME,343,,0,0,0,0,0,2,0,0,0,0,0,0,0,0,0,2
Gaby,,,,HOMME,344,,0,0,0,0,2,0,0,0,0,0,0,0,0,0,0,2
Gallardy,,,,FEMME,345,,0,0,0,11,0,1,0,0,0,0,0,0,0,0,0,12
Gallen,,,,,346,,0,0,0,0,4,1,0,0,0,0,0,0,0,0,0,5
Gallian,Galli,,,HOMME,347,,0,0,39,0,0,0,0,0,0,0,0,0,0,0,0,39
Galnich,Galnish,,,,348,,0,0,0,1,0,1,0,0,0,0,0,0,0,0,0,2
Galter,,,,,349,,0,0,0,0,0,0,0,0,0,0,0,0,0,0,1,1
Gana,,,,FEMME,350,,0,0,0,0,12,0,0,0,0,0,0,0,0,0,0,12
Gandidan,Gandiran,,,HOMME,351,,0,0,0,0,0,0,0,0,6,0,0,0,0,0,0,6
Ganmar,,,,HOMME,352,,0,0,13,0,0,0,0,0,0,0,0,0,0,0,0,13
Garben,,,,HOMME,353,,16,1,1,0,3,3,0,0,0,0,0,0,0,0,0,24
Gardillon,,,,HOMME,354,,0,0,0,0,0,2,0,0,0,0,0,0,0,0,0,2
Gardner,,,,HOMME,355,,0,0,7,0,0,0,0,0,0,0,0,0,0,0,0,7
Gardrow,,,,HOMME,356,,0,0,0,0,0,3,0,0,0,0,0,0,0,0,0,3
Garm,,,,HOMME,357,,0,0,0,0,0,24,0,0,0,0,0,0,0,0,0,24
Garrel,,,,HOMME,359,,0,0,0,0,0,0,0,0,0,0,0,0,0,0,1,1
Garrel,,,,HOMME,358,,0,0,0,0,0,0,0,0,0,0,0,0,0,0,1,1
Gayton,,,,HOMME,360,,0,0,0,0,0,0,0,0,0,0,0,0,0,2,0,2
Gedenase,,,,HOMME,361,,0,0,0,0,0,5,0,0,0,0,0,0,0,0,0,5
Geger,,,,HOMME,362,,0,0,0,0,0,0,0,0,0,0,0,0,0,0,8,8
Gellim,,,,HOMME,363,,0,0,0,0,0,0,0,0,0,0,0,0,0,0,1,1
Genjon,,,,HOMME,365,,0,0,0,2,0,1,0,0,0,0,0,0,0,0,0,3
Germathen,,,,HOMME,367,,0,0,0,0,0,0,4,0,0,0,0,0,0,0,0,4
Gifflen,,,,HOMME,368,,0,0,0,0,0,0,4,0,0,0,0,0,0,0,0,4
Ginia,,,,FEMME,369,,0,0,0,0,0,0,52,0,0,0,0,0,0,0,0,52
Gisa,,,,FEMME,370,,0,0,7,0,0,0,0,0,0,0,0,0,0,0,0,7
Glammie,,,,,371,,0,0,0,0,0,1,0,0,0,0,0,0,0,0,0,1
Glay,,,,,372,,0,0,0,0,0,1,0,0,0,0,0,0,0,0,0,1
Gomalsi,,,,HOMME,374,,0,0,0,0,0,0,0,0,0,0,0,0,0,7,0,7
Gorazde,,,,HOMME,375,,0,0,0,0,0,0,2,0,0,0,0,0,0,0,0,2
Gorby,,,,HOMME,376,,0,0,0,2,0,1,0,0,0,0,0,0,0,0,0,3
Gorta,,,,,377,,0,0,0,3,0,1,0,0,0,0,0,0,0,0,0,4
Gostol,,,,HOMME,378,,0,0,0,0,0,0,21,0,0,0,0,0,0,0,0,21
Gram,,,,HOMME,379,,0,0,0,1,0,2,0,0,0,1,0,0,0,0,0,4
Grasella,,,,,380,,0,0,2,0,0,0,0,0,0,0,0,0,0,0,0,2
Greg,Keating,,,,381,,1,0,0,0,0,0,0,0,0,0,0,0,0,0,0,1
Greta,,,,FEMME,382,,23,0,0,0,0,0,0,0,0,0,0,0,0,0,0,23
Grevil,,,,HOMME,383,,0,0,0,0,0,0,0,0,0,0,0,0,0,2,0,2
Grisella,,,,FEMME,384,,0,0,2,0,0,0,0,0,0,0,0,0,0,0,0,2
Grodon,,,,HOMME,385,,0,0,0,0,0,0,4,0,0,0,0,0,0,0,0,4
Groghe,,,,HOMME,387,,0,15,0,0,0,3,58,0,68,0,76,10,58,78,94,460
Gyorgy,,,,HOMME,388,,1,0,0,0,0,0,0,0,0,0,0,0,0,0,0,1
H’ages,,,,,389,,0,0,0,0,0,0,0,0,2,0,0,0,0,0,0,2
H’grave,,,,,390,,0,0,0,1,0,1,0,0,0,0,0,0,0,0,0,2
H’mar,,,,HOMME,391,,0,1,0,0,0,0,0,0,0,0,0,0,0,0,0,1
H’nalt,,,,HOMME,392,,0,0,0,0,0,0,0,0,0,0,0,0,0,2,0,2
H’nor,,,,HOMME,393,,0,0,0,0,0,0,0,0,0,0,0,0,0,0,5,5
H’redan,,,,,394,,0,0,0,0,0,0,0,0,0,0,0,0,0,0,1,1
Halanna,,,,FEMME,395,,0,0,0,0,0,0,54,0,0,0,0,0,0,0,0,54
Halefor,,,,HOMME,396,,0,0,0,0,0,0,0,0,0,0,0,0,0,2,0,2
Halibran,,,,HOMME,397,,0,0,0,0,0,0,16,0,0,0,0,0,0,0,0,16
Haligon,,,,HOMME,398,,0,0,0,0,0,0,0,0,0,0,0,0,0,0,83,83
Hally,,,,FEMME,399,,0,1,0,0,0,0,0,0,0,0,0,0,0,0,0,1
Hamian,,,,HOMME,400,,0,5,0,0,0,51,0,0,0,0,0,0,0,43,3,102
Haura,,,,FEMME,401,,0,0,0,15,1,1,0,0,0,0,0,0,0,0,0,17
Hayara,,,,FEMME,402,,0,0,0,0,0,0,46,0,0,0,0,0,0,0,0,46
Hayon,,,,HOMME,403,,1,0,0,0,0,0,26,0,0,0,0,1,0,0,0,28
Hedelman,,,,,404,,0,0,0,0,0,1,0,0,0,0,0,0,0,0,0,1
Hegmon,,,,HOMME,405,,0,0,20,0,0,0,0,0,0,0,0,0,0,0,0,20
Heinrich,,,,,406,,1,0,0,0,0,0,0,0,0,0,0,0,0,0,0,1
Helly,,,,HOMME,407,,0,0,0,15,0,1,0,0,0,0,0,0,0,0,0,16
Hillegel,,,,HOMME,408,,0,0,0,0,0,0,0,0,0,0,0,0,0,0,1,1
Hittet,,,,HOMME,409,,0,0,0,0,0,0,0,0,0,0,0,11,0,0,0,11
Hobson,,,,HOMME,410,,0,11,0,0,0,0,0,0,0,0,0,0,0,0,0,11
Holht,,,,FEMME,411,,0,0,0,1,0,0,0,0,0,0,0,0,0,0,0,1
Horon,,,,HOMME,412,,0,1,0,0,0,0,0,0,0,0,0,0,1,0,19,21
Hosbon,,,,HOMME,413,,0,0,0,0,0,0,0,0,0,0,0,0,0,0,15,15
Iantine,Ian,,,HOMME,414,,0,0,377,0,0,0,0,0,0,0,0,0,0,0,0,377
Idarolan,Iddie,,,HOMME,415,,0,80,0,0,0,10,6,0,1,0,0,0,26,37,58,218
Idoralan,,,,HOMME,416,,0,0,0,0,0,0,0,0,0,0,0,0,2,0,0,2
Ifor,,,,HOMME,417,,0,0,0,0,0,0,11,0,0,0,0,0,0,0,0,11
Irene,,,,FEMME,418,,0,0,31,0,0,0,0,0,0,0,0,0,0,0,0,31
Irtine,,,,,419,,0,0,0,0,0,1,0,0,0,0,0,0,0,0,0,1
Isla,,,,FEMME,420,,0,0,0,0,0,0,2,0,0,0,0,0,0,0,0,2
Issony,,,,HOMME,421,,0,0,32,0,0,0,0,0,0,0,0,0,0,0,0,32
Ita,,,,FEMME,422,,0,0,0,0,0,0,0,0,0,0,0,0,0,0,3,3
Ivan,le Terrible,,,HOMME,423,,1,0,0,0,0,0,0,0,1,1,0,0,0,0,1,4
J’dar,,,,HOMME,424,,0,0,5,0,0,0,0,0,0,0,0,0,0,0,0,5
J’fery,,,,HOMME,425,,0,0,0,0,0,0,0,0,0,0,0,0,0,0,13,13
J’lono,,,,,426,,0,0,0,0,0,0,0,0,0,0,0,0,0,1,0,1
J’ralt,Jeralte,,,HOMME,427,,0,0,0,0,0,0,0,0,4,0,0,0,0,0,0,4
Jacob,Chernoff,,,HOMME,428,,23,0,0,0,0,0,0,0,0,0,0,0,0,0,0,23
Jake,Chernoff,,,HOMME,429,,29,0,0,0,0,0,0,0,0,0,0,0,0,0,0,29
Jallora,,,,FEMME,430,,0,0,0,26,1,1,0,0,0,0,0,0,0,0,0,28
Jamson,,,,HOMME,431,,0,0,85,0,0,0,0,0,0,0,0,0,0,0,0,85
Janara,,,,FEMME,432,,0,0,0,0,0,2,0,0,0,0,0,0,0,0,0,2
Jancis,,,,FEMME,433,,0,2,0,0,0,138,0,0,0,0,0,0,0,176,10,326
Jane,,,,FEMME,434,,0,0,11,0,0,0,0,0,0,0,0,0,0,0,0,11
Janissian,,,,FEMME,435,,0,0,0,0,0,0,0,0,0,0,0,0,0,0,21,21
Jarrol,,,,HOMME,436,,0,1,0,0,0,1,0,0,0,0,0,0,0,19,0,21
Jaxom,Jax,,,HOMME,438,,0,41,0,0,0,126,0,2,232,6,5,4,1368,1179,114,3077
Jayge,Lilcamp,,,HOMME,439,,0,153,0,0,0,636,0,0,0,0,0,0,0,27,7,823
Jemmy,,,,HOMME,440,,0,0,51,0,0,0,0,0,0,0,0,0,0,0,0,51
Jenfa,,,,FEMME,441,,0,0,0,0,0,1,0,0,0,0,0,0,0,0,0,1
Jepson,,,,HOMME,442,,7,0,0,0,0,0,0,0,0,0,0,0,0,0,0,7
Jerin,,,,HOMME,443,,0,0,0,0,0,0,0,0,0,0,1,0,0,0,0,1
Jerint,,,,HOMME,444,,0,0,0,0,0,0,7,0,0,0,51,2,0,0,0,60
Jerrint,,,,HOMME,445,,0,0,0,0,0,0,0,0,0,0,0,1,0,0,0,1
Jerry,Mercer,,,HOMME,446,,15,0,0,0,0,0,0,0,0,0,0,0,0,0,0,15
Jesken,,,,HOMME,447,,0,0,0,0,0,0,8,0,0,0,0,0,0,0,0,8
Jess,,,,,448,,1,0,0,0,4,1,0,0,0,0,0,0,0,0,0,6
Jessuan,,,,,449,,0,0,0,0,0,0,0,0,0,0,1,0,0,0,0,1
Jez,,,,HOMME,450,,0,0,0,0,0,0,3,0,0,0,0,0,0,0,0,3
Jiro,Akamoto,,,HOMME,452,,13,0,0,0,0,0,0,0,0,0,0,0,0,0,0,13
Jissamy,,,,FEMME,453,,0,0,0,0,0,0,0,0,0,0,0,0,0,5,0,5
Jivan,,,,HOMME,454,,3,0,0,0,0,0,0,0,0,0,0,0,0,0,0,3
Joanson,,,,HOMME,455,,0,0,4,0,0,0,0,0,0,0,0,0,0,0,0,4
Joe,Millan,,,,456,,1,0,0,0,0,0,0,0,0,0,0,0,0,0,0,1
Joël,Lilienkamp,Joel,Lili,HOMME,457,,90,0,0,0,0,0,0,0,0,0,0,0,0,5,0,95
Johnny ,Greene,,,,458,,1,0,0,0,0,0,0,0,0,0,0,0,0,0,0,1
Jol,,,,HOMME,459,,0,0,22,0,0,0,0,0,0,0,0,0,0,0,0,22
Jonno,,,,,460,,0,0,0,0,0,0,1,0,0,0,0,0,0,0,0,1
Josetta,,,,FEMME,462,,0,0,0,0,0,0,0,0,0,0,0,0,0,0,1,1
Ju,Adjai,Adjar,,FEMME,463,,7,0,0,0,0,0,0,0,0,0,0,0,0,1,0,8
Jubb,,,,HOMME,464,,0,0,0,0,0,0,0,0,0,0,0,0,0,0,9,9
Jule,,,,FEMME,465,,0,0,17,0,0,0,0,0,0,0,0,0,0,0,0,17
Juvana,,,,FEMME,466,,0,0,0,0,0,0,58,0,0,0,0,0,0,0,0,58
K’dor,,,,,468,,0,0,0,0,0,0,0,0,1,0,0,0,0,0,0,1
K’dren,,,,HOMME,469,,0,0,0,40,0,2,0,0,0,0,0,0,0,0,0,42
K’drin,,,,HOMME,470,,0,0,0,0,0,0,0,0,0,0,0,0,0,0,1,1
K’lon ,,,,HOMME,471,,0,0,0,174,1,1,0,0,0,0,0,0,0,0,0,176
K’nebel,,,,HOMME,472,,0,0,0,0,0,0,0,0,0,0,0,0,8,0,0,8
K’net,,,,HOMME,473,,0,0,0,0,0,0,4,40,0,0,0,0,0,0,0,44
K’van,,,,HOMME,474,,0,31,0,0,0,49,0,0,0,0,0,0,1,29,34,144
K’vin,Kev,,,HOMME,475,,0,0,298,0,0,0,0,0,0,0,0,0,0,0,0,298
Kailey,,,,HOMME,476,,0,0,0,0,0,0,5,0,0,0,0,0,0,0,0,5
Kalem,,,,HOMME,478,,0,0,0,0,0,0,1,0,0,0,0,0,0,0,0,1
Kaljan,,,,HOMME,479,,0,0,0,0,0,0,0,0,0,0,0,3,0,0,0,3
Kalvi,,,,HOMME,480,,0,0,55,0,0,0,0,0,0,0,0,0,0,0,0,55
Kami,,,,FEMME,481,,0,31,0,0,0,0,0,0,0,0,0,0,0,0,0,31
Kamiana,,,,FEMME,482,,0,0,0,21,3,1,0,0,0,0,0,0,0,0,0,25
Kamina,,,,FEMME,483,,0,0,0,2,0,0,0,0,0,0,0,0,0,0,0,2
Kanadin,K’din,,,HOMME,484,,0,18,0,0,0,0,0,0,0,0,0,0,0,0,0,18
Karenchok,,,,HOMME,485,,0,0,0,0,0,0,17,0,0,0,0,0,0,0,0,17
Kashman,,,,HOMME,486,,0,0,0,0,0,0,0,0,0,0,0,0,0,0,29,29
Kathy,Duff,,,FEMME,488,,28,0,0,0,0,0,0,0,0,0,0,0,0,0,0,28
Kayla,,,,,489,,0,0,0,0,0,0,0,0,0,0,1,0,0,0,0,1
Keita,,,,FEMME,490,,0,0,0,0,0,4,0,0,0,0,0,0,0,0,39,43
Kenalas,,,,FEMME,491,,0,0,0,0,0,0,0,0,1,0,0,0,0,0,0,1
Kepiru,,,,HOMME,493,,0,0,0,0,0,0,4,0,0,0,0,0,0,0,0,4
Ker,,,,,494,,0,0,0,0,0,0,0,0,0,0,0,0,0,4,0,4
Kern,,,,HOMME,495,,0,1,0,0,0,0,0,0,0,0,0,0,1,0,0,2
Ketrin,,,,HOMME,496,,0,0,0,0,0,12,0,0,0,0,0,0,0,0,0,12
Kevelon,,,,HOMME,497,,0,0,0,0,0,7,0,0,0,0,0,0,0,0,0,7
Kinsale,,,,HOMME,498,,0,0,0,0,0,0,2,0,0,0,0,0,0,0,0,2
Kinver,,,,HOMME,499,,0,0,1,0,0,0,0,0,0,0,0,0,0,0,0,1
Kirnety,,,,HOMME,500,,0,0,0,0,0,0,0,0,0,0,0,0,1,0,0,1
Kit,Ping,Kitti,,FEMME,502,,113,0,0,0,0,0,0,0,0,0,0,0,0,2,0,115
Kitral,,,,FEMME,503,,0,1,0,0,0,0,0,0,0,0,0,0,0,0,0,1
Kitrin,,,,FEMME,504,,0,26,0,0,0,0,0,0,0,0,0,0,0,0,0,26
Kizan,,,,HOMME,505,,0,0,4,0,0,0,0,0,0,0,0,0,0,0,0,4
Klada,,,,FEMME,506,,0,0,0,0,0,0,4,0,0,0,0,0,0,0,0,4
Kubisa,,,,FEMME,507,,0,0,0,0,0,0,24,0,0,0,0,0,0,0,0,24
Kulan,,,,HOMME,508,,0,0,0,7,0,1,0,0,0,0,0,0,0,0,0,8
Kulla,,,,FEMME,509,,0,0,0,0,0,0,9,0,0,0,0,0,0,0,0,9
Kung,,,,,510,,1,0,0,0,0,0,0,0,0,0,0,0,0,0,0,1
Kurt,,,,,511,,2,0,0,0,0,0,0,0,0,0,0,0,0,0,0,2
Kwan ,Marceau,,,HOMME,512,,15,0,0,0,0,0,0,0,0,0,0,0,0,0,0,15
Kylara,,,,FEMME,513,,0,0,0,0,0,4,0,38,230,5,0,3,6,0,0,286
Kylos,,,,HOMME,514,,0,0,0,1,0,1,0,0,0,0,0,0,0,0,0,2
L’bol,,,,HOMME,515,,0,0,0,25,0,2,0,0,0,0,0,0,0,0,0,27
L’rad,,,,HOMME,517,,0,0,0,0,0,0,0,1,0,0,0,0,0,0,0,1
L’rayl,,,,HOMME,518,,0,0,0,4,0,1,0,0,0,0,0,0,0,0,0,5
L’sur,,,,HOMME,519,,0,0,4,0,0,0,0,0,0,0,0,0,0,0,0,4
L’tol,Lytol,Lytonal,,HOMME,520,,0,3,0,0,0,18,11,79,142,0,3,0,236,243,73,808
L’trel,,,,HOMME,521,,0,0,0,0,0,0,0,0,1,0,0,0,0,0,0,1
L’vin,,,,,522,,0,0,0,1,0,1,0,0,0,0,0,0,0,0,0,2
L’zal,,,,,523,,0,0,0,0,0,0,0,0,0,0,0,0,0,1,0,1
L’zan,,,,HOMME,524,,0,0,0,0,0,0,0,0,0,0,0,0,0,3,0,3
Laela,,,,FEMME,525,,0,0,0,0,0,0,5,0,0,0,0,0,0,0,0,5
Laland,,,,HOMME,526,,0,0,1,0,0,0,0,0,0,0,0,0,0,0,0,1
Lally,Moorhouse,,,FEMME,527,,1,0,0,0,0,0,0,0,0,0,0,0,0,0,0,1
Landon,,,,HOMME,528,,0,0,0,0,0,0,7,0,0,0,0,0,0,0,0,7
Langrell,,,,HOMME,529,,0,0,0,0,0,0,0,0,0,0,0,0,0,0,6,6
Larad,,,,HOMME,530,,0,13,0,0,0,103,23,29,68,0,0,0,2,75,14,327
Laradian,,,,HOMME,532,,0,0,0,0,0,0,0,0,0,0,0,0,0,2,1,3
Laradian,,,,HOMME,531,,0,0,0,0,0,0,0,0,0,0,0,0,0,2,1,3
Laudey,,,,HOMME,534,,0,5,0,0,0,18,0,0,4,0,0,3,1,12,2,45
Lauley,,,,HOMME,535,,0,0,0,0,0,0,0,0,0,0,0,1,0,0,0,1
Laura,,,,FEMME,536,,0,0,6,0,0,0,0,0,0,0,0,0,0,0,0,6
Lavel,,,,HOMME,537,,0,0,10,0,0,0,0,0,0,0,0,0,0,0,0,10
Layrence,,,,,538,,0,0,1,0,0,0,0,0,0,0,0,0,0,0,0,1
Lear,,,,HOMME,539,,0,0,0,0,0,0,2,0,0,0,0,0,0,0,0,2
Lechi,,,,,540,,0,0,0,0,0,0,0,0,0,0,0,0,0,0,2,2
Leef,Leff,,,HOMME,541,,0,0,0,31,2,1,0,0,0,0,0,0,0,0,0,34
Lemsia,,,,FEMME,542,,0,0,0,0,0,0,0,0,0,0,0,0,0,1,0,1
Lensdale,,,,HOMME,543,,1,0,0,0,0,0,0,0,0,0,0,0,0,0,0,1
Léo,Léopol,,,HOMME,544,,0,0,82,0,0,0,0,0,0,0,0,0,0,0,0,82
Leri,,,,FEMME,545,,0,0,0,306,13,1,0,0,0,0,0,0,0,0,0,320
Lesnour,,,,HOMME,546,,0,0,3,0,0,0,0,0,0,0,0,0,0,0,0,3
Lessa,,,,FEMME,547,,0,82,0,0,0,121,14,674,440,45,3,20,309,353,292,2353
Lesselam,,,,,548,,0,1,0,0,0,0,0,0,0,0,0,0,0,0,0,1
Lesselden,,,,HOMME,549,,0,0,0,0,0,0,3,0,0,0,0,0,0,0,0,3
Levalla,,,,FEMME,550,,0,0,0,24,0,2,0,0,0,0,0,0,0,0,0,26
Lexey,,,,HOMME,551,,0,0,0,0,0,0,26,0,0,0,0,0,0,0,0,26
Lias,,,,HOMME,552,,0,0,0,0,0,0,0,0,0,0,0,0,0,0,9,9
Libby,,,,FEMME,553,,0,0,0,0,0,0,13,0,0,0,0,0,0,0,0,13
Lidora,,,,FEMME,554,,0,0,0,14,1,1,0,0,0,0,0,0,0,0,0,16
Ligand,,,,HOMME,555,,0,0,0,0,0,0,0,0,0,0,4,0,0,1,0,5
Lilla,,,,FEMME,556,,0,0,0,0,6,1,0,0,0,0,0,0,0,0,0,7
Lissala,,,,FEMME,557,,0,0,0,0,0,0,3,0,0,0,0,0,0,0,0,3
Lobirn,,,,HOMME,558,,0,0,0,0,0,0,74,0,0,0,0,0,0,0,0,74
Lonada,,,,FEMME,559,,0,0,2,0,0,0,0,0,0,0,0,0,0,0,0,2
Londik,,,,HOMME,560,,0,0,0,0,0,0,10,0,0,0,0,0,0,0,0,10
Loreana,,,,FEMME,561,,0,0,0,1,0,1,0,0,0,0,0,0,0,0,0,2
Lorra,,,,FEMME,562,,0,0,0,0,0,0,48,0,0,0,0,0,0,0,0,48
Losacot,,,,HOMME,563,,0,0,0,0,0,0,0,0,0,0,0,0,0,2,0,2
Lotricia,,,,FEMME,565,,0,0,0,0,0,0,15,0,0,0,0,0,0,0,0,15
Lotricia,,,,FEMME,564,,0,0,0,0,0,0,15,0,0,0,0,0,0,0,0,15
Lozell,,,,HOMME,566,,0,0,7,0,0,0,0,0,0,0,0,0,0,0,0,7
Luccha,,,,FEMME,567,,0,0,5,0,0,0,0,0,0,0,0,0,0,0,0,5
Lucil,,,,FEMME,568,,0,0,0,0,1,1,0,0,0,0,0,0,0,0,0,2
Lur,,,,HOMME,570,,0,2,0,0,0,0,0,0,0,0,0,0,0,0,0,2
M’barak,,,,HOMME,571,,0,0,0,56,17,1,0,0,0,0,0,0,0,0,0,74
M’dani,,,,,572,,0,0,1,0,0,0,0,0,0,0,0,0,0,0,0,1
M’gent,,,,HOMME,573,,0,0,0,5,0,2,0,0,0,0,0,0,0,0,0,7
M’hall,,,,,574,,0,0,1,0,0,0,0,0,0,0,0,0,0,0,0,1
M’leng,,,,HOMME,575,,0,0,70,0,0,0,0,0,0,0,0,0,0,0,0,70
M’ling,,,,,576,,0,0,0,0,0,0,0,0,0,0,0,0,0,0,1,1
M’rak,,,,HOMME,578,,0,0,5,0,0,0,0,0,0,0,0,0,0,0,0,5
M’rand,,,,HOMME,579,,0,0,0,0,0,0,0,0,0,0,0,0,0,3,36,39
M’ray,,,,HOMME,580,,0,0,0,7,0,1,0,0,0,0,0,0,0,0,0,8
M’rek,,,,HOMME,581,,0,0,0,0,0,0,0,0,6,0,0,0,0,0,0,6
M’ridin,,,,HOMME,582,,0,0,0,0,0,0,10,0,0,0,0,0,0,0,0,10
M’shall,,,,HOMME,583,,0,0,143,0,0,0,0,0,0,0,0,0,0,0,0,143
M’sur,,,,HOMME,584,,0,2,0,0,0,0,0,0,0,0,0,0,0,0,0,2
M’tani,,,,HOMME,585,,0,0,0,39,1,2,0,0,0,0,0,0,0,0,0,42
Macabir,,,,HOMME,586,,0,0,0,0,7,1,0,0,0,0,0,0,0,0,0,8
Macester,,,,HOMME,587,,0,0,0,0,0,0,6,0,0,0,0,0,0,0,0,6
Macy,,,,HOMME,588,,0,0,0,0,0,0,0,0,0,0,0,0,0,0,4,4
Magalia,,,,FEMME,589,,0,0,0,0,0,0,0,0,0,0,0,0,0,0,1,1
Mairi,,,,FEMME,591,,30,0,0,0,0,0,0,0,0,0,0,0,0,0,0,30
Mairian,,,,,592,,0,0,1,0,0,0,0,0,0,0,0,0,0,0,0,1
Maizella,,,,FEMME,593,,0,0,0,0,0,0,57,0,0,0,0,0,0,0,0,57
Makfar,,,,HOMME,594,,0,0,0,5,0,1,0,0,0,0,0,0,0,0,0,6
Mallan,,,,HOMME,595,,0,0,0,0,0,0,27,0,0,0,0,0,0,0,0,27
Manora,,,,FEMME,596,,0,0,0,0,0,0,9,60,72,50,6,2,5,4,34,242
Manotti,,,,HOMME,597,,0,0,0,0,0,0,0,0,0,0,0,0,0,10,0,10
Mar,Dook,,,HOMME,598,,26,1,0,0,0,0,0,0,0,0,0,0,0,0,0,27
Mara,,,,FEMME,599,,0,0,0,0,3,1,0,0,0,0,0,0,0,0,0,4
Maranis,,,,HOMME,600,,0,0,16,0,0,0,0,0,0,0,0,0,0,0,0,16
Marcator,,,,HOMME,601,,0,0,4,0,0,0,0,0,0,0,0,0,0,0,0,4
Marchane,,,,,602,,0,0,2,0,0,0,0,0,0,0,0,0,0,0,0,2
Marcine,,,,FEMME,603,,0,0,0,0,0,0,7,0,0,0,0,0,0,0,0,7
Mardra,,,,FEMME,605,,0,0,0,0,0,18,0,25,46,0,0,5,4,2,0,100
Mardy,,,,FEMME,606,,0,0,0,0,0,0,3,0,0,0,0,0,0,0,0,3
Marella,,,,FEMME,607,,0,0,0,0,0,12,0,0,0,0,0,0,0,0,3,15
Margatta,,,,FEMME,608,,0,0,0,0,0,0,0,0,0,0,0,0,2,0,3,5
Mari,,,,FEMME,609,,4,2,13,1,5,13,19,0,0,0,1,0,0,5,1,64
Marley,,,,HOMME,610,,0,0,0,0,0,0,0,0,0,0,0,0,0,0,4,4
Marlifin,,,,HOMME,611,,0,0,0,0,0,0,3,0,0,0,0,0,0,0,0,3
Marshal,,,,,612,,0,0,0,0,0,0,0,0,0,0,1,0,0,0,0,1
Mary,Tubberman,,,FEMME,613,,108,0,4,0,0,0,0,0,0,0,0,0,0,0,3,115
Mattew,Matt,,,HOMME,615,,0,0,5,0,0,0,0,0,0,0,0,0,0,0,0,5
Mavi,,,,FEMME,616,,0,1,0,0,0,0,0,0,0,84,1,0,0,0,0,86
Maxilant,,,,HOMME,617,,0,0,0,0,0,0,8,0,0,0,0,0,0,0,0,8
Maylone,,,,HOMME,618,,0,0,0,7,0,1,0,0,0,0,0,0,0,0,0,8
Mechalla,,,,FEMME,619,,0,0,0,0,0,1,0,0,0,0,0,0,0,0,0,1
Medaman,,,,HOMME,620,,0,0,0,0,0,2,0,0,0,0,0,0,0,0,0,2
Medda,,,,FEMME,621,,0,0,0,0,0,0,0,0,0,0,0,0,0,0,16,16
Mekelroy,Pinch,,,HOMME,622,,0,0,0,0,0,0,0,0,0,0,0,0,0,0,178,178
Melongel,,,,HOMME,623,,0,0,0,0,0,0,97,0,0,0,0,0,0,0,0,97
Menolly,Nolly,Monolly,,FEMME,624,,0,146,0,0,0,30,0,0,0,610,995,303,323,121,26,2554
Merdine,,,,HOMME,626,,0,0,0,0,0,0,5,0,0,0,0,0,0,0,0,5
Merika,,,,FEMME,628,,0,0,0,0,0,0,0,0,6,0,0,0,2,0,0,8
Mesla,,,,FEMME,631,,0,0,5,0,0,0,0,0,0,0,0,0,0,0,0,5
Miata,,,,FEMME,632,,0,0,0,0,0,0,1,0,0,0,0,0,0,0,0,1
Mibbut,,,,,633,,0,0,0,1,0,1,0,0,0,0,0,0,0,0,0,2
Michael,,,,HOMME,634,,1,0,0,0,0,0,0,0,0,0,0,0,0,0,0,1
Mick,,,,HOMME,635,,3,0,0,0,0,0,0,0,0,0,0,0,0,0,0,3
Mickulin,,,,HOMME,636,,0,0,0,0,0,0,0,0,0,0,0,0,0,0,4,4
Minnarden,,,,HOMME,638,,0,0,0,0,0,0,35,0,0,0,0,0,0,0,0,35
Miridan,,,,FEMME,639,,0,0,0,2,0,2,0,0,0,0,0,0,0,0,0,4
Mirrim,,,,FEMME,640,,0,50,0,0,0,2,0,0,56,108,4,39,79,84,89,511
Miskin,,,,,641,,0,0,0,0,0,0,0,0,0,0,0,0,0,4,0,4
Mislue,,,,FEMME,642,,0,1,0,0,0,0,0,0,0,0,0,0,0,0,0,1
Morif,,,,HOMME,644,,0,0,0,0,0,0,1,0,0,0,0,0,0,0,0,1
Morilton,,,,HOMME,645,,0,0,0,0,0,0,0,0,0,0,0,0,0,26,15,41
Morin,,,,HOMME,646,,0,0,3,0,0,0,0,0,0,0,0,0,0,0,0,3
Morshal,Morshall,,,HOMME,647,,0,0,0,0,0,0,0,0,0,0,42,0,0,0,0,42
Mosser,,,,HOMME,648,,0,0,0,0,0,0,4,0,0,0,0,0,0,0,0,4
Mostar,,,,HOMME,649,,0,0,0,1,7,2,0,0,0,0,0,0,0,0,0,10
Mumolon,,,,HOMME,650,,0,0,0,0,0,0,11,0,0,0,0,0,0,0,0,11
Munchaun,,,,HOMME,651,,0,0,0,0,14,1,0,0,0,0,0,0,0,0,0,15
Murda,,,,FEMME,652,,0,0,0,0,0,7,0,0,0,0,0,0,0,0,0,7
Murfytwen,,,,HOMME,653,,0,0,0,0,0,0,2,0,0,0,0,0,0,0,0,2
Murolin,,,,,654,,0,0,0,0,0,0,0,0,0,0,0,0,0,0,1,1
N’bil,,,,,655,,0,0,0,0,0,0,0,0,0,0,0,0,0,0,2,2
N’gent,,,,HOMME,656,,0,0,0,1,0,0,0,0,0,0,0,0,0,0,0,1
N’men,,,,HOMME,657,,0,0,0,1,0,1,0,0,0,0,0,0,0,0,0,2
N’mool,,,,HOMME,658,,0,0,0,1,0,1,0,0,0,0,0,0,0,0,0,2
N’ran,N’nan,,,HOMME,659,,0,0,2,0,0,0,0,0,0,0,0,0,0,0,0,2
N’ton,,,,HOMME,660,,0,3,0,0,0,24,0,9,90,19,2,35,208,74,66,530
Nabhi,Nabol,,,HOMME,661,,62,2,0,16,1,7,15,15,73,0,1,66,2,6,0,266
Nadira,,,,FEMME,662,,0,0,0,0,0,0,0,0,4,0,0,0,0,0,2,6
Nadona,,,,FEMME,663,,0,0,18,0,0,0,0,0,0,0,0,0,0,0,0,18
Nalka,,,,FEMME,664,,0,0,0,0,9,0,0,0,0,0,0,0,0,0,0,9
Namurra,,,,FEMME,665,,0,0,0,1,0,1,0,0,0,0,0,0,0,0,0,2
Naprila,,,,HOMME,666,,0,0,0,0,0,0,4,0,0,0,0,0,0,0,0,4
Nataly,,,,FEMME,667,,0,0,0,0,0,0,0,0,0,0,0,0,0,6,0,6
Naton,,,,HOMME,668,,0,0,0,0,0,0,0,2,0,0,0,0,0,0,0,2
Nattai,,,,FEMME,669,,0,0,0,1,0,1,0,0,0,0,0,0,0,0,0,2
Naylor,,,,,670,,0,0,0,0,0,0,1,0,0,0,0,0,0,0,0,1
Nazer,,,,HOMME,671,,0,9,0,0,0,38,0,0,0,0,0,0,0,0,0,47
Ned,Tubberman,,,HOMME,672,,107,0,4,0,0,0,0,0,0,0,0,0,0,0,3,114
Neilla,,,,FEMME,673,,0,0,0,0,0,0,1,0,0,0,0,0,0,0,0,1
Neldama,,,,FEMME,674,,0,0,0,0,0,0,0,0,0,0,0,0,0,0,6,6
Nera,,,,FEMME,675,,0,0,0,1,0,0,0,0,0,0,0,0,0,1,0,2
Nessel,,,,HOMME,676,,0,1,0,0,0,0,0,4,19,0,0,2,1,17,0,44
Nesso,,,,FEMME,677,,0,0,0,86,0,1,0,0,0,0,0,0,0,0,0,87
Nia,,,,FEMME,678,,0,0,0,0,6,1,0,0,0,0,0,0,1,1,0,9
Nicat,,,,HOMME,679,,0,26,0,0,0,4,0,0,2,11,3,4,42,6,0,98
Nielsen,,,,HOMME,680,,3,0,0,0,0,0,0,0,0,0,0,0,0,0,0,3
Nika,,,,FEMME,681,,0,1,0,0,0,0,0,0,0,0,0,0,0,0,0,1
Niness,,,,HOMME,682,,0,0,0,0,0,0,0,0,0,0,0,0,0,0,1,1
Nip,,,,HOMME,683,,0,0,0,0,0,0,0,0,0,0,0,0,0,0,2,2
Nora,Sejby,,,FEMME,684,,12,0,0,0,0,0,0,0,0,0,0,0,0,0,0,12
Norist,,,,HOMME,685,,0,0,0,0,0,0,0,0,0,0,0,0,0,47,9,56
Nurevin,,,,HOMME,687,,0,0,0,0,0,0,0,0,0,0,0,0,0,17,0,17
Nyassa,Clissmann,,,FEMME,688,,12,0,0,0,0,0,0,0,0,0,0,0,0,0,0,12
O’ney,,,,HOMME,689,,0,0,5,0,0,0,0,0,0,0,0,0,0,0,0,5
Ogolly,,,,HOMME,690,,0,0,0,0,0,0,20,0,0,0,0,0,0,0,0,20
Oharan,,,,HOMME,691,,0,0,0,0,0,0,0,0,0,16,0,9,1,0,0,26
Oklina,,,,FEMME,692,,0,0,0,100,72,1,0,0,0,0,0,0,0,0,0,173
Oldive,,,,HOMME,693,,0,39,0,0,0,9,14,0,0,0,28,50,37,108,68,353
Olodkey,,,,HOMME,694,,0,0,0,0,0,0,0,0,0,0,0,20,0,0,0,20
Olos,,,,HOMME,695,,0,1,0,0,0,0,0,0,0,0,0,0,0,1,0,2
Oma,,,,FEMME,696,,0,0,0,6,0,0,0,0,0,0,0,0,0,0,0,6
Ongola,,,,HOMME,697,,195,0,0,0,0,0,0,0,0,0,0,0,0,0,0,195
Orna,,,,FEMME,698,,0,0,0,18,0,1,0,0,0,0,0,0,0,0,0,19
Osemore,,,,HOMME,699,,0,0,0,0,0,3,0,0,0,0,0,0,0,0,0,3
Oterel,,,,HOMME,700,,0,6,0,0,0,3,9,0,26,0,0,11,0,39,0,94
Otto,Hegelman,,,HOMME,701,,22,0,0,0,0,0,0,0,0,0,0,0,0,0,0,22
Ozzie,Munson,Oz,,HOMME,702,,31,0,0,0,0,0,0,0,0,0,0,0,0,0,0,31
P’leen,,,,,703,,0,0,0,3,0,1,0,0,0,0,0,0,0,0,0,4
P’nine,,,,HOMME,704,,0,0,0,2,0,1,0,0,0,0,0,0,0,0,0,3
P’ratan,,,,HOMME,705,,0,0,0,0,0,14,0,0,1,0,0,0,0,0,0,15
P’tero,,,,HOMME,706,,0,0,122,0,0,0,0,0,0,0,0,0,0,0,0,122
P’zar,,,,HOMME,707,,0,0,0,0,0,0,0,0,10,0,0,0,0,0,0,10
Palim,,,,HOMME,708,,0,0,0,0,0,0,0,0,0,0,7,0,0,0,0,7
Palla,,,,FEMME,709,,0,0,0,0,0,0,0,0,0,0,0,0,0,0,16,16
Pardure,,,,HOMME,711,,0,7,0,0,0,0,0,0,0,0,0,0,0,0,0,7
Pardure,,,,HOMME,710,,0,7,0,0,0,0,0,0,0,0,0,0,0,0,0,7
Parren,,,,HOMME,712,,0,3,0,0,0,0,0,0,0,0,0,0,0,0,0,3
Pat,Hempenstall,,,HOMME,713,,3,0,0,0,0,0,0,0,0,0,0,0,0,0,0,3
Patrice,de Broglie,,,HOMME,714,,25,0,0,0,0,0,0,0,0,0,0,0,0,0,0,25
Patry,,,,HOMME,715,,0,0,0,0,0,0,1,0,0,0,0,0,0,0,0,1
Patsy,Swann,,,FEMME,716,,1,0,0,0,0,0,0,0,0,0,0,0,0,0,0,1
Paul,Benden,,,HOMME,718,,445,32,101,54,8,157,122,50,227,33,36,44,155,76,125,1665
Paul,Logorides,,,HOMME,717,,412,0,0,0,0,1,0,0,0,1,1,1,0,1,1,418
Paulin,,,,HOMME,719,,0,0,252,0,0,0,0,0,0,0,0,0,0,0,0,252
Pell,,,,HOMME,720,,0,0,0,0,0,1,0,0,0,0,0,0,0,7,0,8
Pellomar,,,,HOMME,721,,0,0,0,0,0,0,0,0,2,0,0,0,0,0,0,2
Pendora,,,,FEMME,722,,0,0,0,0,0,1,0,0,0,0,0,0,0,0,0,1
Pergamol,,,,HOMME,724,,0,0,0,0,0,0,0,0,0,0,15,0,0,0,0,15
Perschar,Pershar,,,HOMME,725,,0,1,0,0,0,42,0,0,0,0,0,0,0,7,0,50
Persellan,,,,HOMME,726,,0,102,0,0,0,0,0,0,0,0,0,0,0,0,10,112
Pessia,,,,FEMME,727,,0,0,0,0,0,0,8,0,0,0,0,0,0,0,0,8
Petan,,,,HOMME,728,,0,0,0,0,0,0,0,0,0,0,0,0,0,0,3,3
Peter,Semling,,,HOMME,729,,40,0,0,0,0,0,0,0,0,0,0,0,0,0,0,40
Peterpar,,,,HOMME,730,,0,0,0,21,0,1,0,0,0,0,0,0,0,0,0,22
Petey,Pete,,,HOMME,731,,20,0,0,0,0,0,0,0,0,0,0,0,0,0,0,20
Peth,,,,,732,,0,0,0,0,2,1,0,0,0,0,0,0,0,0,0,3
Petillo,,,,HOMME,733,,0,0,0,0,0,0,0,0,0,0,1,0,0,0,0,1
Phas,Radamanth,,,HOMME,735,,28,0,0,0,0,0,0,0,0,0,0,0,0,0,0,28
Piemur,,,,HOMME,737,,0,5,0,0,0,568,0,0,0,0,286,751,184,379,10,2183
Pierre,de Courcis,,,HOMME,738,,58,20,21,25,6,20,16,88,53,14,13,14,82,14,19,463
Pilgra,,,,FEMME,739,,0,0,0,0,0,0,0,0,10,0,0,0,0,0,32,42
Pol,,,,HOMME,740,,220,0,0,0,17,4,0,0,0,0,0,0,0,0,0,241
Pol ,Nietro,,,HOMME,741,,233,0,0,0,17,4,0,0,0,0,0,0,0,0,0,254
Pona,,,,FEMME,742,,0,0,0,0,0,0,0,0,0,0,78,0,0,0,0,78
Porrig,Connell,,,HOMME,743,,39,0,3,0,0,0,0,0,0,0,0,0,0,3,0,45
Possil,,,,HOMME,744,,0,0,0,0,0,0,0,0,0,0,0,0,0,0,2,2
Pragal,,,,HOMME,745,,0,0,0,0,0,0,3,0,0,0,0,0,0,0,0,3
Pressen,,,,HOMME,746,,0,0,0,39,0,1,0,0,0,0,0,0,0,0,0,40
Prilla,,,,FEMME,747,,0,0,0,0,0,0,0,0,0,0,0,0,2,0,3,5
Quitrin,,,,HOMME,748,,0,0,0,2,0,1,0,0,0,0,0,0,0,0,0,3
R’gul,Rangul,,,HOMME,749,,0,0,0,0,0,0,35,172,1,0,0,0,0,0,5,213
R’limeak,,,,HOMME,750,,0,0,0,4,0,1,0,0,0,0,0,0,0,0,0,5
R’mart,,,,HOMME,751,,0,22,0,0,0,2,0,0,36,0,0,0,14,5,8,87
R’miel,R’mel,,,,752,,0,0,0,0,0,0,0,0,1,0,0,0,0,0,0,1
R’nor,,,,,753,,0,0,0,0,0,0,0,0,1,0,0,0,0,0,0,1
R’yar,,,,HOMME,754,,0,0,0,0,0,0,2,0,0,0,0,0,0,0,0,2
Raid,,,,HOMME,755,,0,0,0,0,0,20,61,1,45,0,0,1,2,2,3,135
Raïd,,,,HOMME,756,,0,0,0,0,0,0,0,0,1,0,0,0,0,0,0,1
Ram,Da,,,HOMME,757,,2,12,0,0,0,51,0,11,106,0,0,0,136,127,51,496
Ramala,,,,FEMME,758,,0,1,0,0,0,31,0,0,0,0,0,0,0,1,9,42
Rammany,,,,HOMME,759,,0,0,0,0,0,0,0,0,0,0,1,0,0,0,0,1
Rampesi,,,,HOMME,760,,0,1,0,0,0,31,0,0,0,0,0,0,0,0,0,32
Randy,,,,,761,,0,0,0,0,0,0,0,0,0,0,1,0,0,0,0,1
Ranly,,,,HOMME,762,,0,0,0,0,0,0,0,0,0,0,27,7,0,0,0,34
Rannelly,Rannely,,,FEMME,763,,0,0,0,0,0,0,0,0,14,0,0,0,0,0,0,14
Ranneth,,,,HOMME,764,,0,0,0,0,0,0,0,0,0,0,0,0,0,0,4,4
Ranrel,,,,HOMME,765,,0,0,0,0,0,0,0,0,0,0,0,0,0,52,8,60
Rapal,,,,HOMME,766,,0,0,0,1,0,1,0,0,0,0,0,0,0,0,0,2
Rasa,,,,HOMME,767,,0,0,0,0,0,0,3,0,0,0,0,0,0,0,0,3
Ratoshigan,Ratoshinga,,,HOMME,768,,0,0,0,46,4,2,0,0,0,0,0,0,0,0,0,52
Readis,,,,HOMME,769,,0,498,0,0,0,117,0,0,0,0,0,0,0,21,4,640
Red,Hanrahan,,,HOMME,770,,73,0,5,0,0,0,0,0,0,0,0,0,0,2,0,80
Relna,,,,FEMME,771,,0,0,0,0,0,0,3,0,0,0,0,0,0,0,0,3
Rency,,,,HOMME,772,,0,0,0,0,0,0,0,0,0,0,0,0,0,0,11,11
René,Mallibeau,,,HOMME,773,,2,0,0,0,0,0,0,0,0,0,0,0,0,0,0,2
Ricardy,,,,HOMME,774,,0,0,0,0,0,0,1,0,0,0,0,0,0,0,0,1
Richud,,,,HOMME,775,,0,0,17,0,0,0,0,0,0,0,0,0,0,0,0,17
Rill,Nerilka,,,FEMME,776,,0,0,0,38,89,8,0,0,0,11,0,0,0,0,0,146
Riller,,,,HOMME,777,,0,0,0,0,0,0,0,0,0,0,0,0,0,0,3,3
Robina,,,,FEMME,778,,0,3,0,0,0,0,0,0,0,0,0,0,0,0,0,3
Roblyn,,,,HOMME,780,,0,0,0,0,0,0,1,0,0,0,0,0,0,0,0,1
Robse,,,,HOMME,781,,0,10,0,0,0,1,0,0,0,0,0,0,0,2,3,16
Rokayas,,,,HOMME,782,,0,0,0,0,0,0,0,0,0,0,0,24,0,0,0,24
Ronchin,,,,HOMME,783,,0,0,0,0,0,0,0,0,0,0,0,0,0,0,3,3
Rosheen,,,,FEMME,784,,0,0,0,0,0,0,0,0,0,0,0,0,0,0,46,46
Rudi,Shwartz,Rudolph,,HOMME,785,,13,0,0,0,0,0,0,0,0,0,0,0,0,0,0,13
Rulyar,,,,HOMME,786,,0,0,0,0,0,0,6,0,0,0,0,0,0,0,0,6
S’bran,,,,HOMME,788,,0,0,0,0,0,0,8,0,0,0,0,0,0,0,0,8
S’dra,,,,,789,,0,0,0,0,0,0,0,0,0,0,0,0,0,0,2,2
S’gar,,,,,790,,0,0,0,0,0,0,0,0,0,0,0,0,0,1,0,1
S’gor,,,,HOMME,791,,0,0,0,31,0,1,0,0,0,0,0,0,0,0,0,32
S’goral,,,,HOMME,792,,0,0,0,0,0,0,0,0,5,0,0,0,0,0,0,5
S’lan,Selessan,Sellie,,HOMME,793,,0,0,0,0,0,0,0,7,0,0,0,0,0,0,14,21
S’lel,,,,HOMME,794,,0,0,0,0,0,0,9,32,1,0,0,0,0,0,0,42
S’len,,,,HOMME,795,,0,0,0,0,0,0,0,0,0,0,0,0,0,30,0,30
S’ligar,,,,HOMME,796,,0,0,0,41,0,2,0,0,0,0,0,0,0,0,0,43
S’mon,Thomas,,,HOMME,798,,0,0,13,0,0,0,0,0,0,0,0,0,0,0,0,13
S’nan,,,,HOMME,799,,0,0,88,0,0,0,0,0,0,0,0,0,0,0,0,88
S’peren,,,,HOMME,800,,0,0,0,48,2,2,0,0,0,0,0,0,0,0,0,52
S’rond,,,,HOMME,801,,0,0,0,0,0,0,0,0,0,0,0,0,0,1,0,1
Sabra,Ongola,Stein,,FEMME,802,,213,0,0,0,0,0,0,0,0,0,0,0,0,0,0,213
Saday,,,,FEMME,803,,0,0,0,0,0,0,8,0,0,0,0,0,0,0,0,8
Sagassy,,,,FEMME,804,,0,0,0,0,0,0,0,0,0,0,0,0,0,0,21,21
Sal,,,,HOMME,805,,4,0,0,0,11,1,0,0,0,0,0,0,0,0,0,16
Salda,,,,FEMME,806,,0,0,26,0,0,0,0,0,0,0,0,0,0,0,0,26
Sallah ,Telgar-Andiyar,,,FEMME,808,,294,0,0,0,0,1,0,0,0,0,0,0,0,22,0,317
Sallisha,,,,FEMME,809,,0,0,27,0,0,0,0,0,0,0,0,0,0,0,0,27
Saltor,,,,HOMME,810,,0,0,0,0,0,0,4,0,0,0,0,0,0,0,0,4
Samvel,,,,HOMME,811,,0,18,0,0,0,0,0,0,0,0,0,0,0,0,3,21
Saneter,,,,HOMME,812,,0,0,0,0,0,89,0,0,0,0,0,12,0,0,0,101
Sangel,,,,HOMME,813,,0,2,0,0,0,4,3,0,39,0,4,0,23,20,13,108
Sanra,,,,FEMME,814,,0,0,0,0,0,0,0,0,0,22,0,0,0,0,0,22
Sarah,,,,FEMME,815,,1,0,0,0,0,0,0,0,0,0,0,0,0,0,0,1
Sarai,,,,FEMME,816,,0,0,6,0,0,0,0,0,0,0,0,0,0,0,0,6
Sarra,,,,FEMME,817,,0,0,17,0,0,0,0,0,0,0,0,0,0,0,0,17
Scallak,,,,HOMME,818,,0,0,0,0,0,4,0,0,0,0,0,0,0,0,0,4
Scand,,,,HOMME,819,,0,0,0,11,0,1,0,0,0,0,0,0,0,0,0,12
Sch’gall,,,,HOMME,820,,0,0,0,1,0,0,0,0,0,0,0,0,0,0,0,1
Sean,Connell,O’Connell,,HOMME,821,,545,0,6,0,0,0,0,0,0,0,0,0,0,3,0,554
Sebell,Sebel,Sevell,,HOMME,822,,0,45,0,0,0,42,49,0,7,1,209,326,58,161,149,1047
Sefal,,,,HOMME,823,,0,0,0,0,0,0,0,0,0,0,0,0,0,4,0,4
Sefran,,,,HOMME,824,,0,0,0,0,0,0,0,0,0,0,1,0,0,0,0,1
Segoina,,,,FEMME,825,,0,0,0,0,0,0,10,0,0,0,0,0,0,0,0,10
Sella,,,,FEMME,826,,0,0,0,1,0,1,1,0,0,47,1,0,0,0,0,51
Sellel,,,,HOMME,827,,0,0,0,0,0,0,4,0,0,0,0,0,0,0,0,4
Semment,,,,HOMME,828,,0,0,0,1,0,1,0,0,0,0,0,0,0,0,0,2
Serubil,,,,HOMME,829,,0,0,0,0,0,0,0,0,0,0,0,0,0,0,7,7
Sev,Ritecamp,,,HOMME,830,,0,0,0,0,0,0,16,0,0,0,0,0,0,0,1,17
Severeid,,,,,831,,0,0,0,0,0,0,1,0,0,0,0,0,0,0,0,1
Sh’gall,,,,HOMME,832,,0,0,0,211,7,2,0,0,0,0,0,0,0,0,0,220
Shadder,,,,HOMME,833,,0,0,0,10,0,1,0,0,0,0,0,0,0,0,0,11
Shankolin,Glasstol de Crom,,,HOMME,834,,0,0,0,0,0,0,0,0,0,0,0,0,0,0,29,29
Shanna,,,,,835,,0,0,4,0,0,0,0,0,0,0,0,0,0,0,0,4
Sharra,,,,FEMME,837,,0,3,0,0,0,149,0,0,0,0,0,34,234,279,86,785
Sharra,Sharrie,,,FEMME,836,,0,3,0,0,0,150,0,0,0,0,0,34,234,279,86,786
Shavva,Fahroud,,,FEMME,838,,7,0,0,0,0,0,0,0,0,0,0,0,0,0,0,7
Shawan,,,,HOMME,839,,0,0,0,0,0,0,0,0,0,0,0,0,0,5,0,5
Sheledon,Shel,,,HOMME,840,,0,0,61,0,0,0,0,0,0,0,0,0,0,0,0,61
Sherris,,,,HOMME,841,,0,0,0,0,0,0,0,0,0,0,0,5,0,0,0,5
Sheve,,,,HOMME,842,,0,0,0,0,0,0,4,0,0,0,0,0,0,0,0,4
Shih,Lao,,,,843,,3,0,2,0,0,0,0,0,0,0,0,0,0,0,0,5
Shonagar,,,,HOMME,844,,0,0,0,0,0,1,34,0,0,0,60,35,0,1,0,131
Shonagor,,,,HOMME,845,,0,0,0,0,0,0,0,0,0,0,1,0,0,0,0,1
Shulse,,,,HOMME,846,,0,0,4,0,0,0,0,0,0,0,0,0,0,0,0,4
Shuvin,,,,HOMME,847,,8,0,0,0,0,0,0,0,0,0,0,0,0,0,0,8
Sicca,,,,FEMME,848,,0,0,0,0,0,0,0,0,0,0,0,0,0,0,1,1
Sifer,,,,HOMME,849,,0,0,0,0,0,22,1,0,18,0,0,0,0,1,0,42
Sigomal,,,,HOMME,850,,0,0,0,0,0,0,0,0,0,0,0,0,0,52,0,52
Sigomel,,,,,851,,0,0,0,0,0,0,0,0,0,0,0,0,1,0,0,1
Silga,,,,FEMME,852,,0,0,0,1,0,1,0,0,0,0,0,0,0,3,0,5
Silon,,,,,854,,0,0,0,0,0,0,0,0,1,0,0,0,0,0,0,1
Silton,,,,HOMME,855,,0,0,0,0,0,0,0,0,0,0,0,0,0,2,0,2
Silvana,,,,FEMME,856,,0,0,0,0,0,0,4,0,0,0,1,0,4,0,0,9
Silvina,,,,FEMME,857,,0,0,0,0,0,1,44,0,0,0,220,74,5,0,0,344
Sim,,,,FEMME,858,,0,0,0,2,26,1,0,0,0,0,0,0,0,0,0,29
Sintary,,,,HOMME,859,,0,0,0,0,0,0,0,0,0,0,0,0,0,0,23,23
Sira,,,,FEMME,860,,1,0,0,0,3,1,0,0,0,0,0,0,0,0,0,5
Sirrie,,,,FEMME,861,,0,0,0,0,0,0,5,0,0,0,0,0,0,0,0,5
Sitta,,,,FEMME,862,,0,0,0,0,0,0,11,0,0,0,0,0,0,0,0,11
Sneel,,,,HOMME,863,,0,0,0,1,0,1,0,0,0,0,0,0,0,0,0,2
Sograny,,,,HOMME,864,,0,0,0,0,0,0,0,0,19,0,0,0,1,0,0,20
Solth,,,,FEMME,865,,0,0,0,0,0,0,0,0,1,0,0,0,0,1,1,3
Soover,,,,HOMME,866,,0,0,0,1,0,1,0,0,0,0,0,0,0,0,0,2
Soreel,,,,FEMME,867,,0,0,0,0,0,0,0,0,0,6,0,0,0,0,0,6
Sorka,,,,FEMME,868,,435,0,2,0,0,0,0,0,0,0,0,0,0,2,0,439
Sousmal,,,,HOMME,869,,0,0,0,0,0,0,0,0,0,0,0,0,0,2,1,3
Sparling,,,,HOMME,870,,0,0,0,0,0,0,0,0,0,0,0,0,0,0,3,3
St’ven,,,,HOMME,871,,0,0,0,0,0,0,0,0,0,0,0,0,0,0,20,20
Stella,,,,FEMME,872,,0,0,0,0,0,0,0,0,0,1,0,0,0,0,0,1
Stinar,,,,HOMME,874,,0,0,0,0,0,0,0,0,0,0,0,0,0,0,30,30
Stolla,,,,FEMME,875,,0,0,0,0,0,0,2,0,0,0,0,0,0,0,0,2
Struan,,,,HOMME,876,,0,0,0,0,0,0,1,0,0,0,0,0,0,0,0,1
Strud,,,,HOMME,877,,0,0,0,0,0,0,0,0,0,0,1,3,0,0,0,4
Sucho,,,,HOMME,878,,0,0,0,0,0,0,18,0,0,0,0,0,0,0,0,18
Sue,Havers,,,FEMME,879,,11,16,0,0,0,0,0,0,0,0,0,0,0,0,0,27
Sufur,,,,HOMME,880,,0,0,0,4,0,1,0,0,0,0,0,0,0,0,0,5
Suze,,,,FEMME,882,,0,0,5,0,0,0,0,0,0,0,0,0,0,0,0,5
Svenda,Olubushtu,,,FEMME,883,,11,0,0,0,0,0,0,0,0,0,0,0,0,0,0,11
Sydra,,,,FEMME,884,,0,0,20,0,0,0,0,0,0,0,0,0,0,0,0,20
T’bor,,,,FEMME,885,,0,7,0,0,0,2,0,25,180,1,0,7,3,2,0,227
T’bot,,,,,886,,0,0,0,0,0,1,0,0,0,0,0,0,0,0,0,1
T’dam,,,,HOMME,887,,0,0,34,0,0,0,0,0,0,0,0,0,0,0,0,34
T’gellan,,,,HOMME,888,,0,64,0,0,0,21,0,0,0,104,41,2,4,26,60,322
T’gor,,,,,889,,0,0,0,0,0,0,0,0,2,0,0,0,0,0,0,2
T’gran,,,,HOMME,890,,0,0,0,0,0,0,0,0,0,10,0,0,0,0,0,10
T’grel,,,,HOMME,891,,0,0,0,11,0,2,0,0,0,0,0,0,0,0,0,13
T’kil,,,,HOMME,892,,0,0,0,0,0,0,0,2,0,0,0,0,0,0,0,2
T’lan,,,,HOMME,894,,0,0,4,0,0,0,0,0,0,0,0,0,0,0,0,4
T’ledon,,,,,895,,0,0,0,0,0,0,0,0,0,0,1,0,0,0,0,1
T’lion,Gaddie,,,HOMME,896,,0,476,0,0,0,0,0,0,0,0,0,0,0,0,20,496
T’lonneg,,,,HOMME,897,,0,0,0,2,0,2,0,0,0,0,0,0,0,0,0,4
T’nure,,,,HOMME,898,,0,0,0,2,0,1,0,0,0,0,0,0,0,0,0,3
T’ragel,,,,HOMME,899,,0,0,0,2,0,1,0,0,0,0,0,0,0,0,0,3
T’ral,,,,HOMME,900,,0,0,0,7,0,1,0,0,0,0,0,0,0,0,0,8
T’ran,,,,,901,,0,0,0,0,0,0,0,0,0,0,0,0,1,0,0,1
T’reb,,,,HOMME,902,,0,0,0,0,0,0,0,0,34,0,0,0,0,0,0,34
T’red,,,,HOMME,903,,0,0,3,0,0,0,0,0,0,0,0,0,0,0,0,3
T’sen,,,,HOMME,905,,0,0,4,0,0,0,0,0,0,0,0,0,0,0,0,4
T’sum,,,,HOMME,906,,0,0,0,0,0,0,0,18,0,0,0,0,0,0,0,18
T’tel,T’lel,,,HOMME,907,,0,0,8,0,0,0,0,0,0,0,0,0,0,0,0,8
T’ton,,,,HOMME,908,,0,0,0,0,0,2,0,0,0,0,0,0,0,0,0,2
Tagetarl,Tag,,,HOMME,909,,0,1,0,0,0,0,0,0,6,0,0,1,0,17,200,225
Tai,,,,FEMME,910,,0,0,0,0,0,0,0,0,0,0,0,0,0,0,479,479
Talina,,,,FEMME,911,,0,0,0,0,0,0,0,0,15,0,1,0,0,0,12,28
Talmor,,,,HOMME,912,,0,13,0,0,0,0,0,0,6,0,59,2,0,0,0,80
Tanus,,,,HOMME,914,,0,0,0,0,0,0,0,0,0,1,0,0,0,0,0,1
Targus,,,,HOMME,916,,0,0,0,0,0,0,18,0,0,0,0,0,0,0,0,18
Tarrie,Chernoff,,,FEMME,917,,43,0,0,0,0,0,0,0,0,0,0,0,0,0,0,43
Tarvi,Andiyar,Andivar,,HOMME,918,,80,0,1,0,0,1,0,0,0,0,0,0,0,5,0,87
Tashkovich,,,,,919,,1,0,0,0,0,0,0,0,0,0,0,0,0,0,0,1
Tashvi,,,,HOMME,920,,0,0,42,0,0,0,0,0,0,0,0,0,0,0,0,42
Tawkin,,,,HOMME,921,,0,0,0,0,0,2,0,0,0,0,0,0,0,0,0,2
Tegger,,,,HOMME,923,,0,0,0,0,0,0,0,0,0,0,0,0,4,0,0,4
Tela,,,,FEMME,924,,0,0,0,0,0,0,2,6,0,0,0,0,0,0,0,8
Tellani,,,,FEMME,925,,0,0,0,8,0,1,0,0,0,0,0,0,0,0,0,9
Temma,,,,FEMME,926,,0,36,0,0,0,62,0,0,0,0,0,0,0,0,0,98
Tenna,,,,FEMME,927,,0,0,0,0,0,0,0,0,0,0,0,0,0,0,18,18
Terentel,,,,HOMME,928,,0,0,0,0,0,0,0,0,0,0,0,0,0,20,0,20
Terry,,,,HOMME,929,,0,1,0,0,0,1,0,0,72,0,0,0,0,20,0,94
Tesner,,,,HOMME,930,,0,0,0,0,0,0,2,0,0,0,0,0,0,0,0,2
Texur,,,,HOMME,931,,0,1,0,0,0,0,0,0,0,0,0,0,0,0,0,1
Thea,,,,FEMME,932,,0,0,24,0,0,0,0,0,0,0,0,0,0,0,0,24
Theng,,,,HOMME,934,,0,0,0,7,12,1,0,0,0,0,0,0,0,0,0,20
Théo,Force,,,HOMME,935,,19,16,31,24,6,29,29,42,20,15,11,24,26,27,28,347
Theskin,,,,HOMME,936,,0,0,0,0,14,1,0,0,0,0,0,0,0,0,0,15
Thomas,,,,HOMME,937,,0,0,6,0,0,0,0,0,0,0,0,0,0,0,0,6
Tikini,,,,HOMME,938,,0,2,0,0,0,0,0,0,0,0,0,0,0,0,0,2
Tilarek,,,,HOMME,939,,0,0,0,0,0,0,0,8,0,0,0,0,0,0,0,8
Tilgin,,,,HOMME,940,,0,0,0,0,0,0,0,0,0,0,0,18,0,0,0,18
Tilsit,,,,,941,,0,0,0,0,0,0,0,0,0,1,0,0,0,0,0,1
Timareen,,,,HOMME,942,,0,0,0,0,0,0,0,0,0,0,1,0,0,0,0,1
Timiny,Tim,,,HOMME,943,,0,0,0,0,0,0,0,0,0,0,13,13,0,0,0,26
Tinamon,,,,HOMME,944,,0,0,0,0,0,0,2,0,0,0,0,0,0,0,0,2
Tino,,,,HOMME,945,,0,0,0,0,0,10,0,0,0,0,0,0,0,0,0,10
Tippel,,,,HOMME,946,,0,0,0,0,0,0,0,0,0,0,0,0,0,0,3,3
Tirone,,,,HOMME,947,,0,0,0,112,28,2,0,0,0,0,0,0,0,0,0,142
Tisha,,,,FEMME,948,,0,0,87,0,0,0,0,0,0,0,0,0,0,0,0,87
Tolocamp,,,,HOMME,949,,0,0,0,124,46,7,0,0,0,0,0,0,0,0,0,177
Tom,Patrick,,,HOMME,950,,6,1,0,0,0,0,0,0,0,0,0,0,0,0,1,8
Tomlinson,,,,,951,,0,0,3,0,0,0,0,0,0,0,0,0,0,0,0,3
Tomol,,,,,952,,0,1,0,0,0,0,0,0,0,0,0,0,0,0,0,1
Tordril,,,,HOMME,953,,0,0,0,0,0,0,0,0,0,0,0,0,10,0,0,10
Torene,,,,FEMME,954,,0,0,0,0,0,0,0,3,0,0,0,0,0,0,0,3
Toric,,,,HOMME,955,,0,103,0,0,0,452,0,0,7,0,0,92,165,78,161,1058
Torjus,,,,HOMME,956,,0,0,0,0,0,0,0,0,0,0,0,0,0,0,2,2
Torlin,,,,HOMME,957,,0,0,0,0,0,0,2,0,0,0,0,0,0,0,0,2
Torlo,,,,HOMME,958,,0,0,0,0,0,0,0,0,0,0,0,0,0,0,47,47
Toronas,,,,HOMME,959,,0,2,0,0,0,0,0,0,0,0,0,0,0,14,10,26
Torsten,,,,HOMME,960,,0,0,0,0,0,2,0,0,0,0,0,0,0,0,0,2
Tortole,,,,HOMME,961,,0,0,0,0,0,0,18,0,0,0,0,0,0,0,0,18
Tosikin,,,,HOMME,962,,0,0,0,0,0,0,0,0,0,0,0,0,0,2,0,2
Tracey Train,,,,,963,,1,0,0,0,0,0,0,0,0,0,0,0,0,0,0,1
Tragger,,,,HOMME,964,,0,0,0,0,0,5,0,0,0,0,0,0,0,0,0,5
Traller,,,,HOMME,965,,0,0,0,0,0,0,7,0,0,0,0,0,0,0,0,7
Tranilty,,,,HOMME,966,,0,0,0,0,0,0,0,0,0,1,0,0,0,0,0,1
Trelbin,,,,HOMME,967,,0,0,0,0,1,1,0,0,0,0,0,0,0,0,0,2
Triana,,,,FEMME,968,,0,0,0,0,0,0,5,0,0,0,0,0,0,0,0,5
Tuck,,,,,970,,0,0,0,0,0,0,0,0,0,0,0,0,0,0,1,1
Tuero,,,,HOMME,972,,0,0,0,82,44,1,0,0,0,0,0,0,0,0,0,127
Tuero,,,,HOMME,971,,0,0,0,82,44,1,0,0,0,0,0,0,0,0,0,127
Tumara,,,,FEMME,973,,0,0,0,0,0,0,0,0,0,0,0,0,0,6,0,6
Tunge,,,,HOMME,974,,0,0,0,0,0,0,0,0,0,0,0,0,0,0,11,11
Turlon,,,,HOMME,975,,0,0,0,0,0,0,0,0,0,1,0,0,0,0,0,1
Turvine,Turving,,,HOMME,976,,0,0,0,3,0,2,0,0,0,0,0,0,0,0,0,5
Tuvor,,,,HOMME,977,,0,0,0,0,0,0,0,0,0,0,0,0,0,0,1,1
Twenone,,,,,978,,0,0,0,0,0,0,1,0,0,0,0,0,0,0,0,1
Ussie,,,,HOMME,979,,0,0,14,0,0,0,0,0,0,0,0,0,0,0,0,14
Usuai,,,,,980,,1,0,0,0,0,0,0,0,0,0,0,0,0,0,0,1
Uvor,,,,HOMME,981,,0,0,0,0,0,6,0,0,0,0,0,0,0,0,0,6
V’last,,,,HOMME,982,,0,0,5,0,0,0,0,0,0,0,0,0,0,0,0,5
V’line,,,,HOMME,983,,0,3,0,0,0,18,0,0,0,0,0,0,0,2,0,23
V’mul,,,,HOMME,984,,0,0,0,1,0,1,0,0,0,0,0,0,0,0,0,2
Valden,,,,HOMME,985,,0,0,0,0,0,0,2,0,0,0,0,0,0,0,0,2
Valli,Lieb,,,FEMME,986,,8,0,0,0,0,0,0,0,0,0,0,0,0,0,0,8
Valrol,,,,HOMME,987,,0,0,0,0,0,0,5,0,0,0,0,0,0,0,0,5
Vandentine,,,,HOMME,988,,0,0,0,0,0,0,0,0,0,0,0,0,0,2,0,2
Vander,,,,HOMME,989,,0,0,0,29,0,1,0,0,0,0,0,0,0,0,0,30
Venabil,,,,HOMME,992,,0,0,0,0,0,0,0,0,0,0,0,0,0,0,13,13
Vendross,,,,HOMME,993,,0,0,0,0,0,0,10,0,0,0,0,0,0,0,0,10
Vergerin,,,,HOMME,994,,0,0,91,0,0,0,0,0,0,0,0,0,0,0,0,91
Vesna,,,,FEMME,995,,0,0,0,0,0,0,6,0,0,0,0,0,0,0,0,6
Vessa,,,,FEMME,996,,0,0,0,0,0,0,0,0,0,0,0,0,0,0,1,1
Viderian,,,,HOMME,997,,0,0,0,0,0,0,0,0,0,0,7,0,0,0,0,7
Vieil Oncle,,,,HOMME,998,,0,0,0,0,0,0,0,0,0,23,2,0,0,0,0,25
Vincet,,,,HOMME,999,,0,0,0,0,0,14,0,11,5,0,0,0,0,0,0,30
Viredian,,,,HOMME,1000,,0,0,0,0,0,0,0,0,0,0,1,0,0,0,0,1
Virginia,,,,FEMME,1001,,0,0,0,0,0,0,0,1,0,0,0,0,0,0,0,1
Vormital,,,,HOMME,1002,,0,0,0,0,0,0,0,0,0,0,0,0,0,0,4,4
W’ter,,,,,1003,,0,0,0,1,0,1,0,0,0,0,0,0,0,0,0,2
Wade,Lorenzo,,,HOMME,1004,,7,0,0,0,0,0,0,0,0,0,0,0,0,0,0,7
Waine,,,,HOMME,1005,,0,0,10,0,0,0,0,0,0,0,0,0,0,0,0,10
Wanson,,,,HOMME,1006,,0,0,0,0,0,1,0,0,2,0,0,0,1,0,0,4
Wansor,,,,HOMME,1007,,0,1,0,0,0,12,0,0,56,0,1,0,67,16,82,235
Wansôr,,,,HOMME,1008,,0,0,0,0,0,0,0,0,0,0,1,0,0,0,0,1
Warbret,,,,HOMME,1009,,0,1,0,0,0,0,0,0,4,0,0,0,11,24,1,41
Warlow,,,,HOMME,1010,,0,0,0,0,0,0,0,0,0,0,0,0,0,0,3,3
Washell,Wachell,Wash,,HOMME,1011,,0,0,0,0,0,0,55,0,0,0,0,0,0,0,0,55
Wil,,,,FEMME,1012,,0,0,0,0,0,0,0,0,0,0,0,0,0,0,1,1
Wimmia,,,,FEMME,1013,,0,0,0,5,0,2,0,0,0,0,0,0,0,0,0,7
Winalla,,,,FEMME,1014,,0,0,0,0,0,0,7,0,0,0,0,0,0,0,0,7
Winnia,,,,,1015,,0,0,0,1,0,0,0,0,0,0,0,0,0,0,0,1
Wonegal,,,,HOMME,1016,,0,0,0,0,0,0,1,0,0,0,0,0,0,0,0,1
Wyzall,,,,HOMME,1017,,0,0,0,0,0,0,0,0,0,0,0,0,0,0,10,10
Xi,Chi,Yuen,,HOMME,1018,,6,0,0,0,0,0,0,0,0,0,0,0,0,0,0,6
Yanus,,,,HOMME,1019,,0,7,0,0,0,0,0,0,0,107,11,0,0,0,0,125
Yorag,,,,HOMME,1020,,0,0,0,0,0,0,1,0,0,0,0,0,0,0,0,1
Yvonne,Yves,,,,1021,,4,0,0,0,0,0,0,0,0,0,0,0,0,0,0,4
Z’gal,,,,,1022,,0,0,6,0,0,0,0,0,0,0,0,0,0,0,0,6
Z’ran,,,,HOMME,1023,,0,0,2,0,0,0,0,0,0,0,0,0,0,0,0,2
Zalla,,,,FEMME,1024,,0,0,0,0,0,0,0,0,0,0,0,0,0,0,2,2
Zewe,,,,HOMME,1025,,0,0,0,0,0,0,0,0,0,0,0,0,0,0,3,3
Zi,Ongola,,,HOMME,1026,,201,0,0,0,0,0,0,0,0,0,0,0,0,0,0,201
Zulaya,,,,FEMME,1027,,0,0,178,0,0,0,0,0,0,0,0,0,0,0,0,178
Zurg,,,,HOMME,1028,,0,0,0,0,0,0,0,9,9,0,0,0,0,9,1,28
