ID unique,Noms humains,Second nom,Troisième nom,Quatrième nom,ID unique,aliases
1,A. C.,Sopers,,,1,A. C. Sopers | Sopers | A. C.
2,A’dan,,,,2,A’dan
3,A’murry,,,,3,A’murry
4,Abula,,,,4,Abula
5,Abuna,,,,5,Abuna
6,Adessa,,,,6,Adessa
7,Adrea,Beljeth,,,7,Adrea Beljeth | Beljeth | Adrea
8,Afnor,,,,8,Afnor
9,Aida,,,,9,Aida
10,Aisling,Hempenstahl,,,10,Aisling Hempenstahl | Hempenstahl | Aisling
11,Albuna,,,,11,Albuna
12,Alda,,,,12,Alda
13,Aleki,,,,13,Aleki
14,Alemi,Onclemi,Lemi,,14,Alemi Onclemi Lemi | Alemi Onclemi | Onclemi Lemi | Alemi Lemi | Onclemi | Alemi | Lemi
15,Alessan,,,,15,Alessan
16,Alianne,Zulueta,,,16,Alianne Zulueta | Alianne | Zulueta
17,Aliena,Zuleita,,,17,Aliena Zuleita | Zuleita | Aliena
18,Almie,,,,18,Almie
19,Amilla,,,,19,Amilla
20,Ampris,,,,20,Ampris
21,Anama,,,,21,Anama
22,Anchoran,,,,22,Anchoran
23,Andemon,,,,23,Andemon
24,Ander,,,,24,Ander
25,Andremon,,,,25,Andremon
26,Anella,,,,26,Anella
27,Anguille,,,,27,Anguille
28,Anskono,,,,28,Anskono
29,Anta,,,,29,Anta
30,Aramina,Mina,Ara,,30,Aramina Mina Ara | Aramina Mina | Aramina Ara | Mina Ara | Aramina | Mina | Ara
31,Aranya,,,,31,Aranya
32,Armald,,,,32,Armald
33,Arminet,,,,33,Arminet
34,Armor,,,,34,Armor
35,Arnor,,,,35,Arnor
36,Arthied,Desi,,,36,Arthied Desi | Arthied | Desi
37,Asgenar,,,,37,Asgenar
38,Ashmichel,,,,38,Ashmichel
39,Athpathis,,,,39,Athpathis
40,Audiva,,,,40,Audiva
41,Avril,Bitra,,,41,Avril Bitra | Avril | Bitra
42,Azury,,,,42,Azury
43,B’dor,,,,43,B’dor
44,B’fol,,,,44,B’fol
45,B’greal,,,,45,B’greal
46,B’lerion,,,,46,B’lerion
47,B’naj,,,,47,B’naj
48,B’ner,,,,48,B’ner
49,B’nurrin,,,,49,B’nurrin
50,B’rant,,,,50,B’rant
51,B’refli,,,,51,B’refli
52,B’zon,,,,52,B’zon
53,Bahka,,,,53,Bahka
54,Baid,,,,54,Baid
55,Baldor,,,,55,Baldor
56,Balfor,,,,56,Balfor
57,Ballora,,,,57,Ballora
58,Banak,,,,58,Banak
59,Bandarek,,,,59,Bandarek
60,Banger,,,,60,Banger
61,Bantur,,,,61,Bantur
62,Barba,,,,62,Barba
63,Bardie,,,,63,Bardie
64,Bargen,,,,64,Bargen
65,Barla,,,,65,Barla
66,Barly,,,,66,Barly
67,Barndy,,,,67,Barndy
68,Barr,Hamil,,,68,Barr Hamil | Hamil | Barr
69,Bart,Lemos,,,69,Bart Lemos | Lemos | Bart
70,Basil,,,,70,Basil
71,Bastom,,,,71,Bastom
72,Batim,,,,72,Batim
73,Batunon,,,,73,Batunon
74,Bay,Harkenon,,,74,Bay Harkenon | Harkenon | Bay
75,Bedda,,,,75,Bedda
76,Bedella,,,,76,Bedella
77,Begamon,,,,77,Begamon
78,Belesdan,Belesden,,,78,Belesdan Belesden | Belesdan | Belesden
79,Belterac,,,,79,Belterac
80,Ben,,,,80,Ben
81,Bendarek,,,,81,Bendarek
82,Benelek,,,,82,Benelek
83,Benini,,,,83,Benini
84,Benis,,,,84,Benis
85,Benoria,,,,85,Benoria
86,Berchar,Berch,,,86,Berchar Berch | Berchar | Berch
87,Berdine,,,,87,Berdine
88,Besel,,,,88,Besel
89,Besic,,,,89,Besic
90,Bessel,,,,90,Bessel
91,Bessera,,,,91,Bessera
92,Bestrum,,,,92,Bestrum
93,Bethany,,,,93,Bethany
94,Betrice,,,,94,Betrice
95,Betsy,,,,95,Betsy
96,Betty,Musgrave,Blake,,96,Betty Musgrave Blake | Betty Musgrave | Musgrave Blake | Betty Blake | Musgrave | Betty | Blake
97,Bill,Duff,,,97,Bill Duff | Bill | Duff
98,Binness,,,,98,Binness
99,Birsan,,,,99,Birsan
100,Birto,,,,100,Birto
101,Blesserel,,,,101,Blesserel
102,Bloors,,,,102,Bloors
103,Bob,Jorgensen,,,103,Bob Jorgensen | Jorgensen | Bob
104,Bob,Jepson,,,104,Bob Jepson | Jepson | Bob
105,Bonna,,,,105,Bonna
106,Bonz,,,,106,Bonz
107,Boranda,,,,107,Boranda
108,Borel,,,,108,Borel
109,Borgald,Amhold,,,109,Borgald Amhold | Borgald | Amhold
110,Boris,Pahlevi,,,110,Boris Pahlevi | Pahlevi | Boris
111,Boskoney,,,,111,Boskoney
112,Bosler,,,,112,Bosler
113,Bourdon,,,,113,Bourdon
114,Brace,,,,114,Brace
115,Brahil,,,,115,Brahil
116,Brand,,,,116,Brand
117,Brare,,,,117,Brare
118,Brashia,,,,118,Brashia
119,Bravonner,,,,119,Bravonner
120,Breda,,,,120,Breda
121,Breide,,,,121,Breide
122,Brekke,Brekker,,,122,Brekke Brekker | Brekker | Brekke
123,Brenton,,,,123,Brenton
124,Brestolli,,,,124,Brestolli
125,Brever,,,,125,Brever
126,Briala,,,,126,Briala
127,Brian,,,,127,Brian
128,Briaret,,,,128,Briaret
129,Bridgely,,,,129,Bridgely
130,Brinaret,,,,130,Brinaret
131,Brindel,,,,131,Brindel
132,Brinna,,,,132,Brinna
133,Briskin,,,,133,Briskin
134,Bristol,,,,134,Bristol
135,Brodo,,,,135,Brodo
136,Brolly,,,,136,Brolly
137,Brookie,,,,137,Brookie
138,Brosil,,,,138,Brosil
139,Brudegan,Bruddie,,,139,Brudegan Bruddie | Brudegan | Bruddie
140,Burdion,,,,140,Burdion
141,C’gan,,,,141,C’gan
142,C’reel ,,,,142,C’reel
143,C’rob,,,,143,C’rob
144,C’tarel,,,,144,C’tarel
145,C’ver,,,,145,C’ver
146,C’vert,,,,146,C’vert
147,C’vrel,,,,147,C’vrel
148,Cabot,Francis,Carter,,148,Cabot Francis Carter | Francis Carter | Cabot Francis | Cabot Carter | Francis | Carter | Cabot
149,Caesar,Galliani,,,149,Caesar Galliani | Galliani | Caesar
150,Calewis,,,,150,Calewis
151,Camo,,,,151,Camo
152,Campen,,,,152,Campen
153,Campila,,,,153,Campila
154,Candler ,,,,154,Candler
155,Canell,,,,155,Canell
156,Capiam,,,,156,Capiam
157,Cara,,,,157,Cara
158,Carol,Duff,Vassaloe,,158,Carol Duff Vassaloe | Carol Vassaloe | Duff Vassaloe | Carol Duff | Vassaloe | Carol | Duff
159,Carola,,,,159,Carola
160,Caselon,,,,160,Caselon
161,Catherine,Radelin,Doyle,,161,Catherine Radelin Doyle | Catherine Radelin | Catherine Doyle | Radelin Doyle | Catherine | Radelin | Doyle
162,Cathy,,,,162,Cathy
163,Celina,,,,163,Celina
164,Ch’mon,,,,164,Ch’mon
165,Chad,,,,165,Chad
166,Chaila,Zavior,Kimmage,,166,Chaila Zavior Kimmage | Chaila Kimmage | Zavior Kimmage | Chaila Zavior | Kimmage | Chaila | Zavior
167,Chaldon,,,,167,Chaldon
168,Chalkin,,,,168,Chalkin
169,Chenoa,,,,169,Chenoa
170,Cherry,Duff,,,170,Cherry Duff | Cherry | Duff
171,Chesmic,,,,171,Chesmic
172,Chichis-Fusi,,,,172,Chichis-Fusi
173,Childon,,,,173,Childon
174,Chio-Chio,,,,174,Chio-Chio
175,Chochol,,,,175,Chochol
176,Chomas,,,,176,Chomas
177,Chris,MacArdle,Cooney,,177,Chris MacArdle Cooney | MacArdle Cooney | Chris MacArdle | Chris Cooney | MacArdle | Cooney | Chris
178,Christee,,,,178,Christee
179,Chuck,Havers,,,179,Chuck Havers | Havers | Chuck
180,Chuck,Kimmage,,,180,Chuck Kimmage | Kimmage | Chuck
181,Chung,,,,181,Chung
182,Ciparis,,,,182,Ciparis
183,Clagesh,,,,183,Clagesh
184,Clargesh,,,,184,Clargesh
185,Clell,,,,185,Clell
186,Clim,,,,186,Clim
187,Clisser,Cliss,,,187,Clisser Cliss | Clisser | Cliss
188,Clostan,,,,188,Clostan
189,Cobber,Alhinwa,,,189,Cobber Alhinwa | Alhinwa | Cobber
190,Cogneur,,,,190,Cogneur
191,Colmin,,,,191,Colmin
192,Conwy,,,,192,Conwy
193,Corana,,,,193,Corana
194,Cording,,,,194,Cording
195,Corman,,,,195,Corman
196,Cosira,,,,196,Cosira
197,Cr’not,,,,197,Cr’not
198,Creline,,,,198,Creline
199,Crenden,Cren,,,199,Crenden Cren | Crenden | Cren
200,Crivelan,Crivellan-aux-doigts-agiles,,,200,Crivelan Crivellan-aux-doigts-agiles | Crivellan-aux-doigts-agiles | Crivelan
201,Curella,,,,201,Curella
202,Curmir,,,,202,Curmir
203,Curran,,,,203,Curran
204,D’clan,,,,204,D’clan
205,D’fio,,,,205,D’fio
206,D’miel,,,,206,D’miel
207,D’namal,,,,207,D’namal
208,D’nek,,,,208,D’nek
209,D’nol,,,,209,D’nol
210,D’ram,,,,210,D’ram
211,D’say,,,,211,D’say
212,D’wer,,,,212,D’wer
213,Dag,,,,213,Dag
214,Dalma,,,,214,Dalma
215,Dalova,,,,215,Dalova
216,Danegga,,,,216,Danegga
217,Dangel,,,,217,Dangel
218,Danja,,,,218,Danja
219,Dannell,,,,219,Dannell
220,David,Catarel,Dave,,220,David Catarel Dave | David Catarel | Catarel Dave | David Dave | Catarel | David | Dave
221,Debera,Deb,,,221,Debera Deb | Debera | Deb
222,Decker,,,,222,Decker
223,Deckter,,,,223,Deckter
224,Declan,,,,224,Declan
225,Deece,,,,225,Deece
226,Deefer,,,,226,Deefer
227,Deegan,,,,227,Deegan
228,Deelan,,,,228,Deelan
229,Delart,,,,229,Delart
230,Denol,,,,230,Denol
231,Dermently,,,,231,Dermently
232,Desdra,,,,232,Desdra
233,Diatis,,,,233,Diatis
234,Dieter,Clissmann,,,234,Dieter Clissmann | Clissmann | Dieter
235,Diona,,,,235,Diona
236,Dirzan,,,,236,Dirzan
237,Domaize,,,,237,Domaize
238,Domick,,,,238,Domick
239,Dorai,,,,239,Dorai
240,Doral,,,,240,Doral
241,Dorse,,,,241,Dorse
242,Dowell,,,,242,Dowell
243,Drake,Bonneau,,,243,Drake Bonneau | Bonneau | Drake
244,Dresda,,,,244,Dresda
245,Dugall,,,,245,Dugall
246,Dulsay,,,,246,Dulsay
247,Dunca,,,,247,Dunca
248,Dunegrine,,,,248,Dunegrine
249,Durak,,,,249,Durak
250,Durras,,,,250,Durras
251,Dushik,,,,251,Dushik
252,Eddik,,,,252,Eddik
253,Effram,,,,253,Effram
254,Egara,,,,254,Egara
255,Elgion,,,,255,Elgion
256,Elimona,,,,256,Elimona
257,Emilin,,,,257,Emilin
258,Emily,Boll,Em,,258,Emily Boll Em | Emily Boll | Emily Em | Boll Em | Emily | Boll | Em
259,Empie,,,,259,Empie
260,Emsor,,,,260,Emsor
261,Eric,Hegelman,,,261,Eric Hegelman | Hegelman | Eric
262,Erkin,,,,262,Erkin
263,Erragon,,,,263,Erragon
264,Esrella,,,,264,Esrella
265,Esselin,,,,265,Esselin
266,Evan,,,,266,Evan
267,Evarel,,,,267,Evarel
268,Evelene,,,,268,Evelene
269,Evenek,,,,269,Evenek
270,Ezra,Keroon,,,270,Ezra Keroon | Keroon | Ezra
271,F’duril,,,,271,F’duril
272,F’gal,,,,272,F’gal
273,F’lar,Falla,Fallarnon,,273,F’lar Falla Fallarnon | Falla Fallarnon | F’lar Fallarnon | F’lar Falla | Fallarnon | Falla | F’lar
274,F’lessan,,,,274,F’lessan
275,F’lon,Falloner,,,275,F’lon Falloner | Falloner | F’lon
276,F’neldril,,,,276,F’neldril
277,F’nor,F’lor,,,277,F’nor F’lor | F’lor | F’nor
278,F’rad,,,,278,F’rad
279,F’tol,,,,279,F’tol
280,Fabry,,,,280,Fabry
281,Facenden,,,,281,Facenden
282,Falawny,,,,282,Falawny
283,Falga,,,,283,Falga
284,Famanoran,,,,284,Famanoran
285,Famira,,,,285,Famira
286,Fandarel,,,,286,Fandarel
287,Fanna,,,,287,Fanna
288,Farelly,,,,288,Farelly
289,Farevene,,,,289,Farevene
290,Farley,,,,290,Farley
291,Farnol,,,,291,Farnol
292,Faroguy,,,,292,Faroguy
293,Faselly,,,,293,Faselly
294,Fax,,,,294,Fax
295,Federen,,,,295,Federen
296,Feldon,,,,296,Feldon
297,Felena,,,,297,Felena
298,Felessan,Fesselan,,,298,Felessan Fesselan | Felessan | Fesselan
299,Felicia,,,,299,Felicia
300,Felim,,,,300,Felim
301,Fender,,,,301,Fender
302,Fenela,,,,302,Fenela
303,Ferfar,,,,303,Ferfar
304,Fergal,,,,304,Fergal
305,Ferina,,,,305,Ferina
306,Fesnal,,,,306,Fesnal
307,Fidello,,,,307,Fidello
308,Filatric,,,,308,Filatric
309,Finder,,,,309,Finder
310,Fira,,,,310,Fira
311,Fitatric,,,,311,Fitatric
312,Fleur,du Vent,,,312,Fleur du Vent | du Vent | Fleur
313,Florist,,,,313,Florist
314,Follen,,,,314,Follen
315,Fondarel,,,,315,Fondarel
316,Forris,,,,316,Forris
317,Fortine,,,,317,Fortine
318,Fosdak,,,,318,Fosdak
319,Franco,,,,319,Franco
320,Fransman,,,,320,Fransman
321,Frenkal,,,,321,Frenkal
322,Fromelin,,,,322,Fromelin
323,Fulmar,Stone,,,323,Fulmar Stone | Fulmar | Stone
324,Furet,,,,324,Furet
325,Furlo,,,,325,Furlo
326,G’bear,,,,326,G’bear
327,G’bol,,,,327,G’bol
328,G’dened,G’neded,,,328,G’dened G’neded | G’dened | G’neded
329,G’don,,,,329,G’don
330,G’drel,,,,330,G’drel
331,G’lanar,,,,331,G’lanar
332,G’nag,,,,332,G’nag
333,G’narish,,,,333,G’narish
334,G’ranad,,,,334,G’ranad
335,G’rannat,,,,335,G’rannat
336,G’ron,Giron,,,336,G’ron Giron | Giron | G’ron
337,G’sel,,,,337,G’sel
338,Gabin,,,,338,Gabin
339,Gabred,,,,339,Gabred
340,Gaby,,,,340,Gaby
341,Gallardy,,,,341,Gallardy
342,Gallen,,,,342,Gallen
343,Gallian,Galli,,,343,Gallian Galli | Gallian | Galli
344,Galnich,Galnish,,,344,Galnich Galnish | Galnich | Galnish
345,Galter,,,,345,Galter
346,Gana,,,,346,Gana
347,Gandidan,Gandiran,,,347,Gandidan Gandiran | Gandidan | Gandiran
348,Ganmar,,,,348,Ganmar
349,Garben,,,,349,Garben
350,Gardillon,,,,350,Gardillon
351,Gardner,,,,351,Gardner
352,Gardrow,,,,352,Gardrow
353,Garm,,,,353,Garm
354,Garrel,,,,354,Garrel
355,Gayton,,,,355,Gayton
356,Gedenase,,,,356,Gedenase
357,Geger,,,,357,Geger
358,Gellim,,,,358,Gellim
359,Gemma,,,,359,Gemma
360,Genjon,,,,360,Genjon
361,Gennell,,,,361,Gennell
362,Germathen,,,,362,Germathen
363,Gifflen,,,,363,Gifflen
364,Ginia,,,,364,Ginia
365,Gisa,,,,365,Gisa
366,Glammie,,,,366,Glammie
367,Glay,,,,367,Glay
368,Gledia,,,,368,Gledia
369,Gomalsi,,,,369,Gomalsi
370,Gorazde,,,,370,Gorazde
371,Gorby,,,,371,Gorby
372,Gorta,,,,372,Gorta
373,Gostol,,,,373,Gostol
374,Gram,,,,374,Gram
375,Grasella,,,,375,Grasella
376,Greg,Keating,,,376,Greg Keating | Keating | Greg
377,Greta,,,,377,Greta
378,Grevil,,,,378,Grevil
379,Grisella,,,,379,Grisella
380,Grodon,,,,380,Grodon
381,Grogellan,,,,381,Grogellan
382,Groghe,,,,382,Groghe
383,Gyorgy,,,,383,Gyorgy
384,H’ages,,,,384,H’ages
385,H’grave,,,,385,H’grave
386,H’mar,,,,386,H’mar
387,H’nalt,,,,387,H’nalt
388,H’nor,,,,388,H’nor
389,H’redan,,,,389,H’redan
390,Halanna,,,,390,Halanna
391,Halefor,,,,391,Halefor
392,Halibran,,,,392,Halibran
393,Haligon,,,,393,Haligon
394,Hally,,,,394,Hally
395,Hamian,,,,395,Hamian
396,Haura,,,,396,Haura
397,Hayara,,,,397,Hayara
398,Hayon,,,,398,Hayon
399,Hedelman,,,,399,Hedelman
400,Hegmon,,,,400,Hegmon
401,Heinrich,,,,401,Heinrich
402,Helly,,,,402,Helly
403,Hillegel,,,,403,Hillegel
404,Hittet,,,,404,Hittet
405,Hobson,,,,405,Hobson
406,Holht,,,,406,Holht
407,Horon,,,,407,Horon
408,Hosbon,,,,408,Hosbon
409,Iantine,Ian,,,409,Iantine Ian | Iantine | Ian
410,Idarolan,Iddie,,,410,Idarolan Iddie | Idarolan | Iddie
411,Idoralan,,,,411,Idoralan
412,Ifor,,,,412,Ifor
413,Irene,,,,413,Irene
414,Irtine,,,,414,Irtine
415,Isla,,,,415,Isla
416,Issony,,,,416,Issony
417,Ita,,,,417,Ita
418,Ivan,le Terrible,,,418,Ivan le Terrible | le Terrible | Ivan
419,J’dar,,,,419,J’dar
420,J’fery,,,,420,J’fery
421,J’lono,,,,421,J’lono
422,J’ralt,Jeralte,,,422,J’ralt Jeralte | Jeralte | J’ralt
423,Jacob,Chernoff,,,423,Jacob Chernoff | Chernoff | Jacob
424,Jake,Chernoff,,,424,Jake Chernoff | Chernoff | Jake
425,Jallora,,,,425,Jallora
426,Jamson,,,,426,Jamson
427,Janara,,,,427,Janara
428,Jancis,,,,428,Jancis
429,Jane,,,,429,Jane
430,Janissian,,,,430,Janissian
431,Jarrol,,,,431,Jarrol
432,Jaxom,Jax,,,432,Jaxom Jax | Jaxom | Jax
433,Jayge,Lilcamp,,,433,Jayge Lilcamp | Lilcamp | Jayge
434,Jemmy,,,,434,Jemmy
435,Jenfa,,,,435,Jenfa
436,Jerin,,,,436,Jerin
437,Jerint,,,,437,Jerint
438,Jerrint,,,,438,Jerrint
439,Jerry,Mercer,,,439,Jerry Mercer | Mercer | Jerry
440,Jesken,,,,440,Jesken
441,Jess,,,,441,Jess
442,Jessuan,,,,442,Jessuan
443,Jez,,,,443,Jez
444,Jim,Tillek,James,,444,Jim Tillek James | Tillek James | Jim Tillek | Jim James | Tillek | James | Jim
445,Jiro,Akamoto,,,445,Jiro Akamoto | Akamoto | Jiro
446,Jissamy,,,,446,Jissamy
447,Jivan,,,,447,Jivan
448,Joanson,,,,448,Joanson
449,Joe,Millan,,,449,Joe Millan | Millan | Joe
450,Joël,Lilienkamp,Joel,Lili,450,Joël Lilienkamp Joel | Joël Lilienkamp | Lilienkamp Joel | Lilienkamp | Joël Joel | Joel | Joël
451,Johnny ,Greene,,,451,Johnny Greene | Greene | Johnny
452,Jol,,,,452,Jol
453,Jonno,,,,453,Jonno
454,Jora,,,,454,Jora
455,Josetta,,,,455,Josetta
456,Ju,Adjai,Adjar,,456,Ju Adjai Adjar | Adjai Adjar | Ju Adjai | Ju Adjar | Adjai | Adjar | Ju
457,Jubb,,,,457,Jubb
458,Jule,,,,458,Jule
459,Juvana,,,,459,Juvana
460,K’dall,,,,460,K’dall
461,K’dor,,,,461,K’dor
462,K’dren,,,,462,K’dren
463,K’drin,,,,463,K’drin
464,K’lon ,,,,464,K’lon
465,K’nebel,,,,465,K’nebel
466,K’net,,,,466,K’net
467,K’van,,,,467,K’van
468,K’vin,Kev,,,468,K’vin Kev | K’vin | Kev
469,Kailey,,,,469,Kailey
470,Kale,,,,470,Kale
471,Kalem,,,,471,Kalem
472,Kaljan,,,,472,Kaljan
473,Kalvi,,,,473,Kalvi
474,Kami,,,,474,Kami
475,Kamiana,,,,475,Kamiana
476,Kamina,,,,476,Kamina
477,Kanadin,K’din,,,477,Kanadin K’din | Kanadin | K’din
478,Karenchok,,,,478,Karenchok
479,Kashman,,,,479,Kashman
480,Kasia,,,,480,Kasia
481,Kathy,Duff,,,481,Kathy Duff | Kathy | Duff
482,Kayla,,,,482,Kayla
483,Keita,,,,483,Keita
484,Kenalas,,,,484,Kenalas
485,Kenjo,Fusaiyuki,,,485,Kenjo Fusaiyuki | Fusaiyuki | Kenjo
486,Kepiru,,,,486,Kepiru
487,Ker,,,,487,Ker
488,Kern,,,,488,Kern
489,Ketrin,,,,489,Ketrin
490,Kevelon,,,,490,Kevelon
491,Kinsale,,,,491,Kinsale
492,Kinver,,,,492,Kinver
493,Kirnety,,,,493,Kirnety
494,Kista,,,,494,Kista
495,Kit,Ping,Kitti,,495,Kit Ping Kitti | Ping Kitti | Kit Kitti | Kit Ping | Kitti | Ping | Kit
496,Kitral,,,,496,Kitral
497,Kitrin,,,,497,Kitrin
498,Kizan,,,,498,Kizan
499,Klada,,,,499,Klada
500,Kubisa,,,,500,Kubisa
501,Kulan,,,,501,Kulan
502,Kulla,,,,502,Kulla
503,Kung,,,,503,Kung
504,Kurt,,,,504,Kurt
505,Kwan ,Marceau,,,505,Kwan Marceau | Marceau | Kwan
506,Kylara,,,,506,Kylara
507,Kylos,,,,507,Kylos
508,L’bol,,,,508,L’bol
509,L’mal,,,,509,L’mal
510,L’rad,,,,510,L’rad
511,L’rayl,,,,511,L’rayl
512,L’sur,,,,512,L’sur
513,L’tol,Lytol,Lytonal,,513,L’tol Lytol Lytonal | Lytol Lytonal | L’tol Lytonal | L’tol Lytol | Lytonal | Lytol | L’tol
514,L’trel,,,,514,L’trel
515,L’vin,,,,515,L’vin
516,L’zal,,,,516,L’zal
517,L’zan,,,,517,L’zan
518,Laela,,,,518,Laela
519,Laland,,,,519,Laland
520,Lally,Moorhouse,,,520,Lally Moorhouse | Moorhouse | Lally
521,Landon,,,,521,Landon
522,Langrell,,,,522,Langrell
523,Larad,,,,523,Larad
524,Laradian,,,,524,Laradian
525,Larna,Lama,,,525,Larna Lama | Larna | Lama
526,Laudey,,,,526,Laudey
527,Lauley,,,,527,Lauley
528,Laura,,,,528,Laura
529,Lavel,,,,529,Lavel
530,Layrence,,,,530,Layrence
531,Lear,,,,531,Lear
532,Lechi,,,,532,Lechi
533,Leef,Leff,,,533,Leef Leff | Leef | Leff
534,Lemsia,,,,534,Lemsia
535,Lensdale,,,,535,Lensdale
536,Léo,Léopol,,,536,Léo Léopol | Léopol | Léo
537,Leri,,,,537,Leri
538,Lesnour,,,,538,Lesnour
539,Lessa,,,,539,Lessa
540,Lesselam,,,,540,Lesselam
541,Lesselden,,,,541,Lesselden
542,Levalla,,,,542,Levalla
543,Lexey,,,,543,Lexey
544,Lias,,,,544,Lias
545,Libby,,,,545,Libby
546,Lidora,,,,546,Lidora
547,Ligand,,,,547,Ligand
548,Lilla,,,,548,Lilla
549,Lissala,,,,549,Lissala
550,Lobirn,,,,550,Lobirn
551,Lonada,,,,551,Lonada
552,Londik,,,,552,Londik
553,Loreana,,,,553,Loreana
554,Lorra,,,,554,Lorra
555,Losacot,,,,555,Losacot
556,Lotricia,,,,556,Lotricia
557,Lozell,,,,557,Lozell
558,Luccha,,,,558,Luccha
559,Lucil,,,,559,Lucil
560,Lucy,Tubberman,,,560,Lucy Tubberman | Tubberman | Lucy
561,Lur,,,,561,Lur
562,M’barak,,,,562,M’barak
563,M’dani,,,,563,M’dani
564,M’gent,,,,564,M’gent
565,M’hall,,,,565,M’hall
566,M’leng,,,,566,M’leng
567,M’ling,,,,567,M’ling
568,M’odon,,,,568,M’odon
569,M’rak,,,,569,M’rak
570,M’rand,,,,570,M’rand
571,M’ray,,,,571,M’ray
572,M’rek,,,,572,M’rek
573,M’ridin,,,,573,M’ridin
574,M’shall,,,,574,M’shall
575,M’sur,,,,575,M’sur
576,M’tani,,,,576,M’tani
577,Macabir,,,,577,Macabir
578,Macester,,,,578,Macester
579,Macy,,,,579,Macy
580,Magalia,,,,580,Magalia
581,Maidir,,,,581,Maidir
582,Mairi,,,,582,Mairi
583,Mairian,,,,583,Mairian
584,Maizella,,,,584,Maizella
585,Makfar,,,,585,Makfar
586,Mallan,,,,586,Mallan
587,Manora,,,,587,Manora
588,Manotti,,,,588,Manotti
589,Mar,Dook,,,589,Mar Dook | Dook | Mar
590,Mara,,,,590,Mara
591,Maranis,,,,591,Maranis
592,Marcator,,,,592,Marcator
593,Marchane,,,,593,Marchane
594,Marcine,,,,594,Marcine
595,Marco,Galliani,,,595,Marco Galliani | Galliani | Marco
596,Mardra,,,,596,Mardra
597,Mardy,,,,597,Mardy
598,Marella,,,,598,Marella
599,Margatta,,,,599,Margatta
600,Mari,,,,600,Mari
601,Marley,,,,601,Marley
602,Marlifin,,,,602,Marlifin
603,Marshal,,,,603,Marshal
604,Mary,Tubberman,,,604,Mary Tubberman | Tubberman | Mary
605,Matsen,,,,605,Matsen
606,Mattew,Matt,,,606,Mattew Matt | Mattew | Matt
607,Mavi,,,,607,Mavi
608,Maxilant,,,,608,Maxilant
609,Maylone,,,,609,Maylone
610,Mechalla,,,,610,Mechalla
611,Medaman,,,,611,Medaman
612,Medda,,,,612,Medda
613,Mekelroy,Pinch,,,613,Mekelroy Pinch | Mekelroy | Pinch
614,Melongel,,,,614,Melongel
615,Menolly,Nolly,Monolly,,615,Menolly Nolly Monolly | Menolly Monolly | Menolly Nolly | Nolly Monolly | Menolly | Monolly | Nolly
616,Mercia,,,,616,Mercia
617,Merdine,,,,617,Merdine
618,Merelan,,,,618,Merelan
619,Merika,,,,619,Merika
620,Merin,,,,620,Merin
621,Meron,,,,621,Meron
622,Mesla,,,,622,Mesla
623,Miata,,,,623,Miata
624,Mibbut,,,,624,Mibbut
625,Michael,,,,625,Michael
626,Mick,,,,626,Mick
627,Mickulin,,,,627,Mickulin
628,Milla,,,,628,Milla
629,Minnarden,,,,629,Minnarden
630,Miridan,,,,630,Miridan
631,Mirrim,,,,631,Mirrim
632,Miskin,,,,632,Miskin
633,Mislue,,,,633,Mislue
634,Moreta,Moretta,,,634,Moreta Moretta | Moretta | Moreta
635,Morif,,,,635,Morif
636,Morilton,,,,636,Morilton
637,Morin,,,,637,Morin
638,Morshal,Morshall,,,638,Morshal Morshall | Morshall | Morshal
639,Mosser,,,,639,Mosser
640,Mostar,,,,640,Mostar
641,Mumolon,,,,641,Mumolon
642,Munchaun,,,,642,Munchaun
643,Murda,,,,643,Murda
644,Murfytwen,,,,644,Murfytwen
645,Murolin,,,,645,Murolin
646,N’bil,,,,646,N’bil
647,N’gent,,,,647,N’gent
648,N’men,,,,648,N’men
649,N’mool,,,,649,N’mool
650,N’ran,N’nan,,,650,N’ran N’nan | N’nan | N’ran
651,N’ton,,,,651,N’ton
652,Nabhi,Nabol,,,652,Nabhi Nabol | Nabhi | Nabol
653,Nadira,,,,653,Nadira
654,Nadona,,,,654,Nadona
655,Nalka,,,,655,Nalka
656,Namurra,,,,656,Namurra
657,Naprila,,,,657,Naprila
658,Nataly,,,,658,Nataly
659,Naton,,,,659,Naton
660,Nattai,,,,660,Nattai
661,Naylor,,,,661,Naylor
662,Nazer,,,,662,Nazer
663,Ned,Tubberman,,,663,Ned Tubberman | Tubberman | Ned
664,Neilla,,,,664,Neilla
665,Neldama,,,,665,Neldama
666,Nera,,,,666,Nera
667,Nessel,,,,667,Nessel
668,Nesso,,,,668,Nesso
669,Nia,,,,669,Nia
670,Nicat,,,,670,Nicat
671,Nika,,,,671,Nika
672,Niness,,,,672,Niness
673,Nip,,,,673,Nip
674,Nora,Sejby,,,674,Nora Sejby | Sejby | Nora
675,Norist,,,,675,Norist
676,Norman,,,,676,Norman
677,Nurevin,,,,677,Nurevin
678,Nyassa,Clissmann,,,678,Nyassa Clissmann | Clissmann | Nyassa
679,O’ney,,,,679,O’ney
680,Ogolly,,,,680,Ogolly
681,Oharan,,,,681,Oharan
682,Oklina,,,,682,Oklina
683,Oldive,,,,683,Oldive
684,Olodkey,,,,684,Olodkey
685,Olos,,,,685,Olos
686,Oma,,,,686,Oma
687,Orna,,,,687,Orna
688,Osemore,,,,688,Osemore
689,Oterel,,,,689,Oterel
690,Otto,Hegelman,,,690,Otto Hegelman | Hegelman | Otto
691,Ozzie,Munson,Oz,,691,Ozzie Munson Oz | Ozzie Munson | Munson Oz | Ozzie Oz | Munson | Ozzie | Oz
692,P’leen,,,,692,P’leen
693,P’nine,,,,693,P’nine
694,P’ratan,,,,694,P’ratan
695,P’tero,,,,695,P’tero
696,P’zar,,,,696,P’zar
697,Palim,,,,697,Palim
698,Palla,,,,698,Palla
699,Pardure,,,,699,Pardure
700,Parren,,,,700,Parren
701,Pat,Hempenstall,,,701,Pat Hempenstall | Hempenstall | Pat
702,Patrice,de Broglie,,,702,Patrice de Broglie | de Broglie | Patrice
703,Patry,,,,703,Patry
704,Patsy,Swann,,,704,Patsy Swann | Patsy | Swann
705,Paul,Benden,,,705,Paul Benden | Benden | Paul
706,Paul,Logorides,,,706,Paul Logorides | Logorides | Paul
707,Paulin,,,,707,Paulin
708,Pell,,,,708,Pell
709,Pellomar,,,,709,Pellomar
710,Pendora,,,,710,Pendora
711,Pendra,,,,711,Pendra
712,Pergamol,,,,712,Pergamol
713,Perschar,Pershar,,,713,Perschar Pershar | Perschar | Pershar
714,Persellan,,,,714,Persellan
715,Pessia,,,,715,Pessia
716,Petan,,,,716,Petan
717,Peter,Semling,,,717,Peter Semling | Semling | Peter
718,Peterpar,,,,718,Peterpar
719,Petey,Pete,,,719,Petey Pete | Petey | Pete
720,Peth,,,,720,Peth
721,Petillo,,,,721,Petillo
722,Petiron,,,,722,Petiron
723,Phas,Radamanth,,,723,Phas Radamanth | Radamanth | Phas
724,Piemur,,,,724,Piemur
725,Pierre,de Courcis,,,725,Pierre de Courcis | de Courcis | Pierre
726,Pilgra,,,,726,Pilgra
727,Pol ,Nietro,,,727,Pol Nietro | Nietro | Pol
728,Pona,,,,728,Pona
729,Porrig,Connell,,,729,Porrig Connell | Connell | Porrig
730,Possil,,,,730,Possil
731,Pragal,,,,731,Pragal
732,Pressen,,,,732,Pressen
733,Prilla,,,,733,Prilla
734,Quitrin,,,,734,Quitrin
735,R’gul,Rangul,,,735,R’gul Rangul | Rangul | R’gul
736,R’limeak,,,,736,R’limeak
737,R’mart,,,,737,R’mart
738,R’miel,R’mel,,,738,R’miel R’mel | R’miel | R’mel
739,R’nor,,,,739,R’nor
740,R’yar,,,,740,R’yar
741,Raid,,,,741,Raid
742,Raïd,,,,742,Raïd
743,Ram,Da,,,743,Ram Da | Ram | Da
744,Ramala,,,,744,Ramala
745,Rammany,,,,745,Rammany
746,Rampesi,,,,746,Rampesi
747,Randy,,,,747,Randy
748,Ranly,,,,748,Ranly
749,Rannelly,Rannely,,,749,Rannelly Rannely | Rannelly | Rannely
750,Ranneth,,,,750,Ranneth
751,Ranrel,,,,751,Ranrel
752,Rapal,,,,752,Rapal
753,Rasa,,,,753,Rasa
754,Ratoshigan,Ratoshinga,,,754,Ratoshigan Ratoshinga | Ratoshigan | Ratoshinga
755,Readis,,,,755,Readis
756,Red,Hanrahan,,,756,Red Hanrahan | Hanrahan | Red
757,Relna,,,,757,Relna
758,Rency,,,,758,Rency
759,René,Mallibeau,,,759,René Mallibeau | Mallibeau | René
760,Ricardy,,,,760,Ricardy
761,Richud,,,,761,Richud
762,Rill,Nerilka,,,762,Rill Nerilka | Nerilka | Rill
763,Riller,,,,763,Riller
764,Robina,,,,764,Robina
765,Robinton,Rob,Robie,,765,Robinton Rob Robie | Robinton Robie | Robinton Rob | Rob Robie | Robinton | Robie | Rob
766,Roblyn,,,,766,Roblyn
767,Robse,,,,767,Robse
768,Rokayas,,,,768,Rokayas
769,Ronchin,,,,769,Ronchin
770,Rosheen,,,,770,Rosheen
771,Rudi,Shwartz,Rudolph,,771,Rudi Shwartz Rudolph | Shwartz Rudolph | Rudi Rudolph | Rudi Shwartz | Rudolph | Shwartz | Rudi
772,Rulyar,,,,772,Rulyar
773,Runel,,,,773,Runel
774,S’bran,,,,774,S’bran
775,S’dra,,,,775,S’dra
776,S’gar,,,,776,S’gar
777,S’gor,,,,777,S’gor
778,S’goral,,,,778,S’goral
779,S’lan,Selessan,Sellie,,779,S’lan Selessan Sellie | Selessan Sellie | S’lan Selessan | S’lan Sellie | Selessan | Sellie | S’lan
780,S’lel,,,,780,S’lel
781,S’len,,,,781,S’len
782,S’ligar,,,,782,S’ligar
783,S’loner,,,,783,S’loner
784,S’mon,Thomas,,,784,S’mon Thomas | Thomas | S’mon
785,S’nan,,,,785,S’nan
786,S’peren,,,,786,S’peren
787,S’rond,,,,787,S’rond
788,Sabra,Ongola,Stein,,788,Sabra Ongola Stein | Ongola Stein | Sabra Ongola | Sabra Stein | Ongola | Sabra | Stein
789,Saday,,,,789,Saday
790,Sagassy,,,,790,Sagassy
791,Sal,,,,791,Sal
792,Salda,,,,792,Salda
793,Sallah ,Telgar-Andiyar,,,793,Sallah Telgar-Andiyar | Telgar-Andiyar | Sallah
794,Sallisha,,,,794,Sallisha
795,Saltor,,,,795,Saltor
796,Samvel,,,,796,Samvel
797,Saneter,,,,797,Saneter
798,Sangel,,,,798,Sangel
799,Sanra,,,,799,Sanra
800,Sarah,,,,800,Sarah
801,Sarai,,,,801,Sarai
802,Sarra,,,,802,Sarra
803,Scallak,,,,803,Scallak
804,Scand,,,,804,Scand
805,Sch’gall,,,,805,Sch’gall
806,Sean,Connell,O’Connell,,806,Sean Connell O’Connell | Connell O’Connell | Sean O’Connell | Sean Connell | O’Connell | Connell | Sean
807,Sebell,Sebel,Sevell,,807,Sebell Sebel Sevell | Sebell Sevell | Sebel Sevell | Sebell Sebel | Sebell | Sevell | Sebel
808,Sefal,,,,808,Sefal
809,Sefran,,,,809,Sefran
810,Segoina,,,,810,Segoina
811,Sella,,,,811,Sella
812,Sellel,,,,812,Sellel
813,Semment,,,,813,Semment
814,Serubil,,,,814,Serubil
815,Sev,Ritecamp,,,815,Sev Ritecamp | Ritecamp | Sev
816,Severeid,,,,816,Severeid
817,Sh’gall,,,,817,Sh’gall
818,Shadder,,,,818,Shadder
819,Shankolin,Glasstol de Crom,,,819,Shankolin Glasstol de Crom | Glasstol de Crom | Shankolin
820,Shanna,,,,820,Shanna
821,Sharra,Sharrie,,,821,Sharra Sharrie | Sharrie | Sharra
822,Shavva,Fahroud,,,822,Shavva Fahroud | Fahroud | Shavva
823,Shawan,,,,823,Shawan
824,Sheledon,Shel,,,824,Sheledon Shel | Sheledon | Shel
825,Sherris,,,,825,Sherris
826,Sheve,,,,826,Sheve
827,Shih,Lao,,,827,Shih Lao | Shih | Lao
828,Shonagar,,,,828,Shonagar
829,Shonagor,,,,829,Shonagor
830,Shulse,,,,830,Shulse
831,Shuvin,,,,831,Shuvin
832,Sicca,,,,832,Sicca
833,Sifer,,,,833,Sifer
834,Sigomal,,,,834,Sigomal
835,Sigomel,,,,835,Sigomel
836,Silga,,,,836,Silga
837,Silma,,,,837,Silma
838,Silon,,,,838,Silon
839,Silton,,,,839,Silton
840,Silvana,,,,840,Silvana
841,Silvina,,,,841,Silvina
842,Sim,,,,842,Sim
843,Sintary,,,,843,Sintary
844,Sira,,,,844,Sira
845,Sirrie,,,,845,Sirrie
846,Sitta,,,,846,Sitta
847,Sneel,,,,847,Sneel
848,Sograny,,,,848,Sograny
849,Solth,,,,849,Solth
850,Soover,,,,850,Soover
851,Soreel,,,,851,Soreel
852,Sorka,,,,852,Sorka
853,Sousmal,,,,853,Sousmal
854,Sparling,,,,854,Sparling
855,St’ven,,,,855,St’ven
856,Stella,,,,856,Stella
857,Stev,Kimmer,,,857,Stev Kimmer | Kimmer | Stev
858,Stinar,,,,858,Stinar
859,Stolla,,,,859,Stolla
860,Struan,,,,860,Struan
861,Strud,,,,861,Strud
862,Sucho,,,,862,Sucho
863,Sue,Havers,,,863,Sue Havers | Havers | Sue
864,Sufur,,,,864,Sufur
865,Suriana,,,,865,Suriana
866,Suze,,,,866,Suze
867,Svenda,Olubushtu,,,867,Svenda Olubushtu | Olubushtu | Svenda
868,Sydra,,,,868,Sydra
869,T’bor,,,,869,T’bor
870,T’bot,,,,870,T’bot
871,T’dam,,,,871,T’dam
872,T’gellan,,,,872,T’gellan
873,T’gor,,,,873,T’gor
874,T’gran,,,,874,T’gran
875,T’grel,,,,875,T’grel
876,T’kil,,,,876,T’kil
877,T’kul,T’kull,,,877,T’kul T’kull | T’kull | T’kul
878,T’lan,,,,878,T’lan
879,T’ledon,,,,879,T’ledon
880,T’lion,Gaddie,,,880,T’lion Gaddie | Gaddie | T’lion
881,T’lonneg,,,,881,T’lonneg
882,T’nure,,,,882,T’nure
883,T’ragel,,,,883,T’ragel
884,T’ral,,,,884,T’ral
885,T’ran,,,,885,T’ran
886,T’reb,,,,886,T’reb
887,T’red,,,,887,T’red
888,T’ron,,,,888,T’ron
889,T’sen,,,,889,T’sen
890,T’sum,,,,890,T’sum
891,T’tel,T’lel,,,891,T’tel T’lel | T’lel | T’tel
892,T’ton,,,,892,T’ton
893,Tagetarl,Tag,,,893,Tagetarl Tag | Tagetarl | Tag
894,Tai,,,,894,Tai
895,Talina,,,,895,Talina
896,Talmor,,,,896,Talmor
897,Talpan,,,,897,Talpan
898,Tanus,,,,898,Tanus
899,Tarathel,,,,899,Tarathel
900,Targus,,,,900,Targus
901,Tarrie,Chernoff,,,901,Tarrie Chernoff | Chernoff | Tarrie
902,Tarvi,Andiyar,Andivar,,902,Tarvi Andiyar Andivar | Andiyar Andivar | Tarvi Andivar | Tarvi Andiyar | Andivar | Andiyar | Tarvi
903,Tashkovich,,,,903,Tashkovich
904,Tashvi,,,,904,Tashvi
905,Tawkin,,,,905,Tawkin
906,Ted ,Tubberman,Tubbermann,,906,Ted Tubberman Tubbermann | Tubberman Tubbermann | Ted Tubbermann | Ted Tubberman | Tubbermann | Tubberman | Ted
907,Tegger,,,,907,Tegger
908,Tela,,,,908,Tela
909,Tellani,,,,909,Tellani
910,Temma,,,,910,Temma
911,Tenna,,,,911,Tenna
912,Terentel,,,,912,Terentel
913,Terry,,,,913,Terry
914,Tesner,,,,914,Tesner
915,Texur,,,,915,Texur
916,Thea,,,,916,Thea
917,Thella,,,,917,Thella
918,Theng,,,,918,Theng
919,Théo,Force,,,919,Théo Force | Force | Théo
920,Theskin,,,,920,Theskin
921,Tikini,,,,921,Tikini
922,Tilarek,,,,922,Tilarek
923,Tilgin,,,,923,Tilgin
924,Tilsit,,,,924,Tilsit
925,Timareen,,,,925,Timareen
926,Timiny,Tim,,,926,Timiny Tim | Timiny | Tim
927,Tinamon,,,,927,Tinamon
928,Tino,,,,928,Tino
929,Tippel,,,,929,Tippel
930,Tirone,,,,930,Tirone
931,Tisha,,,,931,Tisha
932,Tolocamp,,,,932,Tolocamp
933,Tom,Patrick,,,933,Tom Patrick | Patrick | Tom
934,Tomlinson,,,,934,Tomlinson
935,Tomol,,,,935,Tomol
936,Tordril,,,,936,Tordril
937,Torene,,,,937,Torene
938,Toric,,,,938,Toric
939,Torjus,,,,939,Torjus
940,Torlin,,,,940,Torlin
941,Torlo,,,,941,Torlo
942,Toronas,,,,942,Toronas
943,Torsten,,,,943,Torsten
944,Tortole,,,,944,Tortole
945,Tosikin,,,,945,Tosikin
946,Tracey Train,,,,946,Tracey Train
947,Tragger,,,,947,Tragger
948,Traller,,,,948,Traller
949,Tranilty,,,,949,Tranilty
950,Trelbin,,,,950,Trelbin
951,Triana,,,,951,Triana
952,Trume,,,,952,Trume
953,Tuck,,,,953,Tuck
954,Tuero,,,,954,Tuero
955,Tumara,,,,955,Tumara
956,Tunge,,,,956,Tunge
957,Turlon,,,,957,Turlon
958,Turvine,Turving,,,958,Turvine Turving | Turvine | Turving
959,Tuvor,,,,959,Tuvor
960,Twenone,,,,960,Twenone
961,Ussie,,,,961,Ussie
962,Usuai,,,,962,Usuai
963,Uvor,,,,963,Uvor
964,V’last,,,,964,V’last
965,V’line,,,,965,V’line
966,V’mul,,,,966,V’mul
967,Valden,,,,967,Valden
968,Valli,Lieb,,,968,Valli Lieb | Valli | Lieb
969,Valrol,,,,969,Valrol
970,Vandentine,,,,970,Vandentine
971,Vander,,,,971,Vander
972,Varena,Vanira,Nanira,,972,Varena Vanira Nanira | Vanira Nanira | Varena Nanira | Varena Vanira | Nanira | Vanira | Varena
973,Varney,,,,973,Varney
974,Venabil,,,,974,Venabil
975,Vendross,,,,975,Vendross
976,Vergerin,,,,976,Vergerin
977,Vesna,,,,977,Vesna
978,Vessa,,,,978,Vessa
979,Viderian,,,,979,Viderian
980,Vieil Oncle,,,,980,Vieil Oncle
981,Vincet,,,,981,Vincet
982,Viredian,,,,982,Viredian
983,Virginia,,,,983,Virginia
984,Vormital,,,,984,Vormital
985,W’ter,,,,985,W’ter
986,Wade,Lorenzo,,,986,Wade Lorenzo | Lorenzo | Wade
987,Waine,,,,987,Waine
988,Wanson,,,,988,Wanson
989,Wansor,,,,989,Wansor
990,Wansôr,,,,990,Wansôr
991,Warbret,,,,991,Warbret
992,Warlow,,,,992,Warlow
993,Washell,Wachell,Wash,,993,Washell Wachell Wash | Washell Wachell | Wachell Wash | Washell Wash | Wachell | Washell | Wash
994,Wil,,,,994,Wil
995,Wimmia,,,,995,Wimmia
996,Winalla,,,,996,Winalla
997,Winnia,,,,997,Winnia
998,Wonegal,,,,998,Wonegal
999,Wyzall,,,,999,Wyzall
1000,Xi,Chi,Yuen,,1000,Xi Chi Yuen | Chi Yuen | Xi Yuen | Xi Chi | Yuen | Chi | Xi
1001,Yanus,,,,1001,Yanus
1002,Yorag,,,,1002,Yorag
1003,Yvonne,Yves,,,1003,Yvonne Yves | Yvonne | Yves
1004,Z’gal,,,,1004,Z’gal
1005,Z’ran,,,,1005,Z’ran
1006,Zalla,,,,1006,Zalla
1007,Zewe,,,,1007,Zewe
1008,Zi,Ongola,,,1008,Zi Ongola | Ongola | Zi
1009,Zulaya,,,,1009,Zulaya
1010,Zurg,,,,1010,Zurg
